followers,following,posts,verified,bio,profile_pic,username_length,username_digits,ratio,fake
554,40313,1040,0,0,1,9,1,0.01,0
29687,40830,316,0,1,1,6,2,0.73,0
27226,48376,2476,1,0,1,14,2,0.56,0
17335,25099,671,1,1,0,5,4,0.69,0
46954,46135,2620,1,0,0,7,0,1.02,0
36903,29852,2387,1,1,0,6,0,1.24,0
33744,27748,3362,1,1,1,16,1,1.22,0
4783,5119,588,0,0,0,6,1,0.93,0
20856,38974,2877,0,0,0,19,0,0.54,0
49865,29485,623,0,1,0,19,0,1.69,0
15161,14386,1106,1,1,0,9,2,1.05,0
3990,33983,308,0,1,0,5,2,0.12,0
294,26466,256,0,0,0,19,3,0.01,0
42744,31660,4138,1,1,1,12,0,1.35,0
37108,27340,3994,1,0,1,12,1,1.36,0
36931,46101,542,0,1,1,9,1,0.8,0
27705,42620,3934,0,1,1,5,2,0.65,0
17948,3512,3150,1,1,0,10,4,5.11,0
27133,902,656,0,1,0,5,4,30.08,0
26426,33763,1599,1,1,0,10,2,0.78,0
22787,42211,2771,0,0,1,13,2,0.54,0
32532,4289,2815,1,1,0,7,0,7.58,0
47051,39520,1132,0,1,1,6,1,1.19,0
47806,39832,997,0,0,1,17,1,1.2,0
34548,6097,35,0,1,1,6,1,5.67,0
22093,17569,3277,0,1,0,18,0,1.26,0
27058,39639,1668,1,1,1,5,1,0.68,0
46534,30269,2305,1,0,1,8,0,1.54,0
48874,28615,201,1,0,1,6,5,1.71,0
37948,42662,3569,1,0,0,16,0,0.89,0
42000,2775,1594,1,1,0,18,0,15.14,0
22719,231,3619,0,1,1,12,5,98.35,0
49046,43675,1105,1,1,0,12,3,1.12,0
11955,2909,259,1,1,1,14,0,4.11,0
29353,28428,2918,1,0,0,19,4,1.03,0
32618,23242,136,1,0,1,19,5,1.4,0
16520,40247,1665,1,1,0,19,3,0.41,0
24162,40066,4672,0,1,1,10,2,0.6,0
39865,15035,3155,1,1,0,5,0,2.65,0
25508,9122,2769,0,1,0,12,4,2.8,0
23161,23341,2141,0,0,0,14,0,0.99,0
41501,18870,2749,1,0,0,10,2,2.2,0
38517,41221,257,1,1,1,13,5,0.93,0
44182,26379,1337,1,0,0,18,2,1.67,0
15202,176,1615,0,1,1,10,1,86.38,0
12806,26039,1351,1,0,1,15,2,0.49,0
48299,30021,1137,0,1,1,17,5,1.61,0
46139,7891,3876,0,0,0,6,1,5.85,0
35858,27404,4911,1,1,1,17,1,1.31,0
11029,25914,4250,1,0,0,7,2,0.43,0
47703,34091,376,0,0,1,13,2,1.4,0
19657,43481,1761,1,0,0,18,2,0.45,0
31887,43606,2109,1,1,1,15,2,0.73,0
47193,10855,3435,0,1,0,5,0,4.35,0
28475,2177,1781,0,0,0,9,4,13.08,0
35250,47035,157,0,0,1,14,5,0.75,0
14237,19612,2055,0,1,1,13,2,0.73,0
31609,45759,4176,1,0,1,7,2,0.69,0
19260,28778,1694,1,1,0,5,0,0.67,0
30059,41308,4318,0,1,0,7,0,0.73,0
424,9241,3067,0,0,1,11,3,0.05,0
21927,31483,2406,0,1,1,9,1,0.7,0
38065,40471,1715,1,0,0,16,0,0.94,0
7607,35523,2926,0,0,0,5,5,0.21,0
41183,32755,3790,1,1,0,11,0,1.26,0
37880,30946,3872,0,1,1,5,3,1.22,0
34263,21093,490,0,1,1,19,0,1.62,0
18326,20538,2010,0,0,1,15,2,0.89,0
4047,21847,1171,0,1,0,16,1,0.19,0
34548,34070,2116,0,0,0,17,1,1.01,0
22863,47315,4459,1,0,1,13,5,0.48,0
36155,30832,3869,1,1,1,17,5,1.17,0
12314,25592,3938,0,1,1,20,2,0.48,0
47721,14829,4245,0,0,0,9,0,3.22,0
34405,26554,979,0,0,0,16,2,1.3,0
12277,4256,4355,1,1,0,16,0,2.88,0
4484,1334,2299,1,0,0,11,1,3.36,0
34116,27949,2114,1,1,1,6,0,1.22,0
4073,43075,4787,0,0,1,12,0,0.09,0
3662,39044,3951,1,0,0,16,0,0.09,0
34308,34072,1129,1,1,0,20,2,1.01,0
33940,15372,823,0,1,0,7,5,2.21,0
16602,12671,1444,0,0,1,20,4,1.31,0
2894,6308,2747,1,0,0,6,2,0.46,0
16345,17205,1926,0,0,0,14,2,0.95,0
2458,20919,1345,0,1,0,12,5,0.12,0
13390,38942,3336,1,0,0,18,0,0.34,0
5707,31340,4172,0,1,0,19,4,0.18,0
49533,43645,867,0,0,1,15,4,1.13,0
22734,31156,4159,1,1,0,18,5,0.73,0
46583,49672,4411,0,0,1,17,4,0.94,0
17519,35808,3444,0,0,1,12,0,0.49,0
6923,8942,2817,0,0,0,8,4,0.77,0
25124,14428,1629,1,1,1,10,0,1.74,0
17102,21288,410,1,1,0,11,0,0.8,0
19720,9003,1395,1,0,0,18,0,2.19,0
31741,43019,135,1,1,0,12,5,0.74,0
30484,15767,4883,1,1,0,20,3,1.93,0
4172,41800,800,1,0,0,9,3,0.1,0
32481,45158,3747,0,1,0,5,5,0.72,0
32807,6701,4861,0,0,0,15,1,4.9,0
8940,19232,526,1,1,1,18,0,0.46,0
23900,18126,2198,1,0,1,12,3,1.32,0
4798,2355,1590,0,0,1,6,5,2.04,0
9215,26540,3036,1,1,0,7,1,0.35,0
25890,3579,13,0,0,1,10,2,7.23,0
9596,28884,4019,1,0,1,11,0,0.33,0
17428,30964,3525,0,0,0,5,2,0.56,0
46693,2032,2369,1,0,0,9,2,22.98,0
1627,2531,1235,1,1,0,5,2,0.64,0
21373,45711,4897,1,0,1,12,1,0.47,0
8401,13484,3900,1,1,1,8,3,0.62,0
37344,16228,2016,1,1,0,17,0,2.3,0
40105,16538,4369,0,0,1,15,0,2.43,0
14607,9414,2251,1,1,1,18,3,1.55,0
360,33218,2479,0,0,1,5,0,0.01,0
43357,5165,2034,1,0,1,16,3,8.39,0
34819,48131,3249,0,0,0,7,1,0.72,0
7428,1765,791,1,1,1,6,5,4.21,0
39919,18332,271,0,0,0,7,3,2.18,0
17865,45985,4844,0,1,0,8,2,0.39,0
44578,16354,1413,1,1,0,5,4,2.73,0
31520,30285,292,1,1,1,6,0,1.04,0
17502,36880,4359,0,0,0,11,1,0.47,0
41097,28934,4041,1,1,0,14,3,1.42,0
29634,29442,3693,0,0,1,7,5,1.01,0
48120,42266,1943,0,0,1,9,0,1.14,0
17168,27795,2169,0,0,0,14,4,0.62,0
18824,31128,3299,1,0,0,20,5,0.6,0
25966,26493,671,1,1,0,14,3,0.98,0
26343,46681,2210,1,0,1,7,0,0.56,0
19387,24725,669,0,1,0,6,2,0.78,0
28671,35651,342,0,1,0,16,1,0.8,0
46597,19905,3601,1,1,1,14,4,2.34,0
36553,26355,3446,1,1,0,10,3,1.39,0
31960,9526,3647,1,1,1,8,1,3.36,0
20288,21400,797,0,0,0,9,1,0.95,0
23040,29417,4027,0,0,0,11,5,0.78,0
39295,46684,2151,0,1,0,10,0,0.84,0
7116,29963,2478,0,0,1,20,5,0.24,0
21319,29104,2811,1,1,1,14,5,0.73,0
12308,49234,3045,0,0,1,18,5,0.25,0
49321,39508,3030,0,0,1,9,2,1.25,0
44358,39909,2859,1,0,1,9,1,1.11,0
24225,35867,1393,1,0,0,20,1,0.68,0
18399,13497,4848,1,1,0,18,0,1.36,0
4312,2533,753,0,1,1,13,0,1.7,0
32419,40137,4394,1,1,0,20,1,0.81,0
29583,6398,3224,0,0,0,6,5,4.62,0
42988,7364,3787,1,0,0,7,1,5.84,0
14177,6879,3114,0,1,1,15,0,2.06,0
12787,30778,3841,1,1,1,15,2,0.42,0
34290,6958,3532,0,1,1,7,5,4.93,0
8213,34840,432,0,1,0,20,5,0.24,0
40503,42774,4240,1,0,1,9,2,0.95,0
35980,14567,3988,0,0,0,10,1,2.47,0
35721,18996,3511,1,1,0,13,3,1.88,0
49697,12993,2668,1,0,0,8,1,3.82,0
8159,12658,2996,0,0,1,20,5,0.64,0
49811,27728,3465,0,0,1,12,5,1.8,0
15288,34761,931,0,1,0,12,2,0.44,0
1022,34875,4685,1,0,1,9,2,0.03,0
26607,43089,1334,1,1,0,13,1,0.62,0
39094,25241,2982,1,1,1,7,0,1.55,0
43839,36235,2859,1,1,1,14,0,1.21,0
48349,4512,4902,1,0,0,12,2,10.72,0
13289,2095,4007,1,0,1,14,1,6.34,0
6151,44836,348,1,1,1,18,0,0.14,0
12809,31496,2470,0,1,0,16,2,0.41,0
25053,655,4762,1,0,0,13,2,38.25,0
41170,43404,2625,0,0,0,10,2,0.95,0
33657,40781,2053,0,1,0,16,2,0.83,0
13895,39470,3409,0,1,0,20,3,0.35,0
8330,20053,1357,1,1,1,12,3,0.42,0
31489,32843,318,0,1,0,15,1,0.96,0
18418,36897,1622,0,0,0,19,4,0.5,0
26676,42078,2931,0,0,1,8,5,0.63,0
11585,12115,2918,0,0,0,10,3,0.96,0
5035,9054,4114,1,1,1,19,3,0.56,0
40495,4303,4856,0,1,1,16,3,9.41,0
8787,41130,2131,1,1,0,17,4,0.21,0
38571,11708,333,1,1,0,19,5,3.29,0
2909,6658,4756,1,1,1,19,1,0.44,0
31822,26372,592,1,1,0,7,1,1.21,0
9561,17589,3295,0,0,1,13,3,0.54,0
45116,44979,293,1,0,0,6,4,1.0,0
14313,35016,2044,1,1,0,5,2,0.41,0
22461,20967,441,0,1,0,8,0,1.07,0
40849,34321,1841,0,0,1,7,1,1.19,0
19857,21186,992,0,1,0,10,5,0.94,0
19047,49570,1196,0,0,1,15,0,0.38,0
34060,5726,1292,1,0,0,10,4,5.95,0
38899,4519,3956,0,1,1,6,4,8.61,0
44073,42983,3423,0,0,1,15,5,1.03,0
18627,33601,2803,1,1,0,6,1,0.55,0
31986,9826,3221,0,1,0,10,0,3.26,0
24450,1815,396,0,1,0,6,2,13.47,0
11719,27947,222,0,1,0,14,1,0.42,0
34555,33273,1067,1,1,0,17,2,1.04,0
8946,48135,1671,1,0,0,16,2,0.19,0
14592,16471,4091,0,1,0,12,5,0.89,0
45963,14048,857,0,0,1,7,5,3.27,0
46773,15461,1881,1,0,0,10,5,3.03,0
28929,38739,157,1,0,1,15,2,0.75,0
39148,27086,261,1,1,0,6,3,1.45,0
44315,43709,2108,1,0,1,15,0,1.01,0
46927,10146,697,0,1,1,17,5,4.63,0
47350,7843,206,1,1,1,17,2,6.04,0
22861,30461,724,1,1,0,5,1,0.75,0
2504,3299,884,1,0,0,11,5,0.76,0
32489,449,4793,1,0,0,6,1,72.36,0
22203,43143,31,0,1,1,5,5,0.51,0
44025,42442,4463,1,0,0,17,5,1.04,0
45366,48875,3352,0,1,0,16,3,0.93,0
9742,35007,1284,1,1,0,9,1,0.28,0
31072,40097,3935,0,1,1,20,3,0.77,0
9994,11872,4019,0,0,0,15,2,0.84,0
25169,34951,3513,1,1,1,17,3,0.72,0
19463,5534,1525,0,1,1,6,1,3.52,0
12793,6136,2092,0,0,0,16,4,2.08,0
24877,11945,1557,0,0,0,6,2,2.08,0
25275,28186,1810,0,0,1,11,2,0.9,0
37322,37277,3641,0,1,0,17,0,1.0,0
25573,11255,3270,1,0,1,13,2,2.27,0
46321,232,3213,1,0,0,12,5,199.66,0
27202,31678,1790,1,0,1,20,2,0.86,0
13231,14834,3403,1,0,0,12,3,0.89,0
46372,8664,3378,1,1,0,9,5,5.35,0
49764,4406,1091,0,0,1,15,4,11.29,0
15114,44847,4898,1,1,0,15,5,0.34,0
12039,20324,598,1,1,1,13,2,0.59,0
47529,39417,2585,1,1,1,7,1,1.21,0
9916,36020,3752,0,1,1,17,3,0.28,0
26206,39197,4787,0,0,0,13,5,0.67,0
46436,8369,88,0,0,1,16,5,5.55,0
2081,14335,1369,1,1,1,9,1,0.15,0
22035,46928,245,1,1,1,5,3,0.47,0
33765,12119,2822,1,1,0,5,5,2.79,0
39365,46419,548,0,0,1,5,0,0.85,0
9153,9163,517,0,0,0,8,3,1.0,0
41958,6898,2897,0,0,1,20,2,6.08,0
31407,6237,1516,0,1,0,12,2,5.04,0
5563,31367,499,0,1,1,18,5,0.18,0
39892,19122,2230,1,1,0,9,5,2.09,0
25908,39879,224,1,0,0,16,4,0.65,0
25244,19369,3157,1,0,0,20,2,1.3,0
21047,24685,4949,0,1,0,10,2,0.85,0
7457,48948,4256,0,1,1,18,3,0.15,0
13277,34519,3804,1,0,1,9,2,0.38,0
25788,42325,1638,0,1,1,15,2,0.61,0
26996,43080,2988,1,0,1,20,5,0.63,0
46914,16669,2646,1,1,0,13,0,2.81,0
4418,9099,502,0,0,0,15,5,0.49,0
42183,4526,3405,0,1,1,20,0,9.32,0
16315,18696,2105,1,1,0,15,5,0.87,0
28936,34317,4661,1,0,0,14,0,0.84,0
42180,3735,2722,0,1,1,5,1,11.29,0
40417,32872,3781,1,1,1,19,4,1.23,0
30310,45815,3672,1,1,1,10,0,0.66,0
33542,8056,58,0,0,0,13,2,4.16,0
26577,27480,2972,0,1,0,8,3,0.97,0
36324,25901,491,1,0,1,10,0,1.4,0
5282,22478,3499,1,0,0,18,2,0.23,0
49620,23565,2434,0,0,0,8,1,2.11,0
886,24516,2628,1,0,0,18,5,0.04,0
16877,48558,2000,0,0,1,5,5,0.35,0
23284,23344,2852,1,0,0,12,4,1.0,0
24785,21487,1245,0,0,1,15,0,1.15,0
34326,34726,4231,0,1,1,8,1,0.99,0
36975,47282,207,1,1,1,7,0,0.78,0
41294,13469,4295,1,0,1,8,2,3.07,0
10818,30582,661,0,1,0,20,4,0.35,0
33894,32612,2675,1,0,1,20,2,1.04,0
20574,8105,797,1,0,0,17,4,2.54,0
22821,39136,4709,0,1,0,14,2,0.58,0
1087,39952,3196,1,0,0,18,5,0.03,0
17760,33460,4034,0,1,1,15,4,0.53,0
46881,15039,1118,0,0,0,14,1,3.12,0
34915,16978,4412,0,1,0,20,2,2.06,0
11497,44869,2367,1,1,1,11,2,0.26,0
30330,11165,1096,1,1,0,18,4,2.72,0
13657,1579,803,1,0,0,8,2,8.65,0
30526,33184,3012,1,1,1,12,4,0.92,0
23566,22515,4228,1,0,0,11,5,1.05,0
34386,20635,1737,1,0,1,8,3,1.67,0
49564,9097,608,0,0,0,5,1,5.45,0
43740,18336,1427,1,1,1,5,2,2.39,0
46752,30049,2737,1,1,0,7,0,1.56,0
30583,34291,2908,0,1,0,19,0,0.89,0
46661,43494,1150,1,0,0,14,5,1.07,0
2087,15094,1415,0,1,1,7,1,0.14,0
17467,40133,200,0,0,1,14,4,0.44,0
15775,48137,3997,0,0,0,18,1,0.33,0
23881,12171,450,0,1,0,6,1,1.96,0
40229,45866,3101,0,0,1,12,1,0.88,0
24244,49968,1472,0,0,0,17,1,0.49,0
47705,11418,4060,1,0,0,15,4,4.18,0
11252,18779,4126,1,1,0,18,3,0.6,0
23866,12563,1224,0,0,0,13,5,1.9,0
45149,5696,926,0,0,0,15,1,7.93,0
32671,9944,4608,0,0,0,9,4,3.29,0
37234,18359,679,1,1,1,5,2,2.03,0
19244,25400,359,0,0,1,20,0,0.76,0
47819,36236,201,1,0,0,5,3,1.32,0
49340,9583,4257,1,0,1,16,5,5.15,0
34544,4959,3073,1,1,0,5,3,6.97,0
24472,40429,1304,0,0,1,13,3,0.61,0
37987,11989,3232,1,0,0,8,5,3.17,0
2071,32261,2888,0,0,1,15,2,0.06,0
42965,18227,2200,1,1,1,9,1,2.36,0
31678,36794,761,1,1,0,8,0,0.86,0
6896,28760,4164,1,0,1,7,3,0.24,0
10905,22433,820,1,1,0,12,4,0.49,0
49862,38152,2631,1,1,0,7,2,1.31,0
20634,48248,4655,1,1,1,10,4,0.43,0
20811,45362,955,1,0,1,6,3,0.46,0
36288,1934,789,1,1,1,8,0,18.76,0
49313,20224,4865,1,0,0,11,2,2.44,0
19772,38827,3116,1,0,0,10,1,0.51,0
14321,12294,679,1,1,1,5,4,1.16,0
4890,126,60,1,1,1,18,4,38.81,0
30355,25481,3699,1,0,0,11,2,1.19,0
21712,4675,3343,1,0,1,15,2,4.64,0
609,49645,559,0,0,0,20,4,0.01,0
1569,4754,2625,0,0,1,17,0,0.33,0
35288,13882,608,1,0,0,13,4,2.54,0
4411,5607,1319,1,0,0,18,1,0.79,0
23246,46262,2014,1,1,0,18,1,0.5,0
7787,31986,3430,0,1,0,17,2,0.24,0
44826,22150,3989,0,1,0,15,5,2.02,0
46674,46542,919,1,0,1,8,2,1.0,0
41600,41685,2963,0,0,1,19,1,1.0,0
20996,44454,357,1,0,0,12,0,0.47,0
12270,4326,2282,0,1,0,8,4,2.84,0
397,38035,83,0,1,0,16,3,0.01,0
26881,29967,0,1,0,0,6,3,0.9,0
32178,5861,1668,1,1,0,14,4,5.49,0
27034,46090,3791,1,0,0,13,2,0.59,0
6538,1528,3202,0,1,0,5,4,4.28,0
47667,23075,4253,0,0,0,11,0,2.07,0
36370,19037,3979,1,1,0,13,2,1.91,0
38379,45628,1315,0,0,0,8,1,0.84,0
32879,6972,1630,1,0,1,19,4,4.72,0
15399,11211,1440,0,1,0,15,0,1.37,0
38249,47909,1839,0,1,1,12,5,0.8,0
47456,2698,4334,0,1,1,11,0,17.59,0
47229,38842,4769,1,1,1,15,0,1.22,0
37374,5703,3222,0,0,1,7,4,6.55,0
28528,16190,467,1,0,0,5,5,1.76,0
36767,26793,3841,1,1,1,17,1,1.37,0
43394,6539,819,0,1,0,14,3,6.64,0
10710,47842,3626,0,1,0,12,3,0.22,0
8803,8739,92,0,1,0,9,1,1.01,0
34873,47714,4807,0,1,1,11,1,0.73,0
22712,9828,2722,1,1,0,8,3,2.31,0
14573,33762,4612,1,0,1,20,1,0.43,0
30547,31176,3602,1,1,1,10,2,0.98,0
17845,18860,4236,0,1,0,16,2,0.95,0
36654,42045,4621,0,1,0,16,3,0.87,0
40303,42368,3004,0,1,0,19,0,0.95,0
39760,8929,841,0,1,1,17,0,4.45,0
36301,3766,223,0,1,1,7,1,9.64,0
39615,40525,624,1,1,0,14,4,0.98,0
11945,21473,4501,1,1,0,11,2,0.56,0
43884,42223,2620,1,0,0,19,5,1.04,0
22780,32219,1917,0,0,1,11,3,0.71,0
33008,18036,2567,0,0,1,15,3,1.83,0
16829,43369,155,0,0,0,11,1,0.39,0
26030,45378,65,0,1,0,16,1,0.57,0
47158,13263,4909,1,0,0,19,5,3.56,0
7967,31940,4781,0,1,0,7,4,0.25,0
18919,9512,3496,1,1,0,20,5,1.99,0
47966,47245,2426,1,1,1,16,0,1.02,0
24515,15251,3600,0,1,0,17,1,1.61,0
32583,4376,3744,0,0,0,9,4,7.45,0
38778,29696,4901,1,1,1,6,3,1.31,0
19478,29920,2139,1,1,1,6,2,0.65,0
24835,9892,1179,1,1,0,9,0,2.51,0
26861,1871,4000,0,0,0,9,3,14.36,0
33052,904,2341,1,0,0,19,0,36.56,0
15451,31950,812,0,1,0,19,3,0.48,0
45161,38864,1063,0,1,1,13,1,1.16,0
20736,37862,2741,1,0,1,9,2,0.55,0
42638,20476,238,1,0,0,20,4,2.08,0
35727,48976,1818,0,0,1,17,1,0.73,0
34786,33665,1265,1,0,0,19,1,1.03,0
32031,28468,2042,1,1,0,15,4,1.13,0
48342,38221,4530,1,0,1,19,1,1.26,0
17468,6240,110,1,0,0,12,5,2.8,0
22016,30874,3673,1,1,0,9,5,0.71,0
11682,30350,4823,0,0,0,11,5,0.38,0
32514,10353,746,0,0,0,14,5,3.14,0
27086,42289,4067,1,1,1,15,2,0.64,0
40137,22578,3357,1,1,0,6,2,1.78,0
25391,10921,842,0,1,1,7,5,2.32,0
33274,28996,2455,1,0,1,17,2,1.15,0
24289,16964,1661,0,0,1,7,1,1.43,0
48310,7497,3680,1,1,0,20,4,6.44,0
27272,48701,2978,0,1,0,10,1,0.56,0
34021,16633,1716,0,0,0,12,4,2.05,0
2433,25235,3564,1,0,0,5,4,0.1,0
17792,9595,2180,0,1,1,8,4,1.85,0
11521,40728,3688,0,0,1,14,3,0.28,0
16382,16830,3028,1,1,0,6,2,0.97,0
7455,15357,4785,1,1,0,9,0,0.49,0
12651,40075,85,0,1,0,16,2,0.32,0
23405,27896,1021,0,1,0,9,2,0.84,0
47241,22391,422,0,1,0,9,1,2.11,0
48393,14542,1635,1,1,1,17,3,3.33,0
4025,39827,4222,0,0,1,17,0,0.1,0
44504,37261,2974,1,1,1,11,5,1.19,0
33558,27039,1758,1,0,1,6,5,1.24,0
22964,20399,3788,0,0,0,11,1,1.13,0
49619,36926,3476,0,1,0,12,4,1.34,0
39128,32694,1464,1,0,0,19,4,1.2,0
46212,1238,4261,0,0,1,9,3,37.33,0
18134,26453,3802,0,0,0,5,5,0.69,0
3249,18986,1101,0,0,0,6,4,0.17,0
4473,41826,3078,1,1,0,13,5,0.11,0
11258,5826,259,1,1,1,7,2,1.93,0
4520,28058,1109,0,0,0,6,0,0.16,0
48343,11710,3928,0,0,1,9,2,4.13,0
5382,47232,3501,1,0,1,17,0,0.11,0
8884,45419,2255,0,0,1,12,2,0.2,0
12926,21486,2905,1,0,0,12,5,0.6,0
42759,10590,4359,1,1,1,5,2,4.04,0
36408,4260,1300,0,0,1,8,5,8.55,0
44566,35250,2502,1,0,1,19,5,1.26,0
4713,17444,161,1,0,0,20,1,0.27,0
41798,3690,3496,0,1,1,10,2,11.33,0
15086,38036,2925,1,0,1,11,2,0.4,0
48100,2220,4525,0,0,0,13,1,21.67,0
12797,8387,1737,0,1,1,16,0,1.53,0
40520,43870,2731,0,1,1,17,2,0.92,0
15436,6229,3250,1,0,0,6,0,2.48,0
22225,8492,4350,0,1,0,9,2,2.62,0
24873,49604,2972,0,1,1,7,4,0.5,0
33207,41257,1538,0,0,1,6,4,0.8,0
4810,48154,1924,1,1,0,5,0,0.1,0
23850,15938,3718,1,1,1,12,0,1.5,0
44725,5747,4682,1,1,0,7,5,7.78,0
26020,26986,2761,1,1,0,15,3,0.96,0
41710,3887,3660,0,0,0,10,2,10.73,0
17635,4483,2243,0,0,1,13,5,3.93,0
13881,41112,223,1,0,0,9,4,0.34,0
834,25267,1602,0,1,1,5,2,0.03,0
31356,42236,2043,1,0,1,16,4,0.74,0
8998,39372,3409,0,1,0,5,2,0.23,0
15820,11445,3711,0,0,1,16,0,1.38,0
45625,11132,1696,1,1,1,8,1,4.1,0
5650,21945,4475,1,0,1,19,4,0.26,0
36140,4324,1690,1,1,1,20,4,8.36,0
33289,32265,1044,0,0,1,8,5,1.03,0
25383,26964,4527,0,0,0,7,5,0.94,0
4103,48101,4582,1,0,1,13,0,0.09,0
11239,39959,3131,0,1,1,9,3,0.28,0
5428,40615,4409,0,0,0,9,3,0.13,0
9657,29761,3365,1,1,0,15,0,0.32,0
44274,30144,2748,1,1,1,12,3,1.47,0
10947,37898,3090,1,0,0,14,0,0.29,0
48561,32670,4109,1,1,1,16,5,1.49,0
6438,17939,2749,0,1,1,14,0,0.36,0
694,42907,573,1,0,0,17,3,0.02,0
37341,42140,3377,0,1,0,16,4,0.89,0
8065,33548,2496,0,0,0,17,0,0.24,0
4271,4987,3995,1,1,0,12,3,0.86,0
40320,16807,534,1,1,0,12,3,2.4,0
15415,40231,1533,1,1,1,5,2,0.38,0
44651,9794,4448,1,1,0,18,2,4.56,0
29862,46145,4803,0,0,1,5,2,0.65,0
29590,15644,92,1,0,1,19,0,1.89,0
14902,15859,2038,1,0,0,9,4,0.94,0
2984,42283,4822,1,1,1,18,4,0.07,0
7357,32818,4642,0,1,1,19,0,0.22,0
5349,4217,2684,0,0,0,15,5,1.27,0
26719,14438,2579,1,0,0,5,3,1.85,0
35979,48864,1190,0,0,1,15,3,0.74,0
46499,17058,3490,1,0,0,5,5,2.73,0
24917,11363,1380,0,1,0,9,0,2.19,0
3681,19990,1598,1,1,0,17,2,0.18,0
23515,29122,1605,0,0,1,15,1,0.81,0
48567,10729,544,1,0,1,9,1,4.53,0
48189,3310,4886,0,0,1,19,5,14.56,0
6804,12470,908,1,1,0,6,0,0.55,0
43084,3253,4576,1,0,1,20,2,13.24,0
4978,4555,3870,0,0,0,18,2,1.09,0
7533,13082,4799,1,1,1,9,4,0.58,0
5166,21892,1785,1,1,0,11,4,0.24,0
11434,13016,3190,1,0,1,6,2,0.88,0
2140,43383,706,0,1,0,16,1,0.05,0
22671,49062,3847,1,0,0,13,2,0.46,0
10748,34181,1659,0,0,0,8,3,0.31,0
5623,17204,3502,0,0,1,12,5,0.33,0
28788,37523,4604,0,0,0,14,3,0.77,0
28821,46968,1666,0,0,0,9,3,0.61,0
7992,19424,3222,1,1,1,19,1,0.41,0
29975,38767,4962,1,0,1,6,3,0.77,0
21719,36504,975,1,0,1,6,4,0.59,0
5077,26667,962,0,1,1,12,2,0.19,0
34777,25319,2069,1,1,1,15,4,1.37,0
17538,4905,4749,1,0,0,12,4,3.58,0
36107,45265,945,0,1,1,10,4,0.8,0
39295,15073,2516,1,0,0,10,2,2.61,0
23750,30441,2973,1,0,1,16,4,0.78,0
784,49555,915,0,0,1,6,5,0.02,0
25701,44709,3514,0,0,1,6,4,0.57,0
11831,30316,3244,0,0,0,10,5,0.39,0
22465,3612,1142,0,1,0,15,5,6.22,0
44302,18632,765,0,0,0,8,3,2.38,0
2421,13147,2933,0,0,1,18,0,0.18,0
45055,13934,4922,1,0,1,16,0,3.23,0
9487,2421,53,1,1,1,18,3,3.92,0
4531,49547,4820,1,0,1,9,2,0.09,0
47578,10785,2430,1,1,0,10,0,4.41,0
4078,18584,4681,1,0,1,19,2,0.22,0
21202,8119,2272,1,1,0,14,4,2.61,0
29305,41834,3926,0,0,1,12,5,0.7,0
23623,27317,2670,1,1,0,17,3,0.86,0
37589,9531,2385,0,0,0,5,5,3.94,0
24507,4631,4868,1,1,0,14,3,5.29,0
37039,12464,2870,1,0,0,15,4,2.97,0
14259,18685,1964,0,0,0,12,2,0.76,0
39136,40517,2248,0,1,1,8,2,0.97,0
41496,20753,276,1,0,0,14,3,2.0,0
12545,18268,4646,0,0,0,11,4,0.69,0
2652,32001,2807,1,0,1,15,1,0.08,0
38942,25476,871,0,1,0,15,4,1.53,0
7201,5307,1597,0,0,1,8,3,1.36,0
7498,21055,1801,0,0,0,5,1,0.36,0
35113,19032,1981,0,0,0,12,1,1.84,0
1193,41882,772,0,0,1,12,5,0.03,0
48922,29086,2590,0,1,1,11,0,1.68,0
23064,16807,3542,1,0,0,12,5,1.37,0
4430,11234,4620,0,1,1,16,0,0.39,0
10596,30624,3156,1,1,1,10,5,0.35,0
24908,6897,3898,1,1,0,7,4,3.61,0
43819,23248,2900,0,1,0,20,2,1.88,0
36451,45431,3002,0,0,0,13,3,0.8,0
10477,24440,1023,0,0,0,14,0,0.43,0
34669,5668,3476,0,1,1,19,2,6.12,0
41930,7840,2301,0,1,1,16,1,5.35,0
9182,33448,1891,0,1,0,9,2,0.27,0
27226,12232,1750,0,0,1,15,3,2.23,0
8995,11224,4538,1,1,1,12,5,0.8,0
10302,8122,1663,0,1,1,10,5,1.27,0
7934,8289,478,1,0,1,5,2,0.96,0
44934,29120,1720,1,0,0,9,1,1.54,0
42582,31324,1500,0,1,0,18,4,1.36,0
44166,4710,4821,1,1,0,11,4,9.38,0
21545,21542,1979,0,1,1,11,3,1.0,0
43585,2356,264,1,0,1,14,5,18.5,0
43405,38022,2582,0,0,0,5,3,1.14,0
11894,33143,2926,0,0,1,14,2,0.36,0
46527,4540,4739,1,1,0,10,5,10.25,0
22328,47733,670,1,0,1,19,3,0.47,0
14055,8291,626,1,0,0,13,1,1.7,0
47962,8809,3115,1,0,0,6,2,5.44,0
41755,19138,1178,0,1,0,7,3,2.18,0
14045,34860,4422,0,1,0,17,4,0.4,0
49112,7200,4538,1,0,0,20,5,6.82,0
43537,29330,1626,0,1,1,19,4,1.48,0
11704,30267,2820,0,1,0,15,4,0.39,0
270,18064,2277,0,0,1,17,1,0.01,0
44588,19378,315,1,1,1,8,4,2.3,0
16912,3769,4257,0,1,0,7,4,4.49,0
49066,41917,1489,0,0,0,8,5,1.17,0
13949,22699,2438,0,0,1,9,0,0.61,0
27858,10475,4451,1,0,1,8,4,2.66,0
36181,42492,3562,1,0,0,5,4,0.85,0
38148,19026,2849,1,0,0,19,0,2.01,0
21441,17082,4712,0,0,0,5,5,1.26,0
48630,337,74,1,0,0,20,4,144.3,0
11280,38412,2837,0,1,1,5,2,0.29,0
36888,8764,468,1,0,0,12,2,4.21,0
37930,39365,2156,0,0,0,16,2,0.96,0
22557,48919,4639,0,0,1,9,0,0.46,0
36697,48018,3817,0,1,0,13,1,0.76,0
6765,26703,595,0,1,1,19,1,0.25,0
28979,17710,778,0,0,0,11,2,1.64,0
10801,6455,4874,0,0,1,14,2,1.67,0
30372,49535,2715,1,0,1,11,5,0.61,0
48936,32785,2237,1,1,1,16,0,1.49,0
14861,15548,2030,0,0,1,6,0,0.96,0
40327,18199,4634,0,1,1,5,4,2.22,0
46886,28085,732,1,1,1,12,5,1.67,0
33702,26184,1444,1,0,0,8,3,1.29,0
44954,21408,403,1,0,1,19,3,2.1,0
20223,2440,1692,0,1,1,14,3,8.29,0
40661,14752,3358,0,1,0,7,1,2.76,0
49244,25970,339,1,1,0,10,0,1.9,0
37414,40445,4407,1,1,0,10,2,0.93,0
29092,26313,726,1,0,0,11,4,1.11,0
31064,20836,1762,0,1,0,17,0,1.49,0
22310,30729,3343,0,1,1,17,5,0.73,0
29002,19163,4223,1,0,1,7,3,1.51,0
17760,33949,1275,0,1,1,16,0,0.52,0
21725,13388,1252,0,0,0,16,2,1.62,0
40759,49516,3944,0,1,1,9,3,0.82,0
33288,6334,1357,1,0,0,16,4,5.26,0
33169,17570,1075,0,1,1,17,2,1.89,0
34764,22660,63,0,0,0,12,0,1.53,0
8696,12486,4074,1,1,1,5,5,0.7,0
42599,26247,3129,1,0,1,10,3,1.62,0
30775,44713,2510,1,1,0,5,0,0.69,0
46405,32760,2899,1,1,0,20,3,1.42,0
8171,48188,599,0,1,0,15,2,0.17,0
37406,43341,1592,0,1,0,5,5,0.86,0
48486,12315,4061,0,1,0,19,4,3.94,0
36547,1054,1786,1,0,1,17,2,34.67,0
31088,31967,222,0,1,1,18,2,0.97,0
21306,42731,3638,1,1,1,6,4,0.5,0
47599,24748,1655,1,1,1,13,2,1.92,0
24687,24728,2858,1,0,1,5,2,1.0,0
44487,13330,2535,1,0,0,7,5,3.34,0
47969,34297,2933,0,1,0,17,2,1.4,0
6270,49360,3300,1,0,0,17,3,0.13,0
32667,42918,2713,1,0,1,5,5,0.76,0
1919,8980,1812,1,1,1,6,4,0.21,0
39786,35769,4280,1,0,0,7,3,1.11,0
12965,28055,2143,0,1,1,19,1,0.46,0
46891,35516,47,1,0,1,6,2,1.32,0
16709,16215,4897,1,0,1,19,3,1.03,0
34176,7383,3282,0,1,0,8,2,4.63,0
34216,21051,1066,0,1,1,18,2,1.63,0
39746,4745,4023,1,0,1,14,0,8.38,0
17302,16197,3137,1,1,0,13,3,1.07,0
12240,44240,612,1,0,1,7,1,0.28,0
18719,27638,3005,1,1,1,15,3,0.68,0
8126,12754,2506,1,0,1,15,3,0.64,0
49845,11994,1682,1,0,0,16,1,4.16,0
26028,45501,1024,0,1,0,19,0,0.57,0
13417,29846,195,1,1,1,11,2,0.45,0
39906,38914,136,0,1,1,9,0,1.03,0
32442,34474,3599,0,0,1,9,0,0.94,0
17073,39085,3317,0,1,0,20,2,0.44,0
43625,44065,4164,1,0,1,6,3,0.99,0
30056,13132,2167,0,0,0,20,1,2.29,0
11905,31904,4098,1,0,0,13,3,0.37,0
16895,12534,3174,1,0,0,16,4,1.35,0
10702,16841,2019,1,0,0,20,2,0.64,0
38652,18671,3260,0,0,1,11,1,2.07,0
1795,21089,4919,0,0,0,6,4,0.09,0
35455,45251,2676,1,0,0,5,2,0.78,0
26285,44401,2591,0,1,1,14,2,0.59,0
23160,30462,494,1,1,1,15,0,0.76,0
45702,39896,856,0,0,0,15,3,1.15,0
25722,27138,2681,0,0,0,19,1,0.95,0
40332,31477,1105,1,0,0,6,2,1.28,0
24889,20614,3221,0,0,0,16,2,1.21,0
25382,29567,4535,1,1,1,17,2,0.86,0
40103,48961,3153,1,0,1,7,1,0.82,0
26636,29290,724,1,1,0,7,2,0.91,0
14753,13115,2007,0,1,0,15,5,1.12,0
18952,1857,4687,0,1,0,19,1,10.21,0
36013,9456,3424,0,0,0,20,0,3.81,0
31820,29680,1031,1,1,0,20,0,1.07,0
22212,33835,3617,0,1,0,20,4,0.66,0
33112,43388,882,0,1,0,18,4,0.76,0
24629,23737,2239,0,1,1,7,4,1.04,0
15213,12245,1122,1,1,0,16,1,1.24,0
32760,33641,166,0,1,0,18,1,0.97,0
36037,41097,3492,0,0,0,8,3,0.88,0
45389,3260,2751,0,0,1,15,3,13.92,0
42300,875,2103,0,0,0,12,2,48.34,0
23108,13809,774,1,0,0,16,5,1.67,0
5184,28605,2735,1,1,0,17,2,0.18,0
19663,12130,1124,1,1,1,6,0,1.62,0
27882,3510,509,0,0,0,12,1,7.94,0
11941,37584,3844,1,1,0,10,3,0.32,0
25249,24970,1502,1,1,1,8,3,1.01,0
23346,26212,4921,0,0,1,18,1,0.89,0
24905,10651,1812,0,0,0,5,0,2.34,0
49953,2281,2036,0,1,0,12,1,21.9,0
8489,24122,3925,0,0,0,17,1,0.35,0
5155,40496,4595,1,1,0,12,2,0.13,0
24231,7603,540,0,1,1,11,3,3.19,0
19389,9681,1113,1,0,1,12,5,2.0,0
33390,49206,838,0,0,0,18,5,0.68,0
39871,34728,907,0,0,1,12,4,1.15,0
24996,4747,702,1,1,0,5,1,5.27,0
14543,21651,2850,0,0,1,9,2,0.67,0
16674,1685,4292,0,0,1,6,2,9.9,0
14534,41369,515,1,1,1,16,1,0.35,0
15163,27849,391,1,1,1,7,4,0.54,0
10866,15682,924,1,1,0,14,2,0.69,0
48985,19445,3653,0,0,1,14,5,2.52,0
5747,35415,4916,1,0,1,9,1,0.16,0
27486,44237,3776,1,0,0,11,4,0.62,0
36034,40084,672,0,1,0,6,3,0.9,0
45855,18968,4744,0,0,0,11,4,2.42,0
11351,15962,1353,1,1,1,10,4,0.71,0
19992,49886,2812,1,1,1,19,5,0.4,0
44498,37595,4155,0,0,0,14,3,1.18,0
45690,37069,4399,1,1,0,16,1,1.23,0
30151,19201,1249,1,0,0,18,1,1.57,0
7185,16124,2112,0,1,1,14,1,0.45,0
39253,3871,2510,0,0,1,18,5,10.14,0
21136,7518,811,0,0,0,19,5,2.81,0
28066,11741,614,1,0,1,8,4,2.39,0
47659,41565,2607,0,0,1,19,0,1.15,0
26593,25799,2546,1,0,1,18,2,1.03,0
30406,44464,2210,0,1,1,7,4,0.68,0
23844,39156,3251,1,0,0,16,5,0.61,0
19120,19591,237,0,0,1,18,0,0.98,0
13526,27344,482,0,1,1,20,4,0.49,0
9554,32652,450,1,0,0,17,2,0.29,0
41989,25691,2987,1,0,0,14,5,1.63,0
38739,47469,3134,1,0,1,8,0,0.82,0
33090,46858,4427,1,1,1,6,1,0.71,0
17236,39780,1954,1,0,1,5,4,0.43,0
23222,2545,4960,1,0,0,16,4,9.12,0
15540,41507,30,0,0,0,18,2,0.37,0
12646,21846,4396,0,0,1,17,0,0.58,0
19662,25126,2835,1,1,1,7,0,0.78,0
18285,46790,4867,1,1,0,10,2,0.39,0
24756,27789,3327,1,0,1,11,3,0.89,0
32659,46896,2393,0,1,0,8,5,0.7,0
8220,47339,1371,0,0,1,15,0,0.17,0
32742,31321,500,0,0,1,16,5,1.05,0
45009,20541,3704,0,0,0,16,2,2.19,0
45585,48987,1510,1,0,0,5,1,0.93,0
43376,33140,567,0,0,0,17,5,1.31,0
41131,23881,509,0,1,0,13,4,1.72,0
10741,34822,3436,1,0,0,15,2,0.31,0
44256,40755,262,1,0,0,20,2,1.09,0
28633,2546,3859,1,0,0,14,3,11.25,0
37377,33229,403,1,0,1,20,4,1.12,0
18983,13986,2572,1,1,0,20,2,1.36,0
24521,21512,2316,1,0,1,11,2,1.14,0
20373,15729,4661,1,0,1,5,1,1.3,0
42809,664,1913,1,1,0,10,4,64.47,0
10571,23095,3833,1,0,1,12,0,0.46,0
29949,3022,2282,0,1,0,8,0,9.91,0
25082,22016,731,0,0,0,9,4,1.14,0
4281,31291,2916,0,1,1,7,3,0.14,0
12363,20742,3477,1,0,0,11,1,0.6,0
45861,17450,4817,1,1,1,11,1,2.63,0
19471,9063,4130,0,0,0,9,0,2.15,0
22993,9098,3101,1,1,1,5,0,2.53,0
2112,38203,4160,1,0,1,20,3,0.06,0
19253,30813,835,0,0,0,11,1,0.62,0
20020,34451,2441,1,1,1,16,0,0.58,0
1779,23335,32,1,0,1,8,1,0.08,0
27918,6497,3874,0,1,0,5,4,4.3,0
32625,19450,844,0,0,0,9,4,1.68,0
41037,27336,3272,0,0,1,13,0,1.5,0
1012,46358,4629,1,1,1,13,0,0.02,0
42438,42004,3226,1,0,0,11,2,1.01,0
26483,17693,693,1,0,1,16,3,1.5,0
40621,47372,1923,0,1,0,9,4,0.86,0
49619,27672,4600,1,1,1,17,5,1.79,0
14452,6803,4301,0,1,0,9,4,2.12,0
8744,5225,3510,1,1,1,7,0,1.67,0
11297,45578,4230,0,0,1,18,4,0.25,0
6201,24342,342,0,1,1,11,3,0.25,0
6338,28611,2291,1,0,1,6,5,0.22,0
42574,15553,2586,0,1,1,5,4,2.74,0
10954,34603,3805,1,1,0,6,2,0.32,0
43105,3553,980,0,0,1,17,1,12.13,0
26819,14711,4784,1,1,1,9,5,1.82,0
49867,20566,2070,1,1,0,5,4,2.42,0
8553,1260,3471,0,1,0,19,4,6.79,0
47292,32185,2051,1,1,1,5,0,1.47,0
10031,27420,4507,1,1,1,8,0,0.37,0
6565,35337,335,1,1,1,11,4,0.19,0
5586,9535,977,0,1,1,15,0,0.59,0
13784,8930,1766,1,1,0,13,4,1.54,0
45053,29843,3172,1,1,1,8,3,1.51,0
44230,43950,2293,0,1,1,5,0,1.01,0
14345,47881,3782,0,1,1,7,2,0.3,0
11600,551,2893,1,1,1,10,4,21.05,0
34380,20345,1806,0,1,1,11,1,1.69,0
35326,23480,933,1,1,1,9,3,1.5,0
47374,38319,2842,1,1,1,19,0,1.24,0
19384,26966,1280,1,1,1,10,5,0.72,0
33420,48480,4639,1,1,1,5,1,0.69,0
2709,402,4287,0,1,0,20,2,6.74,0
18947,6697,2081,1,0,1,16,1,2.83,0
31578,32261,1230,1,1,0,10,4,0.98,0
24710,29604,2606,0,1,1,8,5,0.83,0
17629,28719,2566,0,0,1,10,4,0.61,0
10346,9389,2674,1,1,1,12,4,1.1,0
42203,35902,4865,1,0,0,19,0,1.18,0
47083,30292,2324,1,0,0,16,2,1.55,0
27355,49105,1142,1,0,1,6,5,0.56,0
26532,3849,1221,0,1,1,20,1,6.89,0
48423,25937,10,0,0,1,7,3,1.87,0
17718,29586,4985,0,0,1,20,1,0.6,0
11000,29732,3657,1,1,0,7,3,0.37,0
27429,33648,1351,1,0,0,12,2,0.82,0
20368,22294,501,0,1,1,19,2,0.91,0
12367,42386,1118,1,1,0,8,4,0.29,0
26986,17118,2362,0,0,0,19,0,1.58,0
30081,2022,3984,0,0,1,17,0,14.88,0
46921,5072,4259,0,1,1,6,1,9.25,0
7282,31904,772,1,0,1,7,0,0.23,0
41512,14220,3738,0,0,1,17,3,2.92,0
10243,33966,2857,0,1,1,7,2,0.3,0
20101,34618,4346,1,0,0,6,3,0.58,0
18640,19357,3012,0,1,0,17,1,0.96,0
1135,11349,2357,1,0,0,20,1,0.1,0
9814,23342,4889,1,1,0,10,0,0.42,0
38004,5452,2485,0,1,1,5,0,6.97,0
8419,38136,3325,1,1,1,14,1,0.22,0
28841,18531,2787,1,1,1,20,0,1.56,0
40292,16413,417,1,0,0,5,0,2.45,0
39503,20609,2307,1,0,1,16,4,1.92,0
14154,49685,4561,1,0,0,8,1,0.28,0
16225,37370,290,0,1,1,6,3,0.43,0
1713,19055,121,1,0,0,17,1,0.09,0
23083,25282,3508,0,0,1,13,2,0.91,0
28771,23134,4137,0,0,0,13,1,1.24,0
14670,35128,1068,0,1,1,13,2,0.42,0
40536,31863,4687,0,1,1,20,3,1.27,0
42971,44370,2499,1,0,1,5,5,0.97,0
3592,22092,3232,0,1,0,8,5,0.16,0
14185,44170,4003,1,0,1,12,1,0.32,0
36810,43436,4843,0,0,1,5,0,0.85,0
8089,19271,3372,0,0,1,20,4,0.42,0
18104,14161,3311,1,0,0,17,5,1.28,0
11785,46397,73,1,0,1,20,3,0.25,0
29941,25203,2495,0,1,0,17,3,1.19,0
36007,44315,3139,1,1,0,10,1,0.81,0
38862,41256,1742,0,1,1,10,0,0.94,0
4289,44191,636,0,0,0,19,1,0.1,0
33987,33682,1619,0,1,0,14,2,1.01,0
20202,41589,4459,0,0,1,19,0,0.49,0
20676,44573,4091,0,0,0,13,2,0.46,0
29983,26826,3813,1,1,1,12,4,1.12,0
26767,2917,260,1,1,0,11,0,9.18,0
3526,27209,831,0,1,0,9,5,0.13,0
25641,798,2438,0,1,0,12,2,32.13,0
5123,17050,169,0,0,1,18,5,0.3,0
15406,46931,1332,0,0,0,19,2,0.33,0
12015,6495,4845,1,1,0,6,2,1.85,0
15105,31170,1476,0,0,0,7,2,0.48,0
12389,47241,2520,0,0,1,16,5,0.26,0
46126,6362,3820,1,1,0,5,4,7.25,0
35385,36381,4921,0,0,0,6,0,0.97,0
1057,8030,1944,1,0,0,9,5,0.13,0
37993,27592,920,1,1,0,10,2,1.38,0
21152,38009,1326,0,1,1,5,4,0.56,0
19417,4906,309,0,1,1,12,0,3.96,0
37214,22502,4948,1,1,1,18,5,1.65,0
38420,5905,721,0,1,0,19,0,6.51,0
10040,46711,516,0,1,1,9,2,0.21,0
20711,31148,897,1,0,0,15,5,0.66,0
22236,1645,2667,0,1,1,18,2,13.52,0
3022,41055,2889,0,0,0,7,0,0.07,0
9595,15047,2140,0,1,1,9,3,0.64,0
20038,2563,691,0,1,1,18,0,7.82,0
3669,8834,74,1,1,1,13,0,0.42,0
32610,38925,2677,0,0,0,6,0,0.84,0
5229,9463,2589,1,0,0,7,1,0.55,0
28892,48066,2750,0,1,0,18,0,0.6,0
39186,16766,1243,1,0,1,18,5,2.34,0
42832,13116,952,1,1,1,10,2,3.27,0
23220,22584,1891,1,0,1,6,5,1.03,0
9662,46444,4115,1,0,1,12,5,0.21,0
17051,19710,3817,1,0,0,8,2,0.87,0
19142,19222,1052,1,1,0,10,2,1.0,0
12354,4306,938,1,1,1,15,0,2.87,0
27430,7528,4852,1,1,0,17,5,3.64,0
28715,10457,875,1,1,0,17,1,2.75,0
46975,37249,4840,0,1,1,11,4,1.26,0
13316,5749,2132,1,1,0,5,2,2.32,0
5757,20347,2537,1,1,0,17,4,0.28,0
25706,43990,2939,1,0,0,9,2,0.58,0
14891,9763,28,0,0,0,19,0,1.53,0
34583,37239,2702,0,1,0,16,1,0.93,0
44275,30771,310,1,0,1,20,0,1.44,0
30751,27488,1899,0,0,0,14,5,1.12,0
17380,49375,1828,1,0,0,8,2,0.35,0
45865,11404,3967,0,0,1,13,5,4.02,0
8052,15139,251,1,1,1,15,0,0.53,0
37585,46925,3618,0,1,1,9,2,0.8,0
5857,19525,4327,0,0,0,6,0,0.3,0
496,33869,3716,1,1,0,18,5,0.01,0
12796,19763,3294,1,1,1,6,3,0.65,0
49542,42513,3798,1,0,0,7,2,1.17,0
48852,42055,3714,1,1,0,10,0,1.16,0
48288,27175,1930,1,1,0,17,0,1.78,0
45248,38743,1802,1,0,1,11,5,1.17,0
34130,23335,2540,1,1,1,9,0,1.46,0
4971,37706,2875,1,0,0,14,0,0.13,0
41066,48040,2949,0,0,0,5,4,0.85,0
14960,41630,3506,1,0,0,5,1,0.36,0
31888,12006,1776,0,0,1,15,3,2.66,0
21929,7599,3496,1,1,1,12,5,2.89,0
21680,16313,1697,0,1,1,16,1,1.33,0
48615,20779,3280,0,0,1,14,5,2.34,0
614,4829,3769,0,1,1,6,1,0.13,0
25318,2763,2659,0,1,1,12,4,9.16,0
16598,6435,302,0,1,0,13,5,2.58,0
38291,4628,2457,1,1,0,5,1,8.27,0
7029,2119,4577,1,1,1,19,3,3.32,0
16390,24276,1191,1,1,1,5,5,0.68,0
11172,33818,4768,0,0,1,13,0,0.33,0
15345,29013,1980,0,0,0,12,1,0.53,0
39270,38161,2843,0,1,0,13,5,1.03,0
45507,48085,993,0,0,1,9,2,0.95,0
40703,36636,3644,0,1,1,9,3,1.11,0
42866,46812,3131,0,1,0,17,1,0.92,0
39884,695,4083,1,0,1,9,5,57.39,0
36371,28938,4986,1,1,1,14,0,1.26,0
3637,42115,4443,1,1,1,6,5,0.09,0
49936,7597,2668,1,0,1,6,0,6.57,0
49673,40925,2585,1,0,0,15,4,1.21,0
11597,47620,829,1,1,1,17,1,0.24,0
44543,20307,674,1,0,0,16,5,2.19,0
46475,45130,1654,0,1,1,15,4,1.03,0
22446,4994,1907,1,0,0,15,5,4.49,0
27299,4700,1372,1,0,1,13,1,5.81,0
38131,4891,4568,0,0,1,10,4,7.8,0
45814,30945,693,0,1,1,20,5,1.48,0
32599,17552,2282,0,0,1,5,3,1.86,0
2347,6514,2227,1,1,1,8,4,0.36,0
1790,33188,1606,1,0,0,12,2,0.05,0
9981,3194,3211,0,0,1,16,4,3.12,0
49160,30107,1319,1,1,1,6,0,1.63,0
22118,36370,4887,1,1,0,9,3,0.61,0
21407,7937,476,0,0,1,20,4,2.7,0
2996,25195,1654,0,0,0,8,3,0.12,0
42610,18567,3036,1,0,0,9,0,2.29,0
35251,48947,1617,1,0,1,5,3,0.72,0
5423,29062,4763,0,1,0,11,1,0.19,0
16955,32375,4026,0,1,0,6,5,0.52,0
49183,32271,4771,1,1,0,17,2,1.52,0
30890,33453,3992,1,1,0,17,4,0.92,0
18354,18842,170,0,0,0,17,3,0.97,0
43387,36150,1781,1,1,1,11,2,1.2,0
33869,25802,2356,1,1,0,8,1,1.31,0
37165,46137,3562,1,0,0,15,2,0.81,0
23217,11958,3379,1,1,1,17,0,1.94,0
7088,5337,4150,1,1,0,12,3,1.33,0
4525,10289,4572,1,1,1,9,0,0.44,0
23063,17174,3177,0,1,0,9,3,1.34,0
7863,26395,2008,1,0,0,7,1,0.3,0
20691,49214,2851,0,1,1,10,5,0.42,0
24201,16795,648,0,1,0,6,2,1.44,0
26216,19669,2500,0,1,0,14,3,1.33,0
24897,44452,4467,0,1,1,10,5,0.56,0
33825,38358,3910,0,0,0,17,1,0.88,0
12157,17435,3838,1,0,0,9,2,0.7,0
22919,13441,812,1,0,1,17,3,1.71,0
33192,30894,3236,0,0,1,13,4,1.07,0
12695,31455,1458,0,1,1,9,3,0.4,0
35800,44101,1782,1,0,1,17,4,0.81,0
49843,17462,746,1,1,1,20,5,2.85,0
15323,43059,4472,1,0,0,6,1,0.36,0
13542,34254,3272,0,0,0,11,5,0.4,0
15244,43784,1692,0,0,1,18,4,0.35,0
44832,283,1692,1,1,0,9,1,158.42,0
33936,43073,1553,0,0,1,9,0,0.79,0
34431,37892,2521,1,0,1,15,3,0.91,0
26374,31903,4141,1,0,0,15,3,0.83,0
38748,49854,3406,0,1,1,15,3,0.78,0
4477,21210,2433,0,1,0,19,5,0.21,0
12453,30817,4702,0,0,1,9,3,0.4,0
7598,41896,1070,0,1,1,19,4,0.18,0
36395,42669,2267,0,1,1,15,4,0.85,0
8816,19649,2781,0,1,1,19,1,0.45,0
29263,23395,2941,0,0,0,8,2,1.25,0
6932,39640,1390,1,0,1,8,1,0.17,0
45210,31602,4099,0,0,1,11,0,1.43,0
8460,22744,649,0,1,1,14,4,0.37,0
20278,24522,277,1,0,0,9,1,0.83,0
10788,21832,3068,1,0,0,5,1,0.49,0
28666,44366,4111,1,0,1,9,3,0.65,0
2734,17613,1570,1,0,0,19,4,0.16,0
9348,24692,1301,0,0,1,11,4,0.38,0
4266,5139,3106,0,0,0,19,5,0.83,0
5886,31458,2646,1,1,0,6,4,0.19,0
14402,36773,3370,0,1,1,20,4,0.39,0
8943,23263,1334,1,1,1,18,1,0.38,0
9943,14460,1667,0,0,0,20,3,0.69,0
29542,3898,3734,0,1,1,18,4,7.58,0
27149,14811,1032,1,0,0,13,2,1.83,0
43627,11384,457,0,0,0,18,1,3.83,0
9996,28456,1508,1,1,1,6,1,0.35,0
13230,18282,2630,0,1,1,11,3,0.72,0
10138,16168,2650,1,1,1,14,1,0.63,0
38833,25973,3793,1,0,1,19,0,1.5,0
32924,983,1492,0,1,0,7,4,33.49,0
31032,9435,1286,1,1,0,10,0,3.29,0
21508,26325,3868,0,0,1,5,0,0.82,0
35604,36288,3586,0,0,1,11,3,0.98,0
16803,48141,992,0,0,1,9,4,0.35,0
36125,14625,4655,0,0,1,15,2,2.47,0
33920,40111,1636,0,0,0,17,5,0.85,0
46297,29338,2870,0,0,1,16,3,1.58,0
49813,36082,899,0,0,1,16,0,1.38,0
32650,5800,4960,0,0,1,17,4,5.63,0
14277,13865,2852,0,1,1,5,2,1.03,0
23750,34692,2882,1,0,0,7,0,0.68,0
7080,36362,3821,1,1,0,11,4,0.19,0
20856,24699,471,1,0,0,6,3,0.84,0
24431,34702,338,1,1,1,10,0,0.7,0
4366,3129,2159,1,1,0,19,0,1.4,0
5549,6146,3539,0,1,1,5,5,0.9,0
48503,7654,3957,0,0,1,19,5,6.34,0
49852,16972,1797,0,0,0,13,4,2.94,0
12397,2911,3979,0,1,1,16,3,4.26,0
43142,37038,2234,0,0,1,12,5,1.16,0
40813,11467,4307,0,1,0,19,1,3.56,0
44943,8650,1791,0,1,1,11,5,5.2,0
38547,46278,3438,1,0,0,5,4,0.83,0
23083,41527,2584,1,1,0,7,3,0.56,0
129,32798,2075,0,1,0,8,4,0.0,0
33132,25620,4062,1,1,1,6,4,1.29,0
16903,38758,2914,0,0,0,14,1,0.44,0
37623,49054,2472,0,1,0,20,0,0.77,0
17822,13444,1876,1,1,0,12,0,1.33,0
28298,21639,1671,1,1,1,13,5,1.31,0
1124,33886,369,1,0,0,16,4,0.03,0
18832,27739,876,0,1,0,6,5,0.68,0
19896,42784,315,1,0,0,13,2,0.47,0
37142,18073,3953,0,1,0,12,3,2.06,0
30366,5696,4838,0,0,1,9,5,5.33,0
13385,48560,4449,0,1,0,7,3,0.28,0
403,40525,1367,1,1,1,12,1,0.01,0
33679,28505,4773,1,1,0,18,2,1.18,0
8932,6548,4428,1,1,1,6,3,1.36,0
13940,1096,1381,0,0,1,18,2,12.72,0
20378,35551,2703,0,0,0,20,4,0.57,0
48612,21497,4075,0,0,1,13,2,2.26,0
18652,39334,2642,0,1,1,20,4,0.47,0
18245,13611,3927,1,1,0,14,2,1.34,0
45311,29833,173,1,0,0,14,3,1.52,0
33540,31739,905,0,1,1,6,0,1.06,0
7332,34230,4380,0,0,1,15,1,0.21,0
22247,24758,1219,0,0,1,18,5,0.9,0
10601,23637,2907,0,1,1,15,2,0.45,0
30317,27430,50,0,1,0,17,1,1.11,0
49895,29356,36,0,0,1,5,1,1.7,0
13149,37581,3028,1,0,1,20,4,0.35,0
8569,11281,2152,1,1,0,12,1,0.76,0
30080,22078,787,0,1,0,9,4,1.36,0
49532,36981,260,0,0,0,10,1,1.34,0
41228,20682,4667,1,0,0,11,2,1.99,0
45824,29340,4081,0,0,1,10,0,1.56,0
29467,44928,3693,1,1,1,15,3,0.66,0
40358,23940,3793,1,1,1,5,2,1.69,0
6237,28652,58,1,0,0,7,0,0.22,0
42541,26441,4167,0,0,1,5,4,1.61,0
13859,16733,2276,0,1,1,11,2,0.83,0
27869,9675,3394,0,1,0,16,1,2.88,0
18141,1932,2129,0,0,0,15,3,9.39,0
15203,7972,1704,0,0,0,12,5,1.91,0
25266,5293,4709,0,1,0,12,4,4.77,0
41873,32864,3500,0,0,0,14,4,1.27,0
3374,37942,1085,0,0,0,20,5,0.09,0
45692,15657,3482,1,0,0,9,3,2.92,0
32940,22574,2853,0,1,1,13,1,1.46,0
16589,42016,2212,0,1,0,15,5,0.39,0
46655,37548,3067,0,1,0,17,1,1.24,0
37217,41770,4865,0,0,1,12,0,0.89,0
21870,40519,527,0,0,0,8,0,0.54,0
25592,11495,343,0,1,1,18,2,2.23,0
31287,35288,4685,0,0,1,18,2,0.89,0
14766,38478,3840,0,1,0,8,1,0.38,0
12912,37208,297,1,1,1,20,1,0.35,0
18981,12975,4836,1,1,0,14,4,1.46,0
45505,9903,3142,0,0,1,8,2,4.6,0
20760,10324,3743,0,1,1,10,4,2.01,0
7184,4744,2665,0,1,0,19,0,1.51,0
17278,33506,321,1,1,1,13,4,0.52,0
48047,8014,2090,1,1,1,18,3,6.0,0
12488,16207,1069,1,1,0,17,0,0.77,0
41697,45842,2148,1,1,0,6,3,0.91,0
23288,32545,43,1,0,0,8,3,0.72,0
33087,40543,4292,1,1,0,16,0,0.82,0
33694,12769,3034,0,1,0,13,3,2.64,0
2771,24774,1524,1,1,0,5,5,0.11,0
6779,23104,2555,0,0,0,15,1,0.29,0
841,26591,1890,1,1,1,13,3,0.03,0
24353,12778,3142,1,0,1,11,0,1.91,0
42281,49179,3293,1,0,0,10,3,0.86,0
7321,12766,2459,1,1,1,9,4,0.57,0
5575,43591,3752,1,1,0,5,1,0.13,0
11186,33999,4782,1,0,1,19,1,0.33,0
33406,16049,3226,1,1,0,12,2,2.08,0
12596,43860,2050,0,0,0,5,4,0.29,0
9991,28564,2734,0,0,1,9,1,0.35,0
45232,2238,1966,0,1,0,9,0,20.21,0
45369,41920,1568,1,0,1,15,2,1.08,0
22002,22897,1798,1,0,0,9,1,0.96,0
4628,15165,2220,0,1,0,10,0,0.31,0
7809,40456,2942,0,1,1,10,3,0.19,0
30418,41571,1409,0,0,0,20,2,0.73,0
49152,31661,3036,0,0,0,10,0,1.55,0
11183,8451,1904,0,0,1,15,5,1.32,0
8728,43838,2555,1,0,0,13,5,0.2,0
42262,4963,1231,0,0,0,5,5,8.52,0
38712,45298,2935,0,0,1,11,0,0.85,0
457,35449,424,1,1,0,10,4,0.01,0
2065,26200,3893,0,0,1,12,3,0.08,0
20501,23277,4538,1,1,1,14,0,0.88,0
5697,49328,1691,0,1,0,19,3,0.12,0
7107,43834,986,0,1,1,10,0,0.16,0
9167,23135,1296,1,0,1,18,0,0.4,0
18677,38684,1841,0,1,1,6,0,0.48,0
5193,34965,1853,1,1,1,13,3,0.15,0
43977,24341,3400,1,0,0,19,0,1.81,0
22677,15077,2288,0,1,0,18,3,1.5,0
19626,2532,323,0,1,1,6,4,7.75,0
446,7214,2573,0,0,0,8,0,0.06,0
33558,27514,2004,1,1,1,17,3,1.22,0
2297,17291,2914,0,1,0,19,3,0.13,0
31465,34162,2357,0,1,0,14,0,0.92,0
26871,930,743,1,0,0,10,4,28.89,0
44386,17584,4135,0,0,0,17,0,2.52,0
27497,39606,1540,0,1,0,15,3,0.69,0
36485,14787,3156,0,1,0,20,3,2.47,0
35817,32881,2964,1,1,0,17,1,1.09,0
80,13128,3185,0,0,0,16,0,0.01,0
11664,22441,2815,1,1,0,8,2,0.52,0
33961,7345,4305,0,1,0,6,5,4.62,0
34117,6457,2476,1,1,1,9,2,5.28,0
25771,37744,2765,1,1,0,10,4,0.68,0
26112,512,1031,0,1,0,13,5,51.0,0
48862,43539,2467,1,1,0,12,5,1.12,0
45967,4543,4613,1,0,1,13,2,10.12,0
43284,35904,4584,1,0,1,8,0,1.21,0
39052,35878,2705,0,1,0,14,1,1.09,0
35963,45539,2486,0,1,1,9,2,0.79,0
49963,1958,769,1,1,1,20,0,25.52,0
7526,1600,1410,0,1,0,7,4,4.7,0
15334,43018,2153,1,0,1,13,2,0.36,0
48753,39867,2899,1,1,1,18,5,1.22,0
28079,26546,683,1,0,0,6,1,1.06,0
47816,30894,3979,0,0,0,7,4,1.55,0
29715,26970,2358,1,0,0,19,1,1.1,0
38078,26942,3171,1,1,1,8,4,1.41,0
7611,31524,2080,1,1,1,9,0,0.24,0
22070,23146,4353,0,1,1,18,0,0.95,0
17195,1809,143,1,1,1,16,2,9.51,0
30915,29679,1977,1,0,0,5,3,1.04,0
7660,41225,2850,0,0,1,6,1,0.19,0
42937,12251,4360,0,1,1,7,2,3.5,0
15018,1008,3728,0,0,0,16,0,14.9,0
33081,2277,4292,0,1,1,11,0,14.53,0
31259,47905,1096,1,0,1,20,5,0.65,0
10069,10565,4692,0,1,0,20,3,0.95,0
3022,26765,2509,1,0,1,5,2,0.11,0
41739,31743,3532,1,0,1,13,3,1.31,0
33954,20393,875,1,0,0,18,5,1.66,0
25486,24508,1131,0,0,1,7,4,1.04,0
15680,44770,3873,1,0,1,19,3,0.35,0
43619,4078,4150,1,1,1,17,4,10.7,0
10376,36986,3673,0,1,0,13,0,0.28,0
20862,11808,4483,1,1,0,16,1,1.77,0
27471,39394,4122,1,0,1,15,4,0.7,0
36279,3994,3846,1,0,1,15,3,9.08,0
44064,616,1210,1,0,0,6,4,71.53,0
36139,47431,4697,0,0,1,13,0,0.76,0
11721,16862,528,1,0,1,6,1,0.7,0
23273,47479,2568,0,0,1,10,5,0.49,0
31044,22882,1273,1,0,1,8,3,1.36,0
25614,18117,2687,0,0,1,8,3,1.41,0
9143,19846,981,0,0,1,12,0,0.46,0
33400,16387,3991,1,0,0,20,0,2.04,0
36891,17643,1988,0,0,0,14,4,2.09,0
4558,3345,3445,1,0,0,20,2,1.36,0
32201,39876,3165,1,0,1,9,2,0.81,0
29550,10779,2706,0,1,1,6,0,2.74,0
14333,18844,4179,1,0,0,16,4,0.76,0
5699,47634,3088,0,1,1,13,3,0.12,0
4313,45435,4581,0,0,0,10,4,0.09,0
34622,39347,2902,1,0,1,8,0,0.88,0
30628,13593,4934,0,0,1,16,2,2.25,0
38523,32211,628,1,0,1,9,3,1.2,0
18595,39583,1163,0,0,1,19,3,0.47,0
19986,6244,2268,1,0,0,13,4,3.2,0
220,6743,4621,1,1,1,17,5,0.03,0
46046,34802,4741,0,1,0,13,0,1.32,0
47171,34802,2711,0,0,0,20,0,1.36,0
38757,7216,2212,1,1,0,16,5,5.37,0
45984,9445,1570,0,0,0,17,1,4.87,0
38828,28024,3433,0,1,1,16,3,1.39,0
11506,26216,1848,1,0,1,7,2,0.44,0
20951,35552,4799,1,0,0,8,1,0.59,0
36126,9376,2905,0,0,0,7,3,3.85,0
43449,17492,706,1,0,0,11,5,2.48,0
44555,22902,1600,1,0,1,19,3,1.95,0
32286,19164,1536,1,0,1,18,3,1.68,0
18814,11778,2004,1,1,0,16,3,1.6,0
45668,16941,1769,1,0,0,5,1,2.7,0
44722,28629,2338,1,0,1,18,1,1.56,0
11283,9396,2845,0,0,0,20,4,1.2,0
44052,39281,4670,1,0,1,7,3,1.12,0
3957,6747,871,1,1,0,16,5,0.59,0
20960,33991,4878,0,0,0,16,1,0.62,0
9553,40493,3077,1,1,0,6,5,0.24,0
20563,24281,2476,0,1,1,14,5,0.85,0
11472,40186,3919,0,0,1,16,3,0.29,0
25670,6256,1039,1,1,1,19,3,4.1,0
21729,39394,4237,1,0,1,17,1,0.55,0
32558,25733,1091,0,1,1,18,2,1.27,0
41672,36669,1362,0,0,1,19,0,1.14,0
35456,11555,1028,0,0,0,11,3,3.07,0
47796,27341,4341,0,0,1,18,5,1.75,0
43305,13764,2317,0,1,1,20,0,3.15,0
29439,13285,524,0,0,1,6,5,2.22,0
5304,40831,2800,0,0,1,16,0,0.13,0
33401,47323,3227,0,0,1,5,3,0.71,0
11059,20234,4011,1,0,1,11,5,0.55,0
13399,4602,2391,0,0,1,8,2,2.91,0
29121,618,2641,1,0,1,9,5,47.12,0
3121,14552,2072,0,0,0,7,5,0.21,0
43211,9148,120,1,0,1,14,0,4.72,0
8073,34323,2695,0,0,0,5,5,0.24,0
18643,40452,4844,1,1,0,8,4,0.46,0
6643,44405,4417,0,0,1,16,1,0.15,0
14962,37096,4532,1,0,1,13,0,0.4,0
33611,11856,2244,0,0,0,11,3,2.83,0
1781,49866,1473,1,0,1,18,1,0.04,0
34232,1925,4602,1,1,0,6,1,17.78,0
31548,4610,1873,1,0,0,18,1,6.84,0
12786,36967,2069,1,0,1,12,5,0.35,0
15185,2133,1203,0,0,1,8,3,7.12,0
28436,33808,2171,1,0,1,5,0,0.84,0
25597,44128,1124,0,1,1,10,1,0.58,0
35571,32075,2877,0,1,1,5,0,1.11,0
10918,36576,3492,0,1,0,10,4,0.3,0
10764,43000,3479,0,1,1,12,4,0.25,0
14420,2705,4192,0,1,0,15,5,5.33,0
6120,47478,3547,1,0,1,10,3,0.13,0
36634,19991,1754,1,0,0,18,5,1.83,0
16126,48567,3151,0,1,1,10,3,0.33,0
10808,22505,1022,0,1,0,12,3,0.48,0
3260,31020,3958,0,0,1,12,4,0.11,0
16863,49218,1763,1,1,0,15,0,0.34,0
45676,5073,1289,1,0,1,16,3,9.0,0
26893,13606,3547,1,0,0,17,0,1.98,0
7125,45206,2687,0,1,0,20,1,0.16,0
10477,14364,2135,1,0,1,9,5,0.73,0
18698,4126,1652,1,1,0,18,5,4.53,0
28090,10250,3260,0,0,1,16,2,2.74,0
14534,21040,2665,1,0,0,19,5,0.69,0
4972,44889,3331,0,0,0,15,2,0.11,0
20662,42335,4572,1,1,1,13,2,0.49,0
16711,19198,2506,1,0,1,12,5,0.87,0
34932,47590,2685,0,0,0,18,0,0.73,0
39828,41803,115,0,1,1,12,2,0.95,0
24834,19059,3767,1,0,0,8,4,1.3,0
42242,34374,1313,0,0,0,6,4,1.23,0
33448,8772,804,1,1,1,11,2,3.81,0
18194,35800,3042,1,1,1,19,3,0.51,0
11094,24511,1349,0,1,1,16,3,0.45,0
15588,35348,3288,0,0,1,13,5,0.44,0
33205,21681,1340,0,1,0,12,4,1.53,0
38130,17662,1269,1,0,0,10,1,2.16,0
6124,47638,345,1,0,1,14,4,0.13,0
19296,29240,517,1,0,0,7,4,0.66,0
10672,44128,262,1,1,1,18,0,0.24,0
40817,37976,3926,0,1,1,12,2,1.07,0
9825,28101,150,0,1,0,11,0,0.35,0
23991,17720,2948,0,0,0,20,2,1.35,0
8102,33041,4779,0,0,0,17,1,0.25,0
33737,38497,3101,1,0,1,10,3,0.88,0
47993,12814,4832,0,1,0,15,5,3.75,0
17021,37008,4759,0,1,1,20,1,0.46,0
2387,31069,1004,0,0,0,14,1,0.08,0
1521,21084,1107,0,1,1,7,0,0.07,0
39705,8951,2564,1,1,0,20,4,4.44,0
24507,6940,2685,0,1,1,8,5,3.53,0
2475,17405,4535,1,1,0,15,5,0.14,0
28901,433,2700,0,1,1,15,1,66.75,0
19788,43340,541,1,1,0,9,3,0.46,0
48907,24309,4346,1,0,0,5,2,2.01,0
30102,44479,1028,0,0,0,11,5,0.68,0
6188,1860,997,1,1,1,16,1,3.33,0
7938,26826,194,1,0,1,7,5,0.3,0
5996,34741,4806,0,0,0,20,4,0.17,0
22133,16801,65,0,0,1,17,3,1.32,0
16120,23133,1686,0,1,1,10,4,0.7,0
41681,4725,2722,0,1,0,10,1,8.82,0
14212,8111,3972,1,0,1,16,0,1.75,0
6817,30533,4377,1,0,1,19,1,0.22,0
15348,12334,4247,0,0,1,9,5,1.24,0
32282,17529,104,1,1,0,7,0,1.84,0
21867,37998,4087,0,1,1,8,3,0.58,0
39736,5071,3022,1,0,1,14,4,7.84,0
17130,47253,2939,1,1,0,17,2,0.36,0
13151,27965,1408,1,0,0,19,4,0.47,0
46401,32332,3441,1,1,1,18,2,1.44,0
27748,5180,2960,0,1,0,19,5,5.36,0
33426,21693,4009,0,1,1,10,3,1.54,0
22977,42130,3854,0,1,1,5,3,0.55,0
22369,20561,988,1,1,1,12,1,1.09,0
2733,47279,1650,0,0,0,10,3,0.06,0
42229,14328,488,1,1,1,6,5,2.95,0
8206,15901,4147,1,0,1,13,2,0.52,0
45622,42165,1359,0,0,1,19,0,1.08,0
36023,37437,4660,0,1,1,13,2,0.96,0
29451,42611,0,1,1,0,12,4,0.69,0
25914,48239,282,1,0,1,17,1,0.54,0
31941,8396,1536,0,1,0,19,2,3.8,0
24832,36768,3768,0,0,1,16,2,0.68,0
45750,16543,1389,1,1,0,8,5,2.77,0
29142,44578,3544,1,1,0,14,5,0.65,0
35664,41745,1531,0,0,0,19,4,0.85,0
46924,10089,780,1,1,0,5,1,4.65,0
43428,32679,1627,0,0,0,10,4,1.33,0
39588,3815,4165,0,1,1,6,4,10.38,0
45734,5390,280,0,0,0,12,3,8.48,0
35790,35891,4927,0,1,0,12,0,1.0,0
18022,23670,4502,1,1,0,6,0,0.76,0
36879,3421,1739,1,1,0,5,1,10.78,0
49495,28608,4147,1,0,0,5,1,1.73,0
29260,23925,503,1,0,0,11,4,1.22,0
15496,26185,4256,1,1,0,16,4,0.59,0
48220,40839,864,1,1,0,12,4,1.18,0
22822,12026,4074,1,0,0,10,1,1.9,0
45587,30644,161,0,1,0,17,5,1.49,0
48591,15799,3145,0,0,1,17,2,3.08,0
49834,18047,2893,1,0,1,13,4,2.76,0
44123,18005,1750,1,0,1,6,1,2.45,0
16017,34861,744,0,0,1,9,1,0.46,0
21600,27099,3950,1,1,1,18,5,0.8,0
2098,22666,2432,1,1,0,9,2,0.09,0
24198,8097,801,0,0,1,15,2,2.99,0
11353,27791,3003,1,1,0,18,1,0.41,0
40676,19217,1707,1,1,1,9,5,2.12,0
22571,21239,3250,1,0,1,17,5,1.06,0
44594,21223,4694,1,1,0,8,5,2.1,0
24474,42733,716,0,0,0,7,2,0.57,0
35185,31308,1005,1,0,1,18,1,1.12,0
47459,38478,3044,1,0,1,8,0,1.23,0
3302,10273,3816,0,0,0,7,2,0.32,0
37042,38870,3864,0,1,0,20,4,0.95,0
18600,14738,2516,0,1,1,13,5,1.26,0
16604,31549,3097,1,1,0,18,3,0.53,0
44918,7264,4743,0,1,1,20,4,6.18,0
14940,49452,763,1,1,1,18,1,0.3,0
18178,37224,905,1,0,0,5,4,0.49,0
16214,28152,1386,0,0,1,8,1,0.58,0
27281,4708,4379,0,0,0,6,0,5.79,0
32890,33890,533,0,0,1,17,3,0.97,0
10981,40487,2895,0,1,0,17,4,0.27,0
13584,18202,49,1,1,1,11,5,0.75,0
13516,33051,1676,0,0,1,13,3,0.41,0
30323,4459,3697,0,1,1,16,0,6.8,0
3816,44942,773,0,1,1,5,3,0.08,0
43198,28599,98,0,1,1,5,4,1.51,0
18421,5684,818,0,1,1,8,2,3.24,0
11542,42349,1672,1,0,1,6,0,0.27,0
18986,12850,1560,1,0,1,9,3,1.48,0
43544,45819,2138,1,0,0,14,3,0.95,0
10725,1941,4551,0,0,1,5,0,5.53,0
10423,9137,1488,1,0,0,18,1,1.14,0
6480,9012,3586,0,1,1,19,2,0.72,0
37323,22246,2019,0,1,1,15,3,1.68,0
49836,27429,4207,0,0,0,10,0,1.82,0
42761,12623,4846,0,1,0,20,1,3.39,0
47131,18746,3014,0,0,1,6,4,2.51,0
36789,6433,570,1,0,1,18,0,5.72,0
46913,22201,501,1,1,0,19,5,2.11,0
486,27448,803,0,0,0,6,1,0.02,0
5857,3112,2824,1,0,1,10,3,1.88,0
47877,4495,1867,0,0,0,12,5,10.65,0
37815,48045,156,0,0,0,11,5,0.79,0
19124,43797,513,1,1,1,18,5,0.44,0
18118,8408,2777,1,1,1,5,4,2.15,0
19897,10127,3203,0,0,0,14,4,1.96,0
43712,26054,2431,1,0,0,9,1,1.68,0
2241,35947,2692,0,1,0,17,2,0.06,0
21307,35992,40,0,0,0,16,1,0.59,0
695,23473,1792,1,0,0,20,4,0.03,0
48155,25980,4616,1,0,1,9,1,1.85,0
15040,20937,2648,0,1,1,15,3,0.72,0
1759,14344,1328,1,0,1,16,5,0.12,0
4625,15579,3255,0,1,0,15,1,0.3,0
10743,13511,2170,1,1,1,8,3,0.8,0
34284,25602,2681,0,0,1,15,5,1.34,0
28852,29307,49,0,1,0,9,0,0.98,0
44804,27521,1012,0,0,1,14,0,1.63,0
29086,22479,2086,0,1,1,10,1,1.29,0
36914,32553,2415,0,1,0,12,5,1.13,0
37172,14911,255,0,1,0,13,5,2.49,0
38529,37717,3449,1,0,0,6,1,1.02,0
24028,8003,4500,0,0,0,20,1,3.0,0
10037,29113,3252,1,1,0,11,5,0.34,0
6451,41621,478,0,0,1,7,4,0.15,0
24843,47292,2472,1,0,0,14,5,0.53,0
34087,4432,4754,0,0,0,5,2,7.69,0
5387,12582,1417,1,0,0,12,1,0.43,0
21882,8289,464,0,0,0,6,4,2.64,0
22589,23935,3500,1,0,1,12,4,0.94,0
3342,37686,2772,0,0,0,12,3,0.09,0
48004,32826,4119,1,0,1,17,5,1.46,0
27906,44759,378,1,1,1,6,3,0.62,0
19843,27992,21,0,1,0,18,3,0.71,0
47125,46928,4357,0,0,0,13,3,1.0,0
32464,14640,4547,0,0,1,15,5,2.22,0
722,7270,2627,0,1,1,11,0,0.1,0
3130,16043,1372,1,1,0,10,4,0.2,0
19784,2522,4288,0,1,1,17,2,7.84,0
6218,46495,2920,0,1,0,5,2,0.13,0
28544,24156,1488,1,1,0,10,3,1.18,0
36942,45320,1775,1,0,1,5,4,0.82,0
42290,7981,4327,0,1,1,9,4,5.3,0
7590,43475,2066,0,1,0,6,0,0.17,0
7602,38770,2847,0,0,0,12,0,0.2,0
48297,45512,127,1,1,0,17,2,1.06,0
11063,32662,2554,1,1,1,9,1,0.34,0
26483,48986,4753,1,1,0,5,3,0.54,0
5528,47750,3947,0,0,0,10,3,0.12,0
16531,46779,2617,0,1,0,16,4,0.35,0
28351,39725,2212,0,0,0,13,4,0.71,0
46487,39375,69,1,1,1,5,0,1.18,0
20286,7537,4488,1,0,0,9,2,2.69,0
23998,16685,1394,0,1,1,14,0,1.44,0
34241,7294,2786,1,1,0,13,3,4.69,0
10944,39442,4606,0,1,0,14,4,0.28,0
31496,22615,3704,1,0,0,9,2,1.39,0
34337,1266,3901,0,0,1,11,5,27.12,0
16059,10180,4211,1,0,1,8,2,1.58,0
31816,38998,1739,0,0,0,20,4,0.82,0
3651,3328,4316,1,0,1,13,1,1.1,0
16167,48624,4874,1,1,1,13,3,0.33,0
44849,45533,2499,0,1,0,12,3,0.98,0
8030,36268,704,0,1,1,13,2,0.22,0
49540,18295,2391,1,0,1,6,5,2.71,0
3538,20359,1126,1,1,1,9,5,0.17,0
12686,47799,2742,0,0,0,20,3,0.27,0
40644,2855,1588,1,0,1,20,2,14.24,0
39222,17090,4946,0,0,0,11,2,2.3,0
31518,44996,809,1,1,0,11,0,0.7,0
49905,29187,4585,1,1,1,10,5,1.71,0
17769,16072,3754,1,1,1,20,2,1.11,0
20178,12011,4238,1,0,1,13,2,1.68,0
13869,47052,1031,1,0,0,10,4,0.29,0
5320,41472,4487,1,0,0,5,2,0.13,0
38648,37989,3351,0,0,1,11,5,1.02,0
31462,41282,13,1,0,1,18,2,0.76,0
22808,12792,2438,0,1,1,13,5,1.78,0
37416,12198,1649,1,1,0,11,2,3.07,0
15070,25567,4450,1,1,1,12,0,0.59,0
3436,31410,1802,1,0,1,7,3,0.11,0
15925,34652,3698,0,1,1,20,1,0.46,0
7399,17442,1511,0,1,0,12,1,0.42,0
8464,10837,2009,1,1,0,17,3,0.78,0
5189,40113,4602,0,0,1,9,5,0.13,0
1081,40651,1464,0,0,0,17,3,0.03,0
33299,24249,1807,1,1,1,8,5,1.37,0
21403,10833,2945,1,0,1,12,1,1.98,0
5568,36700,4215,0,1,1,6,3,0.15,0
44127,25082,323,1,1,0,7,5,1.76,0
45785,8676,1567,1,0,1,15,2,5.28,0
34371,1359,3939,0,1,1,15,2,25.29,0
21403,19630,2459,0,1,0,19,5,1.09,0
29779,12860,4909,0,1,0,19,4,2.32,0
31259,18577,2545,0,1,1,12,5,1.68,0
24788,8999,2756,1,1,0,14,0,2.75,0
8941,10173,832,0,1,1,10,4,0.88,0
16415,44356,522,1,1,0,13,0,0.37,0
24252,43287,2425,1,0,1,14,2,0.56,0
25271,41176,3557,0,1,1,17,1,0.61,0
17848,6439,2828,0,1,0,6,5,2.77,0
23398,41918,2041,0,0,0,19,5,0.56,0
17409,19045,4145,0,1,1,9,3,0.91,0
38809,12580,432,1,1,1,15,1,3.08,0
34356,5093,1291,1,0,0,7,1,6.75,0
6342,17657,3299,1,1,1,18,1,0.36,0
7386,17001,2997,1,0,0,19,3,0.43,0
16595,33595,3139,1,1,1,7,2,0.49,0
18719,34373,2735,1,0,0,18,4,0.54,0
39200,3791,2080,0,1,1,13,1,10.34,0
8425,47744,511,0,1,0,19,3,0.18,0
22668,7209,1894,1,0,0,14,5,3.14,0
34135,2133,775,1,0,0,11,1,16.0,0
43032,33933,1495,1,1,0,14,2,1.27,0
7867,47019,1675,0,0,1,18,3,0.17,0
24907,13774,3165,1,1,1,12,5,1.81,0
25755,46171,2758,1,0,1,5,4,0.56,0
37349,12314,2650,1,1,0,20,5,3.03,0
5751,46590,3250,1,0,0,6,3,0.12,0
39235,16837,857,0,0,1,13,1,2.33,0
37937,46007,188,1,1,1,18,1,0.82,0
45379,39896,4607,0,1,0,8,5,1.14,0
30469,270,4010,1,1,0,20,3,112.85,0
35559,27085,3586,1,1,1,15,3,1.31,0
49803,46608,4549,1,0,1,11,2,1.07,0
37990,32278,3647,0,1,1,15,4,1.18,0
6141,49119,2732,1,0,0,19,2,0.13,0
30903,818,3069,1,1,1,20,4,37.78,0
26818,19297,2722,1,1,1,6,2,1.39,0
16312,42399,302,1,1,0,20,5,0.38,0
1224,30594,1651,0,1,1,18,2,0.04,0
37348,9412,2766,0,0,0,14,4,3.97,0
26650,32515,402,0,0,0,8,4,0.82,0
3746,43523,2876,0,1,1,18,4,0.09,0
45221,43868,3993,1,0,1,10,5,1.03,0
3806,29373,833,0,1,1,8,0,0.13,0
46569,25042,1633,1,1,1,6,2,1.86,0
33247,36024,2004,1,1,1,13,5,0.92,0
32068,20089,4937,0,0,0,19,4,1.6,0
39834,2412,4714,1,0,0,14,2,16.51,0
13318,32788,1444,0,0,1,17,5,0.41,0
33928,30829,4718,1,1,0,11,1,1.1,0
30514,30445,4164,0,1,0,19,1,1.0,0
37937,14126,3403,1,0,0,16,2,2.69,0
45900,17316,2201,1,0,1,5,3,2.65,0
9250,22377,742,0,1,0,17,2,0.41,0
2249,14307,4671,0,0,0,9,0,0.16,0
42006,4386,204,1,1,1,8,5,9.58,0
32077,25921,4923,1,0,1,15,2,1.24,0
5207,26523,4437,1,1,1,7,3,0.2,0
38461,12859,646,0,0,1,10,3,2.99,0
39396,16889,3689,1,1,1,6,2,2.33,0
17952,18260,4048,0,1,1,15,0,0.98,0
25297,19710,2619,0,0,0,5,4,1.28,0
43667,38102,4368,1,0,0,6,5,1.15,0
7490,8562,40,1,1,0,17,4,0.87,0
15002,16332,4409,1,1,1,12,4,0.92,0
19197,29110,933,1,1,1,6,3,0.66,0
557,32008,2637,0,1,1,11,1,0.02,0
22935,20914,2375,1,1,1,18,3,1.1,0
42758,27635,1604,1,1,0,7,3,1.55,0
26974,23732,4819,1,0,0,20,5,1.14,0
15725,7831,1842,1,0,0,17,2,2.01,0
15378,48078,559,1,1,1,9,2,0.32,0
42169,4628,2283,0,1,1,20,3,9.11,0
42919,12662,3489,1,1,0,19,4,3.39,0
30551,3571,3387,1,1,1,17,5,8.56,0
49912,38199,4719,0,0,1,5,4,1.31,0
21892,4831,1505,0,0,1,8,2,4.53,0
13499,16025,3133,1,1,0,13,5,0.84,0
8908,15134,3864,1,1,1,8,1,0.59,0
7136,15554,4504,1,1,0,6,2,0.46,0
32937,33961,2130,1,1,0,9,1,0.97,0
3991,45827,3733,1,1,0,16,0,0.09,0
24381,11121,4511,1,0,1,5,3,2.19,0
2382,32704,528,0,0,0,9,0,0.07,0
946,8519,4612,0,0,0,20,3,0.11,0
17561,11552,2415,1,1,1,15,4,1.52,0
31111,13251,2539,1,1,0,6,0,2.35,0
1252,37456,2463,0,1,0,6,3,0.03,0
3722,32599,618,0,0,0,8,4,0.11,0
47618,40830,3165,1,1,0,14,0,1.17,0
10345,28095,1883,1,0,1,14,3,0.37,0
29397,49447,22,1,0,1,17,4,0.59,0
49297,24234,1099,1,0,0,20,3,2.03,0
42143,12557,1297,0,1,1,16,0,3.36,0
46072,13013,1971,0,1,1,11,3,3.54,0
41759,45447,2094,0,1,0,13,2,0.92,0
29629,10341,49,1,0,0,14,3,2.87,0
21373,24190,374,0,1,1,17,2,0.88,0
28533,41435,1633,1,0,0,9,2,0.69,0
250,13113,2444,0,1,0,11,3,0.02,0
18980,6782,1278,1,1,1,5,2,2.8,0
38738,7165,3885,0,1,1,17,1,5.41,0
32275,19163,4631,1,1,0,16,0,1.68,0
14459,23509,1107,1,1,0,17,1,0.62,0
47130,5545,2763,0,0,0,15,4,8.5,0
48125,737,2157,0,1,1,18,0,65.3,0
40503,20239,829,1,1,1,6,0,2.0,0
42891,969,783,0,0,1,14,0,44.26,0
18562,37266,2559,0,1,1,15,4,0.5,0
39884,37320,4584,0,1,0,20,0,1.07,0
13205,31497,3010,1,0,1,7,1,0.42,0
46891,28372,1981,1,1,0,15,3,1.65,0
32521,1367,1808,1,1,1,14,1,23.79,0
25028,46958,1976,1,0,1,16,5,0.53,0
22614,40801,237,0,0,1,20,4,0.55,0
32587,25094,4772,0,1,1,5,4,1.3,0
6629,32766,3716,1,1,0,11,4,0.2,0
5043,5484,3609,0,0,0,17,2,0.92,0
40640,46664,711,0,1,1,16,3,0.87,0
41795,31725,1034,0,0,0,8,3,1.32,0
17765,8341,4379,0,0,1,18,2,2.13,0
31863,23843,230,0,0,1,8,4,1.34,0
40777,38259,4774,1,0,0,7,4,1.07,0
28256,47320,3355,0,0,0,5,4,0.6,0
24822,48680,3270,1,0,0,16,5,0.51,0
15594,35846,2856,1,1,1,5,2,0.44,0
16810,38313,3075,1,0,1,20,5,0.44,0
27823,3077,2419,1,0,0,20,2,9.04,0
31428,43130,1973,0,0,0,10,3,0.73,0
46361,26589,1467,0,1,1,6,3,1.74,0
41374,40249,623,1,0,1,6,4,1.03,0
34010,15543,2158,0,0,1,17,0,2.19,0
45979,28054,2575,1,0,1,13,4,1.64,0
6755,6674,1146,1,1,0,12,2,1.01,0
36207,11469,821,1,1,1,11,3,3.16,0
386,9657,3176,1,1,1,10,4,0.04,0
4302,5927,3352,0,0,0,17,4,0.73,0
30233,6536,1516,0,0,1,17,0,4.63,0
38600,44646,4543,0,1,0,13,0,0.86,0
11752,23926,923,0,0,1,6,3,0.49,0
13996,34906,828,1,0,0,9,5,0.4,0
14959,20319,2490,1,0,1,18,2,0.74,0
26522,24465,1407,0,0,1,12,4,1.08,0
3787,40816,2313,1,1,0,6,0,0.09,0
7112,23529,33,0,0,0,17,4,0.3,0
42257,48493,2231,1,0,0,17,1,0.87,0
40821,41059,4888,1,1,1,10,4,0.99,0
25410,29712,2600,1,0,1,17,2,0.86,0
6152,11966,2799,0,1,0,5,5,0.51,0
40061,5367,2400,0,1,0,9,3,7.46,0
5873,26574,3307,0,0,0,18,2,0.22,0
33457,13512,1130,1,0,0,8,5,2.48,0
49734,22775,4671,1,1,1,10,4,2.18,0
44907,25302,2775,1,0,1,8,5,1.77,0
22432,30759,1022,1,1,0,10,4,0.73,0
34964,1633,3559,1,1,0,20,2,21.41,0
27799,38868,4114,1,1,0,8,0,0.72,0
32405,745,4007,0,1,0,11,1,43.5,0
26182,27043,1504,1,1,0,16,2,0.97,0
36606,38268,3590,1,0,0,14,2,0.96,0
34290,33097,2745,1,1,0,5,1,1.04,0
45044,45579,1731,1,1,1,13,1,0.99,0
47578,41701,1934,0,0,0,16,4,1.14,0
49922,18418,3375,0,0,1,8,5,2.71,0
16167,21399,4119,0,1,0,19,1,0.76,0
27308,36929,4396,0,1,0,19,1,0.74,0
29076,14381,3968,0,0,0,17,5,2.02,0
29432,1746,4978,0,0,1,14,4,16.86,0
10746,43841,3770,1,1,1,6,1,0.25,0
34920,35598,1533,1,1,1,14,5,0.98,0
47450,11458,4407,0,0,1,5,5,4.14,0
21151,46023,1641,1,0,0,19,0,0.46,0
26619,24480,2546,1,1,1,8,0,1.09,0
11726,27700,1505,0,0,0,6,2,0.42,0
13498,13089,3763,0,1,0,17,2,1.03,0
32837,11022,245,1,0,1,15,2,2.98,0
14967,42695,3320,1,0,1,19,0,0.35,0
33806,47374,4032,1,1,0,5,1,0.71,0
4347,42088,3482,1,0,0,10,2,0.1,0
42122,24430,3344,1,0,1,16,0,1.72,0
19737,13925,1066,1,1,1,8,1,1.42,0
25965,4984,4362,1,0,0,5,2,5.21,0
16782,40693,4566,0,1,1,17,5,0.41,0
37876,19594,714,0,0,1,16,3,1.93,0
38028,10599,4233,0,1,1,9,3,3.59,0
28007,21257,3047,1,0,0,19,4,1.32,0
25240,13939,146,1,0,0,19,3,1.81,0
5887,40664,1398,0,0,1,9,3,0.14,0
19848,15756,690,1,0,1,5,0,1.26,0
46291,34933,1026,0,0,1,19,3,1.33,0
8603,12935,2504,1,1,0,12,4,0.67,0
19653,13280,1163,1,0,1,9,0,1.48,0
11069,19109,1298,1,0,1,20,3,0.58,0
1283,43418,8,0,1,0,11,5,0.03,0
1515,20870,3320,1,0,1,20,2,0.07,0
49174,35771,2201,1,1,1,18,5,1.37,0
34326,20420,1103,1,1,1,18,5,1.68,0
34696,34317,865,1,1,0,10,5,1.01,0
39871,44314,3526,1,1,0,18,0,0.9,0
11142,9245,2012,0,1,0,8,2,1.21,0
31277,33876,1347,1,1,1,18,5,0.92,0
34713,24840,3236,0,0,0,14,1,1.4,0
9076,24763,3209,0,1,1,17,2,0.37,0
43064,33988,2603,0,0,1,17,1,1.27,0
37591,7907,2143,1,0,1,7,4,4.75,0
45554,12718,4607,1,1,1,16,0,3.58,0
4514,12937,4422,0,0,1,13,0,0.35,0
29191,18002,4699,1,0,0,18,3,1.62,0
46184,38957,3809,0,1,1,17,0,1.19,0
10403,42064,1737,1,0,0,20,3,0.25,0
26495,15012,181,0,0,1,18,5,1.76,0
48456,12765,1293,1,1,0,9,2,3.8,0
10598,24494,2000,0,0,1,19,3,0.43,0
21327,2365,2199,1,0,1,9,4,9.02,0
38221,35393,3730,0,0,0,20,5,1.08,0
29009,27373,2884,0,0,1,11,5,1.06,0
26401,2602,2429,0,1,1,5,3,10.15,0
48647,7122,1867,1,0,0,12,4,6.83,0
41985,6406,383,1,0,1,12,3,6.55,0
5799,32113,461,1,0,1,10,0,0.18,0
32336,4998,4076,0,1,0,8,1,6.47,0
42642,7353,466,1,1,1,12,4,5.8,0
31078,49232,4326,1,0,0,15,4,0.63,0
49342,7881,4060,0,1,0,6,0,6.26,0
20642,24761,4988,0,1,1,19,1,0.83,0
35139,31609,2204,0,1,1,8,1,1.11,0
46560,18339,1065,0,0,1,16,5,2.54,0
5558,47582,1426,0,0,0,5,5,0.12,0
4617,2628,3747,0,0,1,16,4,1.76,0
47522,33077,2431,1,1,1,13,0,1.44,0
42648,38711,1260,0,0,1,15,5,1.1,0
47256,26365,2178,0,1,0,5,5,1.79,0
23484,7311,4160,1,1,0,5,3,3.21,0
39908,2413,863,0,0,1,7,0,16.54,0
33579,2662,2483,1,1,0,9,0,12.61,0
8826,47679,224,0,0,1,18,2,0.19,0
27912,15510,4484,1,1,1,15,0,1.8,0
45443,24485,1062,1,1,1,16,0,1.86,0
8012,91,4961,1,0,1,14,4,88.04,0
42281,28595,4175,1,0,0,16,0,1.48,0
26430,14860,1069,1,1,0,16,2,1.78,0
9158,9748,2016,0,1,0,13,1,0.94,0
23457,29524,3701,1,1,0,11,3,0.79,0
38829,17976,2504,1,1,1,8,3,2.16,0
39587,20041,3826,1,0,1,11,0,1.98,0
25192,33301,4099,1,0,0,10,3,0.76,0
37860,45048,1685,1,1,0,9,5,0.84,0
49403,21655,2469,0,0,0,16,1,2.28,0
12255,20937,2323,1,0,0,11,0,0.59,0
4285,34049,2849,0,1,1,15,0,0.13,0
49384,45608,4588,0,1,1,14,1,1.08,0
3302,12148,3606,0,1,0,11,4,0.27,0
21866,10229,3352,1,0,1,10,1,2.14,0
11014,26859,4597,0,0,0,13,1,0.41,0
44390,29523,3481,1,0,1,14,2,1.5,0
21697,3950,4322,1,1,0,5,0,5.49,0
25738,29640,511,0,1,0,15,0,0.87,0
8045,17500,1261,1,0,1,5,2,0.46,0
38904,394,462,0,1,0,9,0,98.74,0
37900,15121,583,1,1,0,15,0,2.51,0
22030,48193,1993,0,0,0,7,2,0.46,0
145,20430,2097,1,0,1,13,3,0.01,0
28823,12479,2905,1,1,1,8,5,2.31,0
31494,34333,4243,0,1,0,14,4,0.92,0
37844,23632,1526,0,1,0,17,1,1.6,0
9781,19997,2374,1,0,0,19,5,0.49,0
46469,4860,2979,0,1,1,12,2,9.56,0
31694,6343,4858,0,1,0,14,2,5.0,0
19810,43622,3965,0,0,1,17,2,0.45,0
30699,30608,1782,0,1,1,17,3,1.0,0
1029,615,1226,0,1,0,10,1,1.67,0
28330,25289,2734,1,0,0,15,5,1.12,0
47204,21339,4201,1,0,0,11,1,2.21,0
7633,48190,2763,0,1,1,15,1,0.16,0
18637,10841,2714,1,1,1,17,3,1.72,0
23363,22197,1346,0,0,1,10,0,1.05,0
11250,13441,4904,0,1,0,16,4,0.84,0
33518,12140,2014,1,0,0,13,4,2.76,0
29719,49795,3250,1,0,0,18,2,0.6,0
2861,8446,1318,0,0,0,20,1,0.34,0
12038,35293,1930,1,1,0,6,1,0.34,0
2040,17237,2378,0,0,1,12,0,0.12,0
8834,15166,1472,1,0,1,16,5,0.58,0
35775,42979,3236,0,1,1,9,3,0.83,0
9903,253,2134,1,1,1,16,2,39.14,0
36488,40657,2906,0,0,1,9,0,0.9,0
20613,36150,3775,1,1,0,7,1,0.57,0
2417,16126,4648,0,1,0,11,0,0.15,0
16721,38192,353,0,0,1,7,5,0.44,0
20072,24088,2044,0,1,1,17,2,0.83,0
35511,48174,3717,1,0,1,11,0,0.74,0
37571,33689,559,1,0,0,7,3,1.12,0
5863,11804,3625,1,1,1,11,4,0.5,0
23681,27657,1178,1,1,1,9,0,0.86,0
41469,46334,1356,0,1,0,12,3,0.9,0
5579,4035,4848,1,1,0,16,1,1.38,0
944,35240,3222,1,1,0,11,2,0.03,0
26541,11360,455,1,0,0,11,2,2.34,0
30013,19385,2309,0,1,1,13,1,1.55,0
10675,5865,2032,1,1,1,16,0,1.82,0
34220,14227,4402,1,0,1,7,1,2.41,0
26135,44728,4078,0,0,1,8,1,0.58,0
14841,35754,148,0,1,0,7,5,0.42,0
16595,37146,4349,0,1,1,16,5,0.45,0
1972,7959,4575,0,1,0,17,3,0.25,0
25606,2028,2346,0,1,1,15,4,12.63,0
5696,21964,3216,1,1,0,7,3,0.26,0
19229,46584,4994,0,1,0,7,3,0.41,0
9933,25085,461,1,0,0,13,5,0.4,0
33939,28805,4243,1,1,0,20,1,1.18,0
17667,24133,3780,0,1,1,16,4,0.73,0
20292,44153,3943,1,0,1,9,3,0.46,0
10420,46309,678,0,0,0,18,4,0.23,0
4881,39989,4927,1,0,1,13,3,0.12,0
710,43990,3058,0,1,0,5,4,0.02,0
42350,42930,928,1,1,1,7,4,0.99,0
41384,951,2813,1,0,0,6,2,43.52,0
20752,4846,1365,1,0,0,17,2,4.28,0
14813,45695,4329,1,0,1,20,2,0.32,0
1096,46481,1304,1,0,1,7,2,0.02,0
40657,28913,4578,0,1,0,15,2,1.41,0
5142,48779,1814,1,0,1,6,5,0.11,0
11915,5227,2945,0,0,0,19,2,2.28,0
7332,13932,1,0,1,0,14,5,0.53,0
11460,23217,3173,0,1,0,16,3,0.49,0
740,14682,4851,1,0,1,20,2,0.05,0
12881,45679,4857,1,1,1,18,5,0.28,0
43967,9944,116,1,1,1,11,5,4.42,0
36225,41614,1711,1,0,0,11,4,0.87,0
18166,26888,886,1,1,1,15,3,0.68,0
20324,4070,3148,0,0,0,6,0,4.99,0
27822,19831,4673,0,1,1,11,2,1.4,0
4996,10390,2751,1,0,0,18,2,0.48,0
13214,42692,3497,0,1,1,15,0,0.31,0
22021,3879,4896,1,1,1,11,3,5.68,0
578,22452,2015,1,0,1,19,3,0.03,0
34958,27728,4549,1,1,0,13,3,1.26,0
40751,21620,2430,1,0,0,17,3,1.88,0
28155,571,1740,0,0,1,19,5,49.31,0
38933,36519,2140,0,0,1,12,1,1.07,0
43551,26554,1490,1,0,0,20,4,1.64,0
49624,34361,3371,0,1,0,6,5,1.44,0
49881,19367,1323,1,0,0,13,2,2.58,0
24080,34863,785,1,0,1,18,0,0.69,0
24766,6739,876,0,0,0,17,5,3.68,0
12249,38431,1648,1,0,0,17,2,0.32,0
35124,28743,2633,1,1,0,13,2,1.22,0
46374,32035,1138,1,1,1,7,1,1.45,0
830,47846,4107,0,0,0,12,0,0.02,0
49171,40638,4790,1,1,1,11,1,1.21,0
20174,20908,4301,0,0,1,20,0,0.96,0
44923,45858,2424,1,0,0,14,5,0.98,0
15058,18461,2100,0,0,0,16,2,0.82,0
9504,40649,4653,1,1,1,6,0,0.23,0
5226,44608,703,1,0,1,20,5,0.12,0
41734,44434,3176,0,0,0,6,2,0.94,0
44199,5274,4419,0,0,1,6,3,8.38,0
43650,38246,973,0,1,1,17,2,1.14,0
7178,23504,154,1,1,0,18,3,0.31,0
43734,1972,2789,0,0,1,5,0,22.18,0
33525,15436,2255,1,0,1,19,4,2.17,0
44815,22256,290,1,0,0,17,5,2.01,0
40075,22245,1351,1,1,0,16,1,1.8,0
47241,4069,4314,0,1,1,11,4,11.61,0
31365,3211,1517,1,0,1,5,4,9.77,0
42764,28494,29,0,1,1,11,2,1.5,0
24796,28497,1989,1,1,1,11,5,0.87,0
2060,19965,3326,1,1,1,20,3,0.1,0
11629,5488,806,0,1,1,15,2,2.12,0
40923,29361,4279,1,1,0,12,5,1.39,0
982,12989,2085,1,1,0,10,4,0.08,0
27618,47014,983,0,0,0,12,2,0.59,0
33534,38730,823,1,0,1,7,5,0.87,0
18049,3179,4207,0,1,0,5,5,5.68,0
14530,41453,487,1,0,0,15,4,0.35,0
30022,42990,3006,0,1,0,6,1,0.7,0
47437,30707,3621,0,1,1,15,3,1.54,0
40602,17486,212,0,0,1,13,0,2.32,0
43553,6270,325,1,1,0,13,2,6.95,0
35966,41740,2729,1,1,0,11,0,0.86,0
22204,9187,1566,1,1,0,12,3,2.42,0
7553,8660,2873,0,0,0,14,0,0.87,0
46536,18176,1065,0,1,0,6,2,2.56,0
5252,45243,95,1,0,1,5,0,0.12,0
9815,35950,4325,0,1,1,13,0,0.27,0
24536,8612,1961,1,0,0,6,3,2.85,0
22339,23337,4382,0,1,1,16,3,0.96,0
41353,1566,4272,1,1,0,16,0,26.41,0
23464,49456,4612,0,0,0,12,3,0.47,0
14546,23520,439,0,1,1,8,3,0.62,0
45081,34182,3559,0,1,1,19,5,1.32,0
32160,26210,3943,1,0,1,8,4,1.23,0
33541,1614,2626,1,0,0,15,1,20.78,0
21600,48264,1406,1,1,0,9,1,0.45,0
45602,13431,4255,0,0,1,7,2,3.4,0
46718,45620,3573,1,0,1,13,4,1.02,0
38590,21289,2465,1,1,0,16,2,1.81,0
34980,1887,1781,1,1,0,6,5,18.54,0
2616,47234,1599,1,0,0,11,3,0.06,0
42320,46736,1540,1,1,1,14,1,0.91,0
9138,15840,592,1,0,0,20,2,0.58,0
16887,25796,3635,1,1,0,9,1,0.65,0
24734,8752,3137,1,0,1,11,0,2.83,0
43187,12527,48,0,1,1,13,3,3.45,0
41993,25939,1843,0,0,1,13,5,1.62,0
49314,27961,4683,0,0,0,19,2,1.76,0
19442,39622,1523,0,0,0,16,2,0.49,0
30878,13218,2083,0,1,1,8,0,2.34,0
44425,22924,286,1,0,1,20,0,1.94,0
8921,25325,3637,1,0,0,16,1,0.35,0
605,36993,4702,1,0,0,13,1,0.02,0
4003,45380,2289,1,1,1,11,3,0.09,0
15591,30136,1956,0,0,1,7,0,0.52,0
3333,5893,2618,0,0,0,18,4,0.57,0
18058,2119,3450,1,1,0,19,2,8.52,0
4688,38277,4869,0,1,0,6,1,0.12,0
15461,11927,2286,1,0,1,10,5,1.3,0
13161,19183,1834,0,1,1,20,0,0.69,0
24451,39697,4781,1,0,0,7,2,0.62,0
44400,8065,3330,1,1,0,10,1,5.51,0
22160,6686,2827,0,0,1,19,4,3.31,0
35464,41579,2029,1,0,0,9,4,0.85,0
11238,30857,4794,1,1,0,12,4,0.36,0
4897,28400,2966,0,1,1,6,3,0.17,0
19812,15214,4825,0,1,0,16,5,1.3,0
18572,23980,849,0,0,1,8,2,0.77,0
11120,21627,3690,0,1,0,5,5,0.51,0
12072,37105,3259,1,1,0,17,2,0.33,0
30245,1718,4343,1,1,0,19,4,17.6,0
25510,43827,2195,0,0,0,9,5,0.58,0
28971,47853,51,1,0,1,15,4,0.61,0
28899,46282,64,1,1,0,9,3,0.62,0
18700,11864,4482,0,1,0,16,5,1.58,0
37665,22842,4939,0,1,1,15,3,1.65,0
49669,14142,4964,1,0,1,14,3,3.51,0
20026,34822,2295,0,0,0,14,5,0.58,0
45847,49955,1037,0,0,0,12,5,0.92,0
41862,7022,4367,0,1,1,6,4,5.96,0
13598,23719,4236,0,0,0,13,3,0.57,0
24929,21820,1826,1,1,1,16,5,1.14,0
49485,3959,2424,1,0,0,20,5,12.5,0
39701,20159,1424,1,1,0,7,4,1.97,0
48515,28109,572,1,0,1,10,0,1.73,0
49291,30997,4864,0,1,0,12,4,1.59,0
14492,42803,4775,1,0,1,19,0,0.34,0
2275,29702,1492,1,1,0,17,5,0.08,0
44098,36443,4455,0,1,0,8,3,1.21,0
43199,3461,2798,1,0,0,10,4,12.48,0
18645,47138,191,1,0,1,18,3,0.4,0
44330,5505,1859,1,1,1,14,4,8.05,0
21929,31339,1594,0,0,0,14,4,0.7,0
18847,16348,3225,0,1,0,10,5,1.15,0
35204,18318,3121,1,1,1,20,5,1.92,0
524,48281,4320,1,0,1,20,0,0.01,0
35640,10433,4266,1,1,1,8,0,3.42,0
42070,43013,846,1,1,1,19,5,0.98,0
16688,35337,2262,1,1,0,19,1,0.47,0
5125,9909,1142,0,0,1,8,5,0.52,0
27425,49059,3203,0,0,0,15,1,0.56,0
28722,11933,3814,0,0,1,8,2,2.41,0
24499,16326,4774,0,1,1,18,0,1.5,0
32728,26958,3998,0,0,0,18,5,1.21,0
11962,41961,2357,0,1,0,19,4,0.29,0
15468,9065,315,0,0,0,17,0,1.71,0
48076,12640,2688,1,1,0,14,2,3.8,0
14264,40802,1583,0,0,1,18,4,0.35,0
41701,4229,120,1,1,0,7,1,9.86,0
47118,18886,1630,1,0,1,13,0,2.49,0
23674,27467,3561,0,1,0,17,5,0.86,0
34692,33255,2876,0,0,0,18,4,1.04,0
41447,26496,1529,1,0,0,12,4,1.56,0
9539,39096,2535,1,1,0,19,1,0.24,0
1529,5858,1004,1,0,1,13,3,0.26,0
41474,18980,1340,1,0,0,10,3,2.19,0
20135,45596,1499,1,1,0,14,4,0.44,0
34943,33535,391,1,1,1,11,2,1.04,0
39138,15634,4431,1,0,0,20,3,2.5,0
40845,48292,3827,1,0,0,6,0,0.85,0
23441,38178,2231,1,0,0,13,0,0.61,0
12422,24034,3384,0,1,0,20,1,0.52,0
46408,8932,1259,0,0,1,8,5,5.2,0
48790,4068,326,1,0,1,15,3,11.99,0
16186,20769,4112,0,0,0,10,3,0.78,0
43317,26252,2393,0,0,1,11,5,1.65,0
9886,31768,4815,1,1,1,5,4,0.31,0
21850,7685,4030,1,1,1,11,2,2.84,0
46703,21194,3547,0,0,0,14,2,2.2,0
42976,33917,2189,0,0,1,12,1,1.27,0
49735,17576,4983,1,1,0,5,3,2.83,0
14891,31346,4727,1,0,1,5,0,0.48,0
40615,25574,2135,0,0,0,20,3,1.59,0
21294,17722,4692,0,0,1,16,4,1.2,0
41643,20546,2727,0,0,1,16,1,2.03,0
14416,24222,2789,1,1,0,16,2,0.6,0
46974,26828,860,1,1,1,5,0,1.75,0
32800,46475,24,0,0,1,20,5,0.71,0
33845,27698,1569,0,0,0,11,2,1.22,0
13560,12042,4332,1,1,1,9,4,1.13,0
18941,29899,1929,1,1,1,8,3,0.63,0
49270,23463,653,0,0,1,13,4,2.1,0
17057,41594,2292,0,1,0,9,3,0.41,0
47740,42736,1274,0,1,0,16,2,1.12,0
22851,37382,760,0,1,0,15,1,0.61,0
5587,10053,1209,1,1,1,14,2,0.56,0
3503,14082,4505,1,0,1,5,0,0.25,0
11721,4339,1776,0,0,1,7,2,2.7,0
48242,13806,2583,1,0,0,10,3,3.49,0
22652,18697,1691,0,1,0,16,3,1.21,0
25729,49666,1470,0,0,0,10,5,0.52,0
15984,37531,1121,0,1,0,8,0,0.43,0
12687,21463,4106,1,0,1,9,4,0.59,0
46550,11606,1217,1,1,1,12,4,4.01,0
29230,23041,4284,1,0,0,19,2,1.27,0
43297,31307,3090,0,1,0,7,2,1.38,0
48767,14867,2226,1,0,1,20,5,3.28,0
406,28930,3196,0,0,1,10,3,0.01,0
20508,11877,4433,0,1,1,16,5,1.73,0
7585,45035,3822,0,0,0,7,4,0.17,0
30847,37880,4494,0,1,1,11,4,0.81,0
22709,12449,667,1,0,0,13,5,1.82,0
48491,44269,4718,1,0,1,10,0,1.1,0
24929,31271,2198,1,0,0,18,4,0.8,0
44118,21524,2869,0,0,1,18,2,2.05,0
47010,5193,2932,0,1,1,16,4,9.05,0
29699,11794,66,0,0,0,13,2,2.52,0
46775,10400,3828,0,1,0,14,3,4.5,0
21507,44325,2028,0,1,1,10,5,0.49,0
38665,25203,554,1,1,1,14,2,1.53,0
32119,13745,380,0,0,1,8,1,2.34,0
26770,21403,2211,1,0,1,20,4,1.25,0
16358,42711,4247,1,1,1,18,2,0.38,0
16933,23511,3265,0,0,0,10,1,0.72,0
7919,17037,3589,1,1,1,5,0,0.46,0
18292,35214,1465,0,1,0,9,4,0.52,0
17455,24975,2584,1,0,1,6,2,0.7,0
16499,49055,981,1,0,0,9,1,0.34,0
37361,39411,1138,1,0,1,19,3,0.95,0
40138,24187,3004,0,0,1,20,3,1.66,0
38690,32059,4824,0,1,1,17,2,1.21,0
49816,47532,397,0,0,1,11,0,1.05,0
12264,32908,1523,0,0,1,5,2,0.37,0
4263,40182,778,0,1,0,16,4,0.11,0
41351,19286,2675,1,0,0,14,1,2.14,0
21218,21465,1968,0,1,0,18,1,0.99,0
12335,32391,3334,1,1,0,16,4,0.38,0
46766,34763,779,0,1,0,5,4,1.35,0
3097,48092,288,1,1,0,20,4,0.06,0
13792,45088,1949,1,0,0,11,5,0.31,0
31512,35760,3521,1,0,1,11,2,0.88,0
40939,29186,3423,0,1,0,15,1,1.4,0
25913,856,2510,1,0,1,8,2,30.27,0
37258,4497,1326,1,0,0,16,2,8.29,0
31034,48387,249,1,0,1,17,4,0.64,0
20735,7005,611,1,1,1,6,4,2.96,0
11433,17104,4200,1,0,1,20,5,0.67,0
41651,26316,1056,1,0,1,13,1,1.58,0
2271,39922,90,0,1,0,10,5,0.06,0
11441,18613,2517,1,1,0,10,4,0.61,0
43607,41513,3165,0,0,1,17,5,1.05,0
48833,49410,2018,0,0,1,15,0,0.99,0
10523,36413,2888,0,0,1,18,0,0.29,0
37326,14004,2261,0,1,0,7,1,2.67,0
750,45114,767,0,1,1,8,2,0.02,0
17791,16564,4140,0,1,1,10,1,1.07,0
25583,13032,3269,1,1,1,10,1,1.96,0
28027,32078,2912,1,1,0,6,5,0.87,0
35339,4126,1941,0,1,1,6,2,8.56,0
45953,5697,3388,0,1,1,16,1,8.07,0
5835,17664,3976,0,1,0,8,1,0.33,0
39823,23674,3089,1,0,1,12,5,1.68,0
38967,27853,4311,1,1,1,14,5,1.4,0
2683,28552,1269,1,1,0,17,1,0.09,0
4826,49014,3178,0,1,0,7,4,0.1,0
31206,1853,1690,1,1,0,6,0,16.84,0
28928,41849,269,1,0,1,13,3,0.69,0
26005,29424,158,1,1,0,5,1,0.88,0
38586,47134,336,1,1,0,20,4,0.82,0
16629,26595,1665,0,0,0,7,3,0.63,0
18075,17129,1818,0,0,1,13,0,1.06,0
9863,11742,2215,0,0,0,17,2,0.84,0
3864,36790,2402,1,0,0,15,4,0.11,0
6355,26779,4938,1,1,0,11,5,0.24,0
37417,4833,2254,1,1,1,6,4,7.74,0
34527,10310,2235,1,0,1,5,4,3.35,0
43552,26371,4251,0,0,0,5,0,1.65,0
12548,36373,85,1,1,1,6,5,0.34,0
18243,42468,3718,1,0,0,8,0,0.43,0
40726,33994,2172,1,0,0,10,3,1.2,0
20912,25079,1901,0,1,0,5,1,0.83,0
16253,26862,2103,0,1,1,15,4,0.61,0
45470,38248,591,0,0,1,17,3,1.19,0
30948,10131,1590,1,0,0,13,3,3.05,0
38875,1404,4514,0,1,0,10,1,27.69,0
43315,8444,2574,0,0,1,11,4,5.13,0
34422,4106,3123,0,0,1,18,4,8.38,0
15174,25518,4431,0,0,0,20,1,0.59,0
34598,28867,4428,1,1,0,13,0,1.2,0
18733,23675,497,1,1,0,11,0,0.79,0
34035,15577,4609,1,0,0,5,2,2.18,0
45745,3451,2990,0,1,1,11,0,13.26,0
28053,26427,2274,1,0,0,6,4,1.06,0
29977,10370,2058,0,0,0,15,1,2.89,0
32329,22923,5,0,0,0,18,5,1.41,0
45624,16428,4858,0,1,1,12,1,2.78,0
38171,20001,936,1,0,1,7,2,1.91,0
179,3228,1655,0,1,1,17,5,0.06,0
18923,455,3522,1,0,0,9,0,41.59,0
14345,31229,3538,1,0,1,12,5,0.46,0
38107,6033,3964,0,0,0,11,0,6.32,0
28296,41125,3249,1,1,1,9,2,0.69,0
32956,49192,3678,1,1,1,10,0,0.67,0
17012,37338,746,1,0,1,11,4,0.46,0
4436,47800,2329,1,0,0,13,1,0.09,0
13846,41397,4368,1,0,1,11,3,0.33,0
21746,49815,473,1,0,1,15,1,0.44,0
37828,6947,4475,1,0,0,13,4,5.45,0
4896,6165,2206,1,1,1,5,5,0.79,0
19208,16281,2707,1,0,1,12,1,1.18,0
3674,43940,4229,1,1,0,6,1,0.08,0
24758,10687,2105,1,0,0,11,0,2.32,0
45867,6067,3594,0,1,1,13,2,7.56,0
12803,13599,2326,0,0,1,14,4,0.94,0
48500,4991,464,1,0,0,6,2,9.72,0
25927,30106,590,1,1,1,14,1,0.86,0
35426,49307,1124,1,1,0,6,3,0.72,0
26799,16990,313,0,1,1,7,1,1.58,0
21171,24388,3911,0,1,1,7,5,0.87,0
24418,29475,1503,0,0,1,20,0,0.83,0
3153,24339,3451,1,1,1,5,2,0.13,0
27447,42748,2784,1,0,0,13,5,0.64,0
10428,20756,2575,0,0,1,18,5,0.5,0
18331,40620,2878,0,1,0,9,0,0.45,0
3311,8456,140,0,1,0,16,4,0.39,0
4002,43878,90,1,1,0,12,2,0.09,0
33460,18968,3399,1,0,1,13,5,1.76,0
37807,4297,3049,1,0,1,6,5,8.8,0
43545,15571,764,0,1,0,16,1,2.8,0
46586,23071,4118,0,0,0,15,5,2.02,0
8445,32289,1390,1,0,1,12,4,0.26,0
36427,10284,1732,1,1,1,15,2,3.54,0
8977,42062,1848,0,1,1,6,0,0.21,0
1349,17357,429,1,1,0,12,5,0.08,0
9760,37204,387,0,1,1,6,4,0.26,0
11011,24467,556,0,1,1,20,4,0.45,0
31034,2610,4349,1,1,1,11,4,11.89,0
12278,33546,2676,0,1,0,11,4,0.37,0
28694,19985,3822,0,1,1,12,2,1.44,0
31257,11742,3528,0,1,1,14,1,2.66,0
46320,45749,2199,1,0,0,5,4,1.01,0
49358,17136,1519,1,1,1,15,4,2.88,0
47579,37352,3454,0,1,0,17,3,1.27,0
6826,24433,1299,0,0,0,18,5,0.28,0
7605,16321,2639,0,1,0,13,0,0.47,0
9270,28705,1519,0,1,0,15,3,0.32,0
27209,36903,4403,0,0,0,16,5,0.74,0
7303,26330,3439,0,0,0,9,3,0.28,0
24884,20452,1868,1,1,1,20,2,1.22,0
9909,6219,2222,1,0,0,8,5,1.59,0
12092,47713,2789,1,0,0,19,2,0.25,0
8859,4712,4558,1,1,0,12,1,1.88,0
48931,11995,3893,1,1,1,13,3,4.08,0
2611,23156,1918,0,0,1,18,1,0.11,0
42418,37317,3211,1,1,0,15,2,1.14,0
20863,7881,4260,0,0,1,8,4,2.65,0
527,17666,2654,1,0,0,10,0,0.03,0
28500,39342,1784,1,1,1,14,2,0.72,0
44859,378,2610,0,1,0,14,0,118.67,0
40106,28421,3057,1,0,1,19,5,1.41,0
32334,25561,2154,1,1,1,14,0,1.26,0
198,44525,1172,1,1,0,13,3,0.0,0
36697,45400,4732,1,1,0,8,4,0.81,0
2040,13040,2077,0,0,0,7,5,0.16,0
16060,43691,35,1,0,1,10,4,0.37,0
16413,17530,2631,0,1,0,10,0,0.94,0
19357,30535,1204,0,0,1,9,1,0.63,0
6124,6414,26,0,1,1,19,4,0.95,0
31264,6019,1116,0,1,0,19,5,5.19,0
1873,21956,4060,1,0,0,19,3,0.09,0
23080,23959,2310,0,0,0,18,5,0.96,0
12620,5035,4468,0,1,1,17,3,2.51,0
32094,20045,378,1,0,1,9,3,1.6,0
19587,16145,1412,1,0,0,9,1,1.21,0
26441,2744,1570,0,0,0,14,1,9.64,0
36067,14211,1979,0,0,0,10,3,2.54,0
16148,41897,2998,1,0,0,17,1,0.39,0
22131,2084,4558,1,0,0,7,1,10.62,0
36383,44312,1729,0,1,0,6,4,0.82,0
6605,7887,725,1,0,0,18,0,0.84,0
46721,19517,257,1,1,0,14,4,2.39,0
7947,12292,1996,0,0,1,9,1,0.65,0
29469,4723,806,1,1,0,9,0,6.24,0
20700,3816,2752,0,1,1,8,1,5.42,0
4260,14350,4411,1,0,0,12,4,0.3,0
5411,32286,4663,1,1,0,11,2,0.17,0
44322,7863,1965,0,0,1,18,0,5.64,0
27847,15902,24,0,1,0,8,4,1.75,0
13489,22633,4104,0,1,1,7,4,0.6,0
45705,45911,4654,1,1,1,17,1,1.0,0
39870,21478,3511,0,0,0,9,2,1.86,0
5580,10339,1654,1,0,0,5,3,0.54,0
23262,2536,1133,0,1,0,9,5,9.17,0
48516,40659,1475,1,0,1,9,0,1.19,0
18451,36717,2790,1,1,0,13,1,0.5,0
11234,264,2629,1,1,1,10,4,42.55,0
6922,14963,3732,0,0,1,17,4,0.46,0
7225,6275,3871,0,0,0,16,4,1.15,0
12322,14415,4495,1,0,0,15,3,0.85,0
47359,27588,2202,1,0,0,15,3,1.72,0
49009,10540,888,0,0,0,12,0,4.65,0
8109,8076,2605,0,0,0,6,3,1.0,0
32423,9935,847,1,1,0,11,5,3.26,0
36963,27816,4386,1,0,0,19,0,1.33,0
46419,30852,4464,1,1,0,12,3,1.5,0
47246,4862,1824,0,0,0,12,5,9.72,0
3292,2867,3335,0,0,0,20,2,1.15,0
27408,9189,2047,0,1,1,16,5,2.98,0
17074,22474,3607,0,1,0,5,1,0.76,0
30321,41055,2215,0,0,0,11,2,0.74,0
22242,39964,4152,0,1,0,16,4,0.56,0
6335,28560,2834,1,0,1,20,2,0.22,0
20122,45404,1242,0,1,0,18,5,0.44,0
42871,6393,59,0,1,1,5,3,6.71,0
3095,18429,2808,1,0,0,6,5,0.17,0
33709,32436,493,0,0,0,16,5,1.04,0
11880,38466,1196,0,1,1,6,5,0.31,0
16989,22591,4301,0,1,0,7,1,0.75,0
49885,1335,4625,1,0,1,11,2,37.37,0
49114,3524,3408,1,0,1,7,5,13.94,0
38395,45776,3210,1,1,1,20,3,0.84,0
33272,5923,418,0,1,1,9,4,5.62,0
1841,44910,1511,0,1,0,14,2,0.04,0
31997,20645,4971,0,0,0,10,2,1.55,0
40217,39359,1727,0,1,0,9,1,1.02,0
34978,25816,863,1,1,1,12,0,1.35,0
22313,9638,723,1,1,1,18,1,2.32,0
20816,44045,3874,1,0,1,6,2,0.47,0
49510,44737,1500,1,0,1,10,4,1.11,0
30105,47491,584,0,0,1,10,3,0.63,0
7345,14235,1686,1,1,0,19,4,0.52,0
49883,45239,3126,0,0,1,10,2,1.1,0
12814,21821,3775,0,0,0,14,1,0.59,0
11591,19314,3896,1,1,0,17,1,0.6,0
29143,41730,24,0,1,1,13,1,0.7,0
10256,40677,3168,1,0,1,9,2,0.25,0
43219,30002,1827,0,1,0,18,4,1.44,0
28835,22049,788,1,0,0,20,3,1.31,0
28551,24936,189,0,1,1,7,1,1.14,0
28918,28259,4236,1,1,1,19,2,1.02,0
30317,5869,4651,0,0,0,10,2,5.17,0
6877,32381,4200,0,1,1,13,1,0.21,0
42697,27495,4478,1,1,0,5,1,1.55,0
15161,11680,2328,0,1,0,18,1,1.3,0
2561,39917,3674,1,0,1,5,0,0.06,0
36976,40299,1338,0,0,1,8,2,0.92,0
29606,12045,2084,0,1,0,11,3,2.46,0
977,645,4548,0,0,1,11,2,1.51,0
47538,4057,2887,1,1,0,7,2,11.72,0
30188,5404,489,0,1,0,16,3,5.59,0
15538,11867,1513,1,0,1,9,1,1.31,0
3458,5184,3552,1,0,0,16,0,0.67,0
41859,7086,1788,0,0,0,7,0,5.91,0
37904,16821,2090,1,0,1,8,1,2.25,0
27497,35930,229,1,1,1,7,2,0.77,0
25176,34451,4079,1,1,0,6,3,0.73,0
36977,24197,328,1,0,1,17,0,1.53,0
13539,7580,1081,1,1,1,12,5,1.79,0
45054,10483,2803,0,0,0,5,0,4.3,0
21939,42906,2305,0,1,1,5,2,0.51,0
7119,826,2626,0,1,0,14,2,8.62,0
2360,18169,1610,1,1,1,12,3,0.13,0
37401,26348,180,1,0,0,16,2,1.42,0
32146,14355,2165,1,0,1,15,4,2.24,0
12946,27794,3447,0,1,1,17,5,0.47,0
20420,20132,2951,0,1,1,14,1,1.01,0
7336,6371,3857,1,1,1,5,0,1.15,0
35981,34888,4638,1,1,1,14,0,1.03,0
44653,35852,4996,0,1,1,8,1,1.25,0
39740,31466,1431,1,0,1,16,3,1.26,0
20396,38828,3299,1,0,1,8,3,0.53,0
47410,44599,4864,1,1,0,11,3,1.06,0
20624,20322,3641,0,0,1,14,5,1.01,0
30498,5928,4440,1,0,1,9,1,5.14,0
17923,47725,668,1,1,0,9,2,0.38,0
27644,46111,3175,1,1,1,13,3,0.6,0
45367,4273,3318,0,1,0,20,3,10.62,0
3645,33453,3214,1,1,1,16,1,0.11,0
14995,18032,4312,1,1,0,16,1,0.83,0
22517,42379,253,1,1,1,20,3,0.53,0
46881,37294,4524,0,1,1,6,0,1.26,0
22281,26694,4423,0,0,1,15,4,0.83,0
32879,11265,748,1,1,0,11,2,2.92,0
45134,38084,3025,0,0,1,16,2,1.19,0
30417,36673,2630,1,1,1,20,2,0.83,0
27952,23624,2235,0,0,1,20,5,1.18,0
44482,25541,190,0,0,1,12,0,1.74,0
40379,20366,2171,1,0,1,14,0,1.98,0
25211,48275,2429,0,0,1,20,5,0.52,0
48796,38577,4481,1,0,0,12,4,1.26,0
37746,24489,3185,1,1,1,15,1,1.54,0
27611,17574,2125,0,0,0,5,5,1.57,0
24261,22673,3729,1,1,1,19,4,1.07,0
1034,10301,955,0,1,0,20,3,0.1,0
36669,20238,4318,1,1,0,5,1,1.81,0
12438,26202,3778,0,1,0,17,1,0.47,0
32433,21470,325,0,1,0,20,0,1.51,0
31249,9356,1906,1,1,0,19,3,3.34,0
47098,26947,1205,0,0,0,7,3,1.75,0
14542,24628,3775,1,0,0,9,0,0.59,0
49094,15055,1964,1,0,0,7,0,3.26,0
20167,24234,2643,0,1,0,12,0,0.83,0
48161,12737,4042,0,0,0,13,4,3.78,0
1654,47931,3597,0,1,0,16,4,0.03,0
5885,25340,2758,0,1,1,18,5,0.23,0
30750,28372,544,0,0,1,9,0,1.08,0
3047,41702,479,1,0,1,10,5,0.07,0
46527,1717,1641,0,1,0,15,1,27.1,0
44653,32725,3419,0,0,0,6,2,1.36,0
24295,25207,1219,1,0,1,16,3,0.96,0
27756,45725,484,1,1,0,5,3,0.61,0
42792,40451,2577,1,0,0,9,3,1.06,0
29947,24064,289,1,1,0,14,0,1.24,0
24792,46712,732,0,1,0,7,2,0.53,0
8227,46864,4671,0,0,0,7,1,0.18,0
22410,34588,4014,1,0,1,18,0,0.65,0
6657,26245,970,0,1,0,9,4,0.25,0
23183,11214,2710,0,0,0,12,2,2.07,0
47991,48865,4230,1,0,0,17,1,0.98,0
41272,7649,4224,0,1,1,19,1,5.4,0
6442,47529,4012,1,1,1,6,2,0.14,0
49498,43717,1387,1,0,0,14,3,1.13,0
33259,21601,4252,1,0,0,11,0,1.54,0
20967,17381,957,1,1,0,13,4,1.21,0
31875,460,4608,1,0,0,18,3,69.29,0
2508,38338,2051,1,1,1,20,4,0.07,0
29686,30129,4406,0,0,0,6,3,0.99,0
24640,1340,2316,1,0,1,18,3,18.39,0
43411,24711,3964,0,0,0,6,1,1.76,0
913,26774,1612,1,1,0,11,2,0.03,0
42542,4254,1543,0,1,0,19,3,10.0,0
3031,41251,2162,1,1,0,14,0,0.07,0
3456,21408,159,0,1,1,16,3,0.16,0
24477,2180,262,0,1,1,19,1,11.23,0
12045,31611,4972,0,0,1,18,5,0.38,0
10325,36740,4208,0,0,0,9,4,0.28,0
15314,41519,3424,0,0,0,17,1,0.37,0
27,34212,4359,0,1,1,11,0,0.0,0
10261,4010,3721,0,1,0,8,0,2.56,0
792,38699,3002,0,1,1,18,1,0.02,0
42795,36837,2058,0,0,0,20,1,1.16,0
15705,10682,3273,0,0,1,6,1,1.47,0
33910,19407,673,0,0,0,17,5,1.75,0
29235,41276,3817,1,1,0,17,5,0.71,0
43338,14548,4740,0,0,0,7,1,2.98,0
35733,2475,4973,1,0,0,10,5,14.44,0
19263,38991,2406,1,1,1,9,1,0.49,0
22364,33548,4753,1,1,0,17,1,0.67,0
19863,3189,2218,0,0,1,16,2,6.23,0
37522,47057,1377,1,1,0,18,3,0.8,0
3444,31863,1769,0,0,1,13,3,0.11,0
31839,47488,1239,1,0,1,8,3,0.67,0
3006,31632,1620,0,0,1,12,5,0.1,0
21732,11618,3997,0,0,0,17,3,1.87,0
28834,27836,1440,1,1,1,14,1,1.04,0
36851,48103,3597,1,1,1,11,1,0.77,0
1827,44988,4922,1,1,1,7,0,0.04,0
32015,42339,4533,1,0,0,18,2,0.76,0
43079,39940,4204,1,1,1,16,4,1.08,0
15248,33342,1247,0,1,1,17,2,0.46,0
29222,24226,4419,1,0,1,9,2,1.21,0
44270,358,2083,0,1,0,5,2,123.66,0
1073,31889,684,1,0,1,7,0,0.03,0
47591,956,1780,0,0,1,7,3,49.78,0
15677,26626,3752,0,0,1,9,1,0.59,0
20050,3551,1215,0,0,0,14,5,5.65,0
24812,38962,4618,1,1,0,7,3,0.64,0
35304,6599,4706,0,1,0,13,0,5.35,0
3876,17765,3514,1,1,0,16,1,0.22,0
33494,33184,2686,0,1,0,14,5,1.01,0
43678,3421,4514,1,1,1,8,0,12.77,0
13857,27887,4488,0,1,1,6,4,0.5,0
31915,15986,996,1,0,1,7,1,2.0,0
20948,29879,3129,0,1,1,10,1,0.7,0
7267,47023,2679,1,1,0,18,2,0.15,0
29034,18049,1735,0,1,1,16,0,1.61,0
48521,46268,2478,1,0,1,8,3,1.05,0
25150,39080,594,0,1,1,14,3,0.64,0
2065,21504,4169,0,1,1,8,3,0.1,0
46809,14336,123,0,1,0,15,5,3.27,0
31207,40238,198,0,0,1,18,5,0.78,0
5273,44509,3170,1,0,0,14,1,0.12,0
20496,14858,1363,1,0,1,5,3,1.38,0
31136,31501,592,1,0,0,11,0,0.99,0
5631,49952,2224,1,1,0,6,4,0.11,0
22430,5215,3427,0,1,0,10,4,4.3,0
34833,36997,2835,0,0,1,15,4,0.94,0
11156,23618,645,0,1,0,20,3,0.47,0
11996,35692,2026,1,0,1,5,3,0.34,0
15074,20718,1391,0,1,0,15,5,0.73,0
19264,10672,2904,1,1,0,9,0,1.81,0
26881,28401,4010,0,0,0,20,1,0.95,0
41383,30110,1491,1,1,0,19,0,1.37,0
31478,42011,670,1,1,1,18,5,0.75,0
1196,45787,4475,0,0,0,16,4,0.03,0
41615,21129,1525,1,1,0,12,2,1.97,0
40894,394,1844,1,0,0,17,1,103.79,0
49918,8952,269,1,1,1,18,5,5.58,0
17042,41708,4860,0,1,1,17,3,0.41,0
11578,8921,1999,1,0,1,15,2,1.3,0
11925,39101,2687,0,0,1,7,2,0.3,0
30890,49409,167,1,0,0,20,5,0.63,0
19600,23411,3581,0,1,1,14,1,0.84,0
38123,45392,1701,0,1,1,10,1,0.84,0
9039,41619,214,0,1,1,15,0,0.22,0
21951,27110,2301,0,1,1,8,4,0.81,0
23514,2263,2827,1,1,0,13,3,10.39,0
24538,11858,4251,0,0,0,16,2,2.07,0
19186,18231,2058,0,0,1,9,3,1.05,0
47504,42640,956,0,0,1,12,4,1.11,0
32950,20370,3620,0,1,0,20,5,1.62,0
30905,19435,52,0,1,0,18,4,1.59,0
29629,41127,3726,0,0,1,8,2,0.72,0
32477,12852,409,1,1,0,10,1,2.53,0
24067,24862,2565,0,1,1,11,0,0.97,0
37545,16581,4060,1,0,0,20,5,2.26,0
17851,4285,2682,0,1,0,20,3,4.17,0
11969,49408,1784,1,1,0,19,3,0.24,0
19810,36047,2879,1,0,0,19,1,0.55,0
19467,15729,1768,0,1,0,7,4,1.24,0
36865,3570,3948,1,0,0,20,2,10.33,0
15989,8760,3139,1,0,0,17,3,1.83,0
42040,15219,1146,0,1,0,10,0,2.76,0
628,2785,202,0,1,1,9,1,0.23,0
24475,26671,1713,0,1,1,5,5,0.92,0
4832,47183,1834,1,0,0,20,5,0.1,0
30401,33652,4604,0,0,1,11,1,0.9,0
39221,41830,2753,1,1,0,9,1,0.94,0
212,14639,1215,0,0,1,9,5,0.01,0
41349,16929,4622,1,1,0,12,0,2.44,0
40937,14014,3697,0,0,1,15,5,2.92,0
39695,2267,4512,1,0,0,12,2,17.51,0
17633,16942,3084,1,0,0,19,1,1.04,0
7433,23166,2552,0,1,1,18,3,0.32,0
14295,17928,937,0,0,0,8,1,0.8,0
42701,46446,274,0,1,0,5,0,0.92,0
48057,6860,440,1,0,0,17,3,7.01,0
13473,36661,846,1,1,1,12,5,0.37,0
10629,22828,4219,1,0,0,17,0,0.47,0
44315,19827,3329,1,1,1,10,1,2.24,0
24516,16819,4018,1,1,1,11,4,1.46,0
37486,11797,3666,0,1,0,15,2,3.18,0
4358,43148,2651,0,0,0,13,1,0.1,0
14601,22922,1529,0,1,0,13,1,0.64,0
39859,27812,2105,0,0,0,18,2,1.43,0
41060,45003,4460,0,0,1,7,5,0.91,0
48938,43890,2687,0,0,1,8,1,1.12,0
6417,16086,3123,1,0,0,11,1,0.4,0
29643,45935,696,0,1,1,18,1,0.65,0
37018,32792,2431,0,0,1,20,5,1.13,0
21489,26515,2652,0,0,1,15,5,0.81,0
34551,5062,4158,1,0,1,14,3,6.83,0
34127,21284,309,0,1,1,7,4,1.6,0
44407,44087,3367,1,1,0,7,3,1.01,0
17156,9133,1864,0,0,0,19,4,1.88,0
10153,33451,1048,0,1,1,10,1,0.3,0
11715,39472,1948,1,1,1,9,0,0.3,0
8138,48881,1732,0,1,0,16,4,0.17,0
18786,30233,235,1,1,1,19,2,0.62,0
13037,7670,2956,0,1,0,8,5,1.7,0
37581,32406,1129,0,0,1,17,4,1.16,0
16660,41538,3310,1,1,1,18,0,0.4,0
42681,35892,1572,0,1,1,8,2,1.19,0
27721,35519,2197,1,0,1,9,0,0.78,0
2150,18972,3080,0,1,0,11,4,0.11,0
20413,38154,2083,0,0,0,14,0,0.54,0
16964,13862,116,0,0,0,7,5,1.22,0
7785,5326,1870,0,1,1,18,5,1.46,0
5441,9775,4904,1,0,1,7,4,0.56,0
42100,10460,927,1,0,0,18,0,4.02,0
28822,47249,517,0,1,0,15,0,0.61,0
9999,34657,2664,1,1,0,7,5,0.29,0
44545,47986,218,1,0,0,13,3,0.93,0
15797,6456,815,1,0,0,9,3,2.45,0
37511,7060,4760,0,0,0,14,1,5.31,0
36478,35237,986,1,0,1,19,0,1.04,0
20767,26479,4540,1,1,0,20,3,0.78,0
11452,30473,3806,1,0,0,7,3,0.38,0
41167,37924,382,0,1,0,20,3,1.09,0
35467,5424,2247,1,0,0,7,3,6.54,0
21565,34317,3824,1,0,1,11,5,0.63,0
756,11496,3097,1,0,0,12,0,0.07,0
38216,29229,1126,1,0,1,18,0,1.31,0
42157,26370,3568,1,0,0,8,3,1.6,0
31249,16398,3071,0,1,0,11,3,1.91,0
42726,9960,2997,0,0,1,15,0,4.29,0
31205,13676,3109,1,1,1,9,5,2.28,0
29835,28216,2994,1,0,1,13,2,1.06,0
5068,46972,520,0,1,1,18,3,0.11,0
11113,10364,1978,0,1,1,12,2,1.07,0
44646,11086,3744,0,0,1,10,3,4.03,0
44023,16380,444,1,0,0,19,5,2.69,0
8641,39101,4198,1,1,1,20,1,0.22,0
21169,42738,3049,0,1,0,12,0,0.5,0
21484,22764,2412,1,0,1,6,0,0.94,0
18120,18241,75,1,1,1,19,2,0.99,0
39527,26360,3947,0,0,1,9,0,1.5,0
16936,5745,4930,0,1,1,18,4,2.95,0
49771,30728,2639,0,0,1,7,2,1.62,0
16743,14053,1285,1,0,0,18,4,1.19,0
21858,33818,3548,1,1,1,20,4,0.65,0
8531,26067,3460,1,0,1,8,1,0.33,0
32797,18150,77,1,1,1,13,4,1.81,0
32489,35274,682,0,0,0,14,5,0.92,0
16709,21507,2005,1,0,0,14,4,0.78,0
40149,5466,4369,0,0,0,11,0,7.35,0
36023,26867,2791,0,0,1,6,4,1.34,0
49340,21249,4708,0,0,1,10,5,2.32,0
11592,1539,1718,0,1,1,14,5,7.53,0
46396,43472,1087,1,0,0,9,3,1.07,0
30841,28843,651,1,1,1,18,2,1.07,0
21750,31670,4165,1,1,0,6,1,0.69,0
19419,28653,3459,0,1,1,13,0,0.68,0
17329,43199,191,0,1,0,8,5,0.4,0
11373,42035,4803,0,1,0,16,0,0.27,0
9419,10186,2705,1,0,0,14,2,0.92,0
7874,17755,186,1,0,1,10,1,0.44,0
10240,38036,4646,1,1,0,20,1,0.27,0
30493,13336,1397,1,1,1,17,0,2.29,0
8290,30154,1371,0,1,0,20,5,0.27,0
23239,42811,2404,0,0,1,10,4,0.54,0
22550,47903,1722,0,1,1,13,2,0.47,0
6175,41056,779,0,1,1,11,0,0.15,0
25024,26475,3002,0,0,1,5,0,0.95,0
44325,17254,238,0,1,0,11,1,2.57,0
7426,16060,2093,0,0,0,15,0,0.46,0
10543,49670,3111,1,1,0,19,5,0.21,0
1411,31266,3458,0,1,0,16,0,0.05,0
2037,44239,189,1,0,0,12,2,0.05,0
30777,6103,4880,1,0,1,10,2,5.04,0
20179,30725,2638,0,1,0,9,0,0.66,0
26166,39278,345,0,0,0,8,2,0.67,0
13714,1208,4281,0,1,1,9,5,11.35,0
22651,9817,4895,1,0,1,7,1,2.31,0
10763,9240,708,1,1,0,8,2,1.16,0
1833,19564,2242,1,1,1,7,4,0.09,0
7346,8874,234,1,1,0,10,5,0.83,0
22149,13748,3728,1,1,0,6,2,1.61,0
26485,14561,4410,0,0,1,18,5,1.82,0
8985,39425,3950,0,1,1,10,4,0.23,0
30464,16028,465,1,0,0,14,5,1.9,0
8363,25410,65,1,0,1,15,5,0.33,0
18247,39152,4447,0,0,0,6,0,0.47,0
26144,30286,590,1,1,1,13,3,0.86,0
24449,6185,2130,0,1,0,15,1,3.95,0
10418,43416,3910,0,0,0,20,1,0.24,0
24873,1395,336,0,1,1,16,1,17.83,0
40997,27724,1222,1,0,0,7,5,1.48,0
12341,38725,4291,1,0,0,12,2,0.32,0
30524,44183,364,0,0,1,5,5,0.69,0
20482,4528,944,1,0,1,5,3,4.52,0
45230,33531,943,0,0,0,14,3,1.35,0
25035,12887,2809,1,1,0,9,3,1.94,0
31255,7756,864,0,1,0,14,1,4.03,0
28686,22816,2635,1,1,0,9,0,1.26,0
2233,29895,4753,1,1,0,6,2,0.07,0
28576,7585,425,1,1,1,6,2,3.77,0
565,18221,1546,1,0,0,8,5,0.03,0
22749,14049,197,0,0,0,5,0,1.62,0
22225,47321,2801,1,0,1,13,1,0.47,0
2389,18263,4616,1,1,1,5,2,0.13,0
22069,33639,3399,0,0,1,9,4,0.66,0
38026,11174,2432,1,0,0,14,2,3.4,0
27529,21013,4224,0,1,0,11,0,1.31,0
25196,26964,4606,0,0,0,19,2,0.93,0
16480,34959,2530,1,0,0,13,5,0.47,0
35041,31996,2318,0,0,1,5,3,1.1,0
12119,2071,317,0,0,1,19,3,5.85,0
16080,46578,3815,0,1,1,10,5,0.35,0
6657,10663,92,0,1,0,6,3,0.62,0
23073,35345,946,1,0,0,9,3,0.65,0
15304,42127,4471,0,1,1,19,2,0.36,0
19189,38265,1987,0,0,0,11,1,0.5,0
8479,25129,4516,1,0,1,15,2,0.34,0
34458,16346,3725,1,1,0,8,5,2.11,0
11461,43834,2318,1,0,0,13,3,0.26,0
42427,46503,2697,0,0,1,16,1,0.91,0
12039,12716,667,0,1,0,15,4,0.95,0
49916,11853,2954,1,0,1,19,3,4.21,0
26099,43588,2826,1,1,1,9,1,0.6,0
5942,37201,4794,1,1,1,16,4,0.16,0
37299,16496,4412,0,1,1,7,5,2.26,0
18968,25529,2065,1,1,0,6,4,0.74,0
3796,10814,3654,0,1,1,8,4,0.35,0
26466,18951,598,0,0,0,12,3,1.4,0
5568,26374,3239,1,1,0,13,3,0.21,0
49710,7980,2573,1,0,1,5,1,6.23,0
37123,23479,4466,1,0,0,20,1,1.58,0
13652,5434,3054,1,1,0,13,0,2.51,0
47399,34665,2622,1,0,0,18,4,1.37,0
49472,24971,1156,0,0,1,16,0,1.98,0
21698,11759,2492,1,1,1,18,1,1.85,0
29084,25543,2564,1,1,1,13,2,1.14,0
48152,29596,88,0,0,0,5,5,1.63,0
3506,6256,4457,1,1,1,13,3,0.56,0
44806,12442,3550,0,1,1,13,4,3.6,0
8924,8605,488,1,1,1,8,3,1.04,0
30648,15840,2224,1,1,1,17,1,1.93,0
29064,48156,3556,0,1,1,19,1,0.6,0
44648,11578,1741,0,1,0,9,5,3.86,0
49838,22157,891,0,0,1,8,4,2.25,0
18403,16861,158,0,0,1,9,2,1.09,0
29932,40231,4698,0,0,1,10,4,0.74,0
49917,32214,3254,1,0,0,19,1,1.55,0
34431,30816,241,1,1,0,13,4,1.12,0
3767,2512,1065,0,0,1,14,1,1.5,0
19291,42123,1570,1,1,1,15,5,0.46,0
34142,17750,210,0,1,1,10,1,1.92,0
22443,34350,479,0,0,0,19,4,0.65,0
30497,31884,4126,0,0,1,13,2,0.96,0
16335,33080,867,1,0,1,8,1,0.49,0
14844,18282,1422,0,0,1,20,4,0.81,0
40899,26337,4712,0,0,0,8,5,1.55,0
35375,41765,2619,1,1,1,10,2,0.85,0
35960,30079,3991,1,1,0,17,0,1.2,0
29624,26635,269,0,1,1,20,4,1.11,0
12830,43579,27,1,1,1,12,4,0.29,0
9872,26187,4063,0,1,0,19,1,0.38,0
44846,21296,4184,0,1,1,18,0,2.11,0
14603,8093,3443,0,1,1,14,5,1.8,0
29609,25170,4541,1,1,1,5,4,1.18,0
177,12400,242,0,1,1,14,4,0.01,0
36861,19282,1879,1,0,0,19,1,1.91,0
13841,9782,4151,1,1,1,18,1,1.41,0
11776,35323,2785,1,0,1,19,5,0.33,0
1746,17519,2729,0,1,0,10,5,0.1,0
40667,11926,250,0,1,0,10,5,3.41,0
40781,40239,990,1,0,1,19,4,1.01,0
20288,42250,4343,1,0,1,16,1,0.48,0
16854,47787,3005,1,1,1,9,5,0.35,0
5478,21791,759,1,0,0,14,5,0.25,0
22019,35231,4497,1,0,1,6,4,0.62,0
33560,21937,1903,0,0,1,12,5,1.53,0
17020,33887,4368,1,1,0,13,2,0.5,0
49499,27218,3445,1,1,1,8,0,1.82,0
47651,35808,178,1,1,1,6,3,1.33,0
16273,2612,2753,1,1,1,20,3,6.23,0
8555,39384,3892,1,0,0,12,0,0.22,0
2184,35023,1609,1,1,1,6,2,0.06,0
43973,44633,166,1,1,1,5,4,0.99,0
28600,18199,1912,0,1,1,13,5,1.57,0
44846,31777,2893,1,0,0,18,0,1.41,0
33000,38242,1637,0,0,1,19,0,0.86,0
15469,35310,1373,1,1,1,17,3,0.44,0
819,20859,446,1,1,1,15,2,0.04,0
41386,18536,373,1,0,1,15,5,2.23,0
37769,14876,4044,0,1,1,17,5,2.54,0
43257,20159,350,0,1,1,5,5,2.15,0
45545,3083,704,0,0,0,17,5,14.77,0
12722,37712,906,0,1,1,7,5,0.34,0
2635,35268,743,1,1,0,9,0,0.07,0
20403,2122,3209,1,1,0,17,0,9.61,0
46528,49674,4283,1,0,1,5,3,0.94,0
5854,6607,3024,0,1,0,19,1,0.89,0
36356,30666,1084,0,1,1,6,5,1.19,0
41471,13226,2809,1,0,0,12,4,3.14,0
14960,25248,10,1,1,0,12,4,0.59,0
38509,12823,1569,1,0,0,12,1,3.0,0
20335,44471,1646,1,0,0,5,2,0.46,0
21194,6654,4312,1,0,1,14,2,3.19,0
39814,8980,3148,0,0,0,20,2,4.43,0
23899,18847,312,1,1,0,15,0,1.27,0
47348,21156,2416,1,1,1,17,4,2.24,0
39024,110,2972,1,1,0,19,1,354.76,0
35376,9456,4779,1,0,1,7,3,3.74,0
25877,10994,376,0,0,0,20,3,2.35,0
16554,24351,774,1,0,1,9,4,0.68,0
40443,43128,1738,0,0,0,15,4,0.94,0
30952,15543,398,1,0,0,18,4,1.99,0
8835,9446,1336,1,1,0,7,1,0.94,0
36699,35503,1319,1,0,1,13,4,1.03,0
15763,16827,269,1,1,1,6,3,0.94,0
47165,18841,456,1,0,0,7,2,2.5,0
36081,23869,1378,0,1,1,12,1,1.51,0
45055,20961,1981,1,0,0,15,4,2.15,0
40150,13364,1269,1,0,1,11,5,3.0,0
40673,3033,2046,1,1,1,17,2,13.41,0
11787,23214,1815,1,1,0,16,4,0.51,0
20274,15620,3422,0,1,0,19,5,1.3,0
19585,43367,2966,1,1,0,10,0,0.45,0
576,32991,3174,1,1,0,18,0,0.02,0
45548,6204,3209,1,1,1,20,0,7.34,0
8703,20780,1509,1,1,0,8,1,0.42,0
19405,20108,2186,0,0,0,8,1,0.97,0
6200,45711,4571,0,0,0,17,2,0.14,0
11547,38647,2576,0,0,0,8,2,0.3,0
6097,13335,765,1,1,1,16,3,0.46,0
11805,16611,4160,1,1,0,10,0,0.71,0
8640,49441,2157,0,0,0,12,1,0.17,0
22509,49241,2331,0,1,0,6,5,0.46,0
44893,2172,2050,1,0,0,12,2,20.67,0
20526,20537,2310,1,1,0,7,1,1.0,0
1837,6444,99,1,1,0,17,4,0.29,0
7068,40834,4516,1,1,1,16,2,0.17,0
16401,41730,2857,0,0,1,12,0,0.39,0
2820,23207,918,0,0,1,15,1,0.12,0
27113,6059,4623,0,0,0,14,1,4.47,0
26952,48582,831,1,0,1,7,5,0.55,0
35109,38001,2837,0,0,0,9,0,0.92,0
20192,28672,3693,0,1,1,10,2,0.7,0
22813,36729,16,0,0,1,8,1,0.62,0
14887,21368,78,0,0,0,16,2,0.7,0
9123,41958,894,1,1,1,15,3,0.22,0
1411,23614,4219,1,0,1,6,1,0.06,0
33779,8731,4002,0,0,1,6,2,3.87,0
2313,25086,4289,1,1,1,14,4,0.09,0
39771,16563,1970,0,1,1,17,0,2.4,0
33193,23982,731,0,0,1,6,2,1.38,0
1801,4244,3049,1,1,1,7,5,0.42,0
32572,46919,108,0,0,1,19,3,0.69,0
45,16893,3714,0,1,1,11,5,0.0,0
48628,40214,4100,0,1,0,6,5,1.21,0
27449,38344,2812,0,1,1,14,3,0.72,0
10967,21831,195,1,1,0,8,1,0.5,0
28697,19643,3394,1,1,0,15,1,1.46,0
41165,613,3589,1,0,0,11,4,67.15,0
48854,18870,1323,1,1,1,13,0,2.59,0
35553,7952,794,0,0,0,13,1,4.47,0
33107,17346,507,1,0,0,6,1,1.91,0
41883,37455,3117,0,0,1,16,1,1.12,0
7274,12773,4725,1,1,0,13,3,0.57,0
39105,4080,1180,0,1,0,14,1,9.58,0
43835,1948,3168,0,0,1,7,1,22.5,0
43558,30134,2808,1,1,1,10,0,1.45,0
3254,36104,4789,0,1,1,5,3,0.09,0
23047,4092,1330,0,0,1,9,1,5.63,0
35765,9188,2399,1,0,0,19,3,3.89,0
37882,45569,3280,1,1,0,10,1,0.83,0
24829,35656,3775,1,0,1,15,0,0.7,0
22196,6072,4635,0,1,1,14,0,3.66,0
25242,11086,3315,1,1,0,15,1,2.28,0
40055,24556,331,0,1,1,19,0,1.63,0
27311,43590,2494,1,0,1,12,5,0.63,0
9630,32609,3430,0,1,1,12,0,0.3,0
32093,46604,2396,0,0,0,18,0,0.69,0
48301,29478,3477,1,1,1,20,0,1.64,0
22253,46850,2278,0,0,0,9,5,0.47,0
45121,9388,1847,1,1,0,16,2,4.81,0
24349,44906,3471,1,0,1,11,3,0.54,0
21243,40095,1607,1,1,0,12,2,0.53,0
48388,467,1833,1,0,1,12,1,103.61,0
44453,21951,4132,1,1,0,9,2,2.03,0
7434,13908,1248,1,0,0,19,1,0.53,0
14411,15862,4428,0,0,1,16,3,0.91,0
37845,48599,2327,0,0,1,11,2,0.78,0
27783,6421,4966,1,1,1,13,3,4.33,0
34871,37043,2377,1,0,0,12,2,0.94,0
5314,47670,4965,0,0,1,13,3,0.11,0
21748,12929,1665,1,1,1,10,0,1.68,0
15218,17362,805,1,0,1,7,4,0.88,0
5291,46200,2363,1,1,1,10,4,0.11,0
1189,11281,4016,1,0,1,15,3,0.11,0
45666,32473,427,0,1,1,8,3,1.41,0
15583,8566,1265,1,0,0,18,4,1.82,0
4312,36218,2276,1,0,0,14,0,0.12,0
29506,25137,3825,1,1,1,7,3,1.17,0
35386,38218,45,1,0,0,8,0,0.93,0
49428,18193,4993,0,1,0,13,4,2.72,0
43832,42902,195,1,0,1,17,1,1.02,0
8087,46735,598,1,0,1,17,4,0.17,0
16420,45480,2455,0,1,1,18,5,0.36,0
35605,12222,1271,1,1,1,16,2,2.91,0
19620,40531,4705,0,1,0,17,1,0.48,0
386,34875,4670,0,1,0,17,2,0.01,0
46236,49227,1839,0,1,0,11,0,0.94,0
1618,31322,1720,0,1,1,19,5,0.05,0
5405,39147,2964,1,0,0,17,2,0.14,0
31281,27939,1739,0,0,0,5,1,1.12,0
25375,44603,846,1,0,0,19,2,0.57,0
12259,24754,3540,1,1,1,18,5,0.5,0
21594,22031,4148,0,0,1,9,2,0.98,0
35771,12768,3301,0,1,0,15,3,2.8,0
13355,49456,4900,1,1,0,7,0,0.27,0
16897,32759,2639,0,0,0,13,0,0.52,0
44582,37914,733,0,1,1,12,4,1.18,0
14087,28360,1156,1,1,0,14,2,0.5,0
4207,42589,1801,1,1,1,19,3,0.1,0
12508,13766,2047,0,1,1,18,5,0.91,0
33715,44624,1558,0,0,1,19,4,0.76,0
855,4799,2260,1,1,0,5,4,0.18,0
2119,35377,1773,1,0,1,15,0,0.06,0
1059,38854,1903,1,0,1,8,1,0.03,0
16738,47382,3482,0,1,0,8,2,0.35,0
18650,22713,2464,0,0,1,13,1,0.82,0
49474,25700,4909,0,1,1,5,3,1.93,0
17292,16313,2193,0,0,1,17,0,1.06,0
44011,29856,1006,0,1,1,5,2,1.47,0
42468,28244,3336,0,1,1,6,0,1.5,0
34609,27860,3596,0,0,1,8,3,1.24,0
5306,3216,517,1,0,1,11,2,1.65,0
7705,49472,1270,1,1,1,9,0,0.16,0
12824,17182,626,0,0,0,20,1,0.75,0
7777,21452,2864,1,1,1,10,2,0.36,0
29273,2844,341,1,0,0,15,0,10.29,0
44978,37097,3214,1,0,1,18,2,1.21,0
34256,49057,4380,0,1,1,9,0,0.7,0
19614,23309,1476,0,0,1,16,5,0.84,0
1985,35155,514,1,1,1,7,2,0.06,0
11806,36504,3203,0,1,1,10,5,0.32,0
35303,8637,2021,1,1,0,18,5,4.09,0
29747,14585,2042,1,1,0,18,5,2.04,0
4537,28722,336,1,0,1,10,2,0.16,0
44996,25345,4358,1,1,1,13,2,1.78,0
30843,4929,2911,0,1,1,11,1,6.26,0
31116,8512,4368,1,0,1,9,1,3.66,0
2726,40718,3909,0,1,1,9,1,0.07,0
46922,36677,776,1,0,0,12,0,1.28,0
31213,29943,3063,0,1,1,8,1,1.04,0
16501,33623,1425,1,0,1,7,2,0.49,0
13090,17636,2204,1,1,1,8,5,0.74,0
2873,367,4804,1,1,1,20,5,7.83,0
6157,6964,2306,0,0,1,10,4,0.88,0
11757,31869,129,0,1,0,5,1,0.37,0
6876,43162,877,1,0,1,11,2,0.16,0
49080,47944,1514,1,1,0,5,5,1.02,0
11414,44209,2143,0,1,0,7,4,0.26,0
9060,49210,1413,1,1,1,17,1,0.18,0
8676,48502,2590,0,1,1,18,1,0.18,0
49888,45704,323,1,0,0,6,3,1.09,0
32224,4893,4875,1,1,0,15,3,6.59,0
49270,48459,1482,1,0,0,14,0,1.02,0
4638,6841,1250,0,1,0,20,5,0.68,0
35318,11561,2597,1,0,1,10,0,3.05,0
26966,15754,4911,1,1,0,17,0,1.71,0
36021,456,1651,1,0,1,17,5,78.99,0
27794,23184,4005,0,0,0,7,5,1.2,0
29046,7943,3572,1,1,1,8,0,3.66,0
30228,1201,650,1,0,1,9,5,25.17,0
28096,34465,376,1,1,1,20,0,0.82,0
12307,28463,2735,1,1,1,19,3,0.43,0
27059,36289,1646,0,1,0,12,0,0.75,0
41302,33174,3429,0,1,1,9,4,1.25,0
39238,7625,149,1,1,1,19,3,5.15,0
5564,25229,1633,1,0,0,9,5,0.22,0
39428,49477,4502,1,1,0,9,2,0.8,0
6591,597,3373,1,1,0,8,4,11.04,0
46078,15964,183,1,0,1,11,0,2.89,0
35049,6604,4230,1,1,1,11,0,5.31,0
8183,38701,218,0,1,0,14,4,0.21,0
27731,38462,4863,1,1,1,12,2,0.72,0
47830,16787,234,1,1,0,11,4,2.85,0
1932,46921,3195,0,1,0,16,2,0.04,0
9683,11590,1663,0,0,1,9,0,0.84,0
797,35995,4015,1,1,0,6,3,0.02,0
7186,12719,1126,1,0,1,20,2,0.56,0
2801,35876,4425,1,0,1,7,2,0.08,0
3672,16189,3110,0,0,0,18,2,0.23,0
17869,40994,2012,0,0,1,6,5,0.44,0
36944,13519,1117,0,1,0,9,4,2.73,0
13460,39119,2335,1,1,0,10,2,0.34,0
15829,46591,1830,0,1,1,12,4,0.34,0
5567,16241,3445,1,1,0,20,1,0.34,0
30385,49274,2137,1,1,0,12,2,0.62,0
44122,2240,4761,0,0,1,11,4,19.7,0
14793,21350,4327,0,1,1,17,1,0.69,0
20269,32688,3743,1,0,0,7,3,0.62,0
12660,42328,2885,1,1,1,18,2,0.3,0
49362,43347,3900,0,1,0,13,1,1.14,0
22221,7212,1902,0,1,0,13,0,3.08,0
29605,42657,2737,0,0,0,12,1,0.69,0
14206,49759,3933,0,1,1,6,3,0.29,0
42380,37545,2299,1,1,1,5,3,1.13,0
43075,34643,2173,0,0,1,7,4,1.24,0
11271,30790,3450,1,1,0,8,1,0.37,0
8552,47924,321,1,1,1,10,0,0.18,0
18825,2138,4418,1,1,0,15,2,8.8,0
24094,48338,2852,1,1,0,7,2,0.5,0
13542,47789,1186,0,1,0,11,5,0.28,0
9840,1913,3493,1,0,0,9,2,5.14,0
13523,1391,1943,0,0,1,5,0,9.72,0
18001,40024,172,1,1,1,12,5,0.45,0
42513,42241,4407,0,0,1,10,0,1.01,0
37565,31836,4855,1,1,0,15,2,1.18,0
9023,43524,4262,0,0,0,9,5,0.21,0
39128,26724,1581,1,1,0,19,2,1.46,0
45133,35770,1657,1,0,0,13,2,1.26,0
6129,12254,355,0,1,1,8,1,0.5,0
22050,14775,2183,1,1,1,13,1,1.49,0
8775,25110,116,0,1,0,18,4,0.35,0
5797,8453,1505,0,1,0,19,2,0.69,0
33647,634,4442,0,1,0,7,1,53.07,0
45975,3663,3974,1,0,0,18,2,12.55,0
192,20143,1929,0,0,1,15,3,0.01,0
8265,6508,1444,1,0,1,19,2,1.27,0
10560,38636,2070,1,1,1,14,3,0.27,0
41830,18904,4609,1,0,1,5,0,2.21,0
19034,39949,3431,0,0,1,14,0,0.48,0
41739,49685,1132,0,1,1,11,1,0.84,0
31598,31723,442,0,0,1,6,2,1.0,0
16310,15890,3590,0,1,0,6,5,1.03,0
3657,31821,4858,0,1,0,7,4,0.11,0
22654,22897,4761,0,0,1,18,5,0.99,0
14016,13348,1825,0,0,1,17,4,1.05,0
3042,200,3948,0,1,1,9,0,15.21,0
5828,39559,955,1,1,0,5,2,0.15,0
23285,18290,3913,0,1,1,16,2,1.27,0
24278,45202,4692,1,0,1,14,0,0.54,0
28791,44110,1410,0,1,1,15,2,0.65,0
2603,14272,935,0,0,1,18,2,0.18,0
19497,48913,2633,1,1,1,7,1,0.4,0
649,23286,4513,1,1,1,20,5,0.03,0
3444,5948,1878,0,0,1,20,3,0.58,0
23903,15417,2442,1,1,1,5,0,1.55,0
27877,34255,4079,1,1,1,17,5,0.81,0
217,48600,2396,0,0,1,9,2,0.0,0
16049,6379,1651,1,1,0,20,4,2.52,0
29589,7840,4458,1,1,1,13,0,3.77,0
15751,23829,1059,0,1,0,17,3,0.66,0
2681,13484,2134,1,1,1,8,2,0.2,0
28010,22514,3726,1,0,0,9,0,1.24,0
40846,15258,4214,0,0,0,9,0,2.68,0
36890,26077,3078,1,1,1,15,5,1.41,0
39717,48289,3907,1,1,1,19,5,0.82,0
36488,20198,2467,1,0,0,17,0,1.81,0
48949,29842,2237,1,1,0,16,5,1.64,0
7001,34004,275,0,0,0,10,1,0.21,0
8442,43065,2824,0,0,0,8,3,0.2,0
45385,6930,1892,1,1,0,14,4,6.55,0
34599,8431,2784,1,1,1,20,4,4.1,0
36429,28890,350,1,1,0,17,1,1.26,0
4218,48438,3993,0,0,1,13,4,0.09,0
40280,6405,2954,1,1,1,16,1,6.29,0
39372,41619,4094,0,1,0,5,1,0.95,0
47575,44854,1467,1,1,0,13,2,1.06,0
33942,15152,2019,1,1,0,10,1,2.24,0
4966,32223,3969,1,0,0,12,2,0.15,0
31454,16708,3674,0,0,1,19,3,1.88,0
5510,10872,3235,1,1,0,9,2,0.51,0
16358,35506,847,1,1,1,20,4,0.46,0
6477,1150,4291,0,1,1,19,5,5.63,0
19200,48677,2102,1,1,1,20,0,0.39,0
29498,14889,2802,0,1,0,20,1,1.98,0
19251,7210,874,1,0,0,9,5,2.67,0
6131,7595,2993,0,0,1,19,0,0.81,0
38638,1536,3018,1,1,1,7,1,25.15,0
34417,6281,4853,0,1,0,16,1,5.48,0
2892,16938,2324,1,1,0,9,4,0.17,0
32567,36948,4111,0,1,0,18,1,0.88,0
44386,35461,321,1,0,1,11,1,1.25,0
44234,2916,2422,0,1,1,19,0,15.17,0
32281,14239,2483,0,0,0,19,2,2.27,0
16520,27043,934,0,1,0,11,2,0.61,0
7075,44838,4037,0,1,0,9,5,0.16,0
45146,19357,3781,0,0,0,10,2,2.33,0
33821,37885,4866,0,1,0,10,3,0.89,0
28324,40048,3315,0,0,1,14,0,0.71,0
6757,4812,3726,0,1,0,13,1,1.4,0
45687,20112,58,0,1,1,7,1,2.27,0
35931,9653,467,1,0,0,9,4,3.72,0
2284,1434,637,0,1,0,19,1,1.59,0
38092,35262,1090,0,1,1,20,5,1.08,0
42006,39258,3339,0,1,0,19,1,1.07,0
20290,34928,2698,1,1,0,10,0,0.58,0
18290,2528,2520,1,0,1,12,2,7.23,0
6615,46360,3844,0,0,1,13,5,0.14,0
20026,49143,1747,0,0,0,18,0,0.41,0
17623,40135,1193,0,1,0,16,4,0.44,0
31467,44697,2784,1,0,0,7,2,0.7,0
20815,30302,3562,0,1,1,15,2,0.69,0
16577,40896,4703,0,0,1,8,4,0.41,0
4494,41116,3395,0,1,0,5,3,0.11,0
27482,43902,3212,0,0,0,20,0,0.63,0
24783,16675,3322,1,1,1,13,2,1.49,0
3974,24244,4115,1,1,1,11,2,0.16,0
33951,46529,2027,1,1,0,5,1,0.73,0
1485,7768,1835,0,1,0,16,0,0.19,0
43011,45110,1523,1,0,1,8,0,0.95,0
17098,47537,1826,0,1,1,20,0,0.36,0
20080,33954,291,0,1,1,10,5,0.59,0
26978,18235,3903,1,1,1,12,5,1.48,0
3201,44167,3232,0,1,0,9,3,0.07,0
26703,8752,449,1,1,0,15,2,3.05,0
5194,1104,4617,1,0,0,19,2,4.7,0
47488,36162,4948,0,1,1,14,1,1.31,0
27410,48859,3360,1,0,1,20,2,0.56,0
23675,42724,3246,1,1,1,14,2,0.55,0
32657,23511,689,0,1,0,19,5,1.39,0
24462,43943,3562,1,0,0,20,0,0.56,0
1847,24444,4255,1,1,1,18,2,0.08,0
19492,41321,612,0,1,1,15,5,0.47,0
19426,5226,1082,0,0,0,19,5,3.72,0
38839,37171,2203,1,0,0,18,4,1.04,0
3111,9193,4783,0,0,1,17,0,0.34,0
2265,35843,2306,0,0,0,10,4,0.06,0
27642,33304,546,0,0,1,6,2,0.83,0
24083,47199,203,0,1,1,18,4,0.51,0
48425,10104,3683,0,0,1,11,4,4.79,0
41749,38293,4877,0,0,1,10,5,1.09,0
29395,36846,289,0,1,0,17,3,0.8,0
10576,39189,1710,1,0,0,16,3,0.27,0
17737,32048,3570,0,1,1,17,1,0.55,0
24640,34573,3637,0,0,0,16,0,0.71,0
28021,43487,2636,0,0,1,10,2,0.64,0
27771,16004,1937,0,0,0,16,1,1.74,0
24655,17351,29,0,1,1,13,4,1.42,0
7155,12237,4544,0,0,1,14,5,0.58,0
5711,28346,3177,1,0,1,17,0,0.2,0
48477,31441,913,0,1,0,13,2,1.54,0
48994,48774,4449,1,1,0,7,2,1.0,0
21148,18402,357,0,0,0,14,3,1.15,0
31983,46739,2064,1,0,1,17,5,0.68,0
6878,27582,3224,1,0,0,20,1,0.25,0
12207,7328,4152,1,0,1,11,4,1.67,0
39383,5878,3967,1,1,1,9,3,6.7,0
23199,7225,4171,0,1,0,11,4,3.21,0
37436,32439,3142,0,1,0,8,2,1.15,0
31455,18004,1578,0,1,0,14,1,1.75,0
17676,7660,4149,0,0,1,14,0,2.31,0
14423,45612,4702,0,1,1,19,4,0.32,0
13278,15593,1556,0,0,0,11,0,0.85,0
11605,12272,1199,1,1,1,18,2,0.95,0
6975,11387,692,1,1,0,6,1,0.61,0
31030,20281,1719,1,0,0,14,1,1.53,0
44701,20458,786,0,0,0,18,4,2.19,0
42717,29343,88,0,1,1,15,0,1.46,0
6557,1674,3541,1,1,1,12,2,3.92,0
46044,35708,3714,1,1,0,7,1,1.29,0
20282,34614,3710,1,1,1,7,0,0.59,0
41479,3547,3838,0,0,1,8,0,11.69,0
9417,12137,730,0,0,0,16,3,0.78,0
18173,40343,656,0,0,1,10,2,0.45,0
6880,10969,4875,0,1,0,11,0,0.63,0
2243,35337,2713,1,1,0,20,5,0.06,0
44600,10373,1172,0,0,1,6,0,4.3,0
40432,37169,373,1,1,0,5,0,1.09,0
37392,38362,2831,1,0,1,9,3,0.97,0
28014,35271,2256,0,0,1,6,3,0.79,0
37394,37285,3336,0,0,0,7,0,1.0,0
19177,38301,4571,0,1,1,12,1,0.5,0
42085,42952,4292,0,0,0,12,0,0.98,0
43877,38114,3293,1,1,1,19,1,1.15,0
13473,38091,1218,0,1,1,11,1,0.35,0
26606,14159,1202,1,1,1,18,3,1.88,0
18325,37765,4545,0,0,1,20,2,0.49,0
20027,27049,1192,0,0,1,20,4,0.74,0
30483,19426,1861,1,1,0,13,0,1.57,0
41784,22728,2325,0,0,0,5,3,1.84,0
13393,17193,3575,0,1,1,7,5,0.78,0
9812,17565,4682,1,0,1,10,1,0.56,0
22064,7431,4995,1,0,1,20,2,2.97,0
45716,24896,2788,1,0,1,6,5,1.84,0
4151,41117,1189,0,0,0,11,4,0.1,0
38050,15919,4540,1,1,1,15,5,2.39,0
4167,24389,4030,0,1,0,11,0,0.17,0
1203,14540,4277,1,0,1,14,1,0.08,0
38837,10657,3568,0,1,1,20,2,3.64,0
11538,38823,3486,1,0,0,5,2,0.3,0
10793,42903,4047,1,1,1,19,4,0.25,0
45803,30144,1738,1,0,1,13,5,1.52,0
2044,49204,4961,1,0,1,9,2,0.04,0
8345,31746,1096,1,1,0,8,3,0.26,0
26408,30049,3423,0,0,1,17,5,0.88,0
4701,19710,1718,0,0,0,9,4,0.24,0
18792,36247,4655,1,0,0,15,4,0.52,0
2222,6631,2857,1,1,0,5,0,0.34,0
44174,31924,2497,1,1,0,15,0,1.38,0
5226,29259,1510,0,1,0,8,4,0.18,0
20554,15236,4240,1,1,0,12,3,1.35,0
16058,29152,2596,1,0,0,15,0,0.55,0
8927,15663,4547,1,1,0,15,3,0.57,0
20314,27387,3297,1,0,1,14,4,0.74,0
6639,8060,1201,0,0,1,18,0,0.82,0
10756,23370,4432,0,1,1,11,4,0.46,0
16341,40670,2807,0,1,0,10,1,0.4,0
3770,24302,4704,0,0,0,6,4,0.16,0
17782,33649,4469,1,0,0,12,3,0.53,0
28977,43917,342,1,1,0,11,2,0.66,0
49562,23306,154,1,1,0,10,3,2.13,0
12210,30181,4421,1,1,1,16,4,0.4,0
9030,42737,1716,0,1,1,16,4,0.21,0
45865,39101,666,1,1,0,16,0,1.17,0
19825,47868,2694,0,0,1,19,2,0.41,0
38153,26950,2529,1,1,0,10,2,1.42,0
40641,49606,1530,0,0,1,6,2,0.82,0
9905,42690,3423,1,0,1,16,3,0.23,0
47528,21319,4418,0,1,0,6,4,2.23,0
13716,8623,2923,1,1,1,17,0,1.59,0
4458,44511,2275,1,1,0,18,0,0.1,0
40526,26010,3270,1,0,1,9,5,1.56,0
37057,27536,1105,1,0,1,5,5,1.35,0
1151,8311,1384,0,0,0,11,4,0.14,0
42487,6628,924,1,1,0,8,4,6.41,0
31670,36445,37,0,0,0,11,2,0.87,0
43552,28845,3906,0,1,1,7,0,1.51,0
42279,20128,600,0,0,1,19,2,2.1,0
5060,48943,2389,0,1,1,20,4,0.1,0
35656,9771,1328,0,0,1,15,1,3.65,0
27329,47514,314,1,1,1,9,5,0.58,0
9511,27932,219,0,1,1,11,3,0.34,0
10610,5046,1238,0,0,1,10,3,2.1,0
17794,34618,4620,1,1,0,12,3,0.51,0
24175,6018,2185,0,1,1,7,5,4.02,0
14261,47281,3455,0,1,1,16,3,0.3,0
10076,7591,3041,0,1,1,17,5,1.33,0
30225,10452,4405,0,0,1,12,0,2.89,0
25626,49480,3059,1,1,1,5,0,0.52,0
17858,49964,2548,0,1,0,5,0,0.36,0
22515,12356,3467,1,1,0,20,3,1.82,0
5565,23176,2251,1,0,0,20,4,0.24,0
11153,25502,998,1,0,1,6,1,0.44,0
29495,35498,4880,0,0,0,6,4,0.83,0
20096,22477,1567,0,0,1,9,1,0.89,0
15721,27145,3148,1,0,1,5,3,0.58,0
19459,24229,2428,1,0,1,17,2,0.8,0
16806,44273,394,0,0,1,20,5,0.38,0
8743,9718,2628,0,1,0,9,3,0.9,0
23923,35748,1590,1,0,0,7,0,0.67,0
4177,17304,4805,1,1,0,19,3,0.24,0
45189,14177,3887,1,1,0,20,0,3.19,0
17903,3121,3862,1,1,1,7,0,5.74,0
26632,21943,3359,0,0,0,12,2,1.21,0
6275,16797,2301,0,1,1,13,2,0.37,0
20043,3958,145,0,0,0,14,2,5.06,0
21329,19155,2181,1,1,0,12,5,1.11,0
41061,23699,4405,1,0,1,6,2,1.73,0
14970,39021,773,1,0,1,10,4,0.38,0
30300,10971,4324,1,0,1,15,5,2.76,0
12456,22916,4818,1,1,1,11,3,0.54,0
14514,43227,4833,0,1,0,8,0,0.34,0
5683,36267,1359,1,0,0,20,2,0.16,0
46774,17302,1293,1,1,1,20,3,2.7,0
44554,43491,1721,1,1,1,8,4,1.02,0
45026,12565,945,0,1,0,11,4,3.58,0
15416,40513,3876,0,1,1,11,3,0.38,0
37825,3084,4329,0,0,1,16,3,12.26,0
4560,31190,4303,0,0,1,14,2,0.15,0
7726,37489,706,1,1,0,12,5,0.21,0
39326,3853,4351,1,1,1,16,4,10.21,0
9559,11621,4361,1,1,1,7,4,0.82,0
5780,20129,2818,1,1,0,11,5,0.29,0
17524,34259,324,1,1,1,14,2,0.51,0
37550,31758,472,0,1,1,15,0,1.18,0
43055,25532,909,0,0,1,10,4,1.69,0
8878,25339,691,0,0,0,6,1,0.35,0
26179,49391,4429,1,0,0,9,4,0.53,0
25621,10993,200,1,1,1,12,1,2.33,0
25532,877,784,0,1,0,6,5,29.11,0
46755,28309,1944,1,0,1,9,4,1.65,0
36709,19611,3355,0,1,1,13,4,1.87,0
48124,49650,4321,1,1,1,20,4,0.97,0
26174,380,2387,0,0,0,10,2,68.88,0
35969,27478,1589,0,0,1,5,5,1.31,0
38918,17703,392,0,1,0,7,5,2.2,0
732,32041,752,1,0,1,15,5,0.02,0
16917,45459,1223,0,0,1,14,5,0.37,0
12891,10164,3229,0,0,1,10,1,1.27,0
26205,29982,1830,0,1,1,9,0,0.87,0
12699,7477,2574,0,1,0,19,2,1.7,0
10582,21845,4098,1,0,0,17,4,0.48,0
33799,48412,3940,1,0,0,18,0,0.7,0
19221,41738,2284,0,0,0,15,3,0.46,0
44221,49674,3766,0,0,1,19,4,0.89,0
31628,49372,4353,1,1,1,12,5,0.64,0
23555,31994,1807,1,0,0,13,1,0.74,0
32568,10295,3795,0,1,1,9,3,3.16,0
11230,9876,138,0,0,0,14,0,1.14,0
36964,13505,3586,1,1,0,20,3,2.74,0
6203,14719,3832,0,1,1,7,4,0.42,0
48460,39238,377,0,0,1,6,3,1.24,0
9894,9019,3130,1,0,0,15,2,1.1,0
25005,31223,410,1,1,0,5,2,0.8,0
31244,6153,2950,1,1,1,11,1,5.08,0
41726,5254,137,0,0,1,20,0,7.94,0
17936,29175,595,1,0,1,9,5,0.61,0
38015,28606,2782,0,1,0,7,5,1.33,0
39571,32043,4807,1,0,1,5,5,1.23,0
984,16464,2373,0,1,1,11,1,0.06,0
13759,42996,90,1,1,1,8,1,0.32,0
42236,28701,574,1,0,1,15,1,1.47,0
16621,46862,4689,1,0,1,20,5,0.35,0
28454,17343,1896,0,1,0,20,4,1.64,0
8351,22628,975,0,0,1,12,5,0.37,0
15681,5576,235,0,0,0,15,1,2.81,0
24919,20005,1292,0,1,1,6,4,1.25,0
47047,3673,1003,0,0,0,9,5,12.81,0
19014,38390,4422,1,0,0,16,4,0.5,0
37621,14905,196,1,1,0,7,4,2.52,0
1573,22095,3062,0,0,1,13,3,0.07,0
5821,37540,4778,0,0,0,19,4,0.16,0
82,18234,1239,0,0,1,17,3,0.0,0
32472,16721,2566,1,0,1,11,4,1.94,0
45684,38392,1969,0,1,1,17,0,1.19,0
24541,4367,2741,1,0,0,10,4,5.62,0
20917,27413,178,0,1,1,12,3,0.76,0
30385,27086,1260,1,0,1,8,1,1.12,0
22963,46617,2069,1,1,1,15,0,0.49,0
31389,14281,4015,1,0,1,18,3,2.2,0
49640,3831,4197,0,1,1,20,2,12.96,0
5002,46317,4339,1,1,1,11,4,0.11,0
30879,37665,2409,0,0,0,9,5,0.82,0
13883,33477,4272,0,1,1,11,3,0.41,0
23923,12945,4975,1,1,1,13,2,1.85,0
3923,33933,297,1,0,1,14,0,0.12,0
6391,8106,4040,0,0,0,17,4,0.79,0
38991,3160,2802,1,1,1,7,0,12.34,0
30342,8799,405,1,1,0,5,3,3.45,0
37545,26445,467,1,0,1,5,1,1.42,0
36240,37997,236,1,1,0,5,1,0.95,0
28524,10549,382,1,0,0,8,3,2.7,0
41871,44415,1903,0,0,1,16,5,0.94,0
28621,3011,2923,1,0,1,9,5,9.51,0
23892,27066,892,1,0,0,9,5,0.88,0
6146,2451,760,0,1,0,10,3,2.51,0
36411,7004,1207,0,0,0,7,0,5.2,0
44963,23561,4709,0,0,1,12,5,1.91,0
18384,46577,4480,1,1,1,15,3,0.39,0
17006,13374,2408,1,1,0,14,3,1.27,0
13334,40045,1557,0,0,0,6,4,0.33,0
47409,27595,1784,1,0,1,8,3,1.72,0
37205,33268,4301,0,1,0,11,3,1.12,0
21590,87,265,1,0,1,17,0,248.16,0
10995,3974,3206,1,1,1,20,0,2.77,0
10392,43584,1528,0,0,1,18,5,0.24,0
19093,29917,1101,0,1,0,14,3,0.64,0
19637,32497,3017,0,0,1,10,1,0.6,0
6982,30629,2467,0,0,0,15,0,0.23,0
44737,48212,2519,1,1,1,18,2,0.93,0
3623,9943,4033,0,1,1,13,2,0.36,0
9186,20725,2800,1,0,1,7,3,0.44,0
4128,33115,2629,0,1,1,16,5,0.12,0
46447,35260,2997,0,0,0,7,0,1.32,0
34645,41624,399,0,1,0,9,5,0.83,0
20376,27955,935,0,1,1,8,3,0.73,0
48900,34923,312,0,1,0,5,3,1.4,0
6848,2924,54,0,0,1,12,3,2.34,0
2262,48454,4427,0,0,0,12,1,0.05,0
11119,45987,432,1,1,1,11,5,0.24,0
28904,32684,1561,0,0,0,19,3,0.88,0
35067,35459,1755,1,1,1,15,4,0.99,0
39146,30630,868,1,1,0,8,2,1.28,0
2079,17246,3927,1,0,1,9,3,0.12,0
45925,41137,1223,0,0,0,14,4,1.12,0
25085,7616,1413,1,1,1,14,2,3.29,0
1955,11527,4891,1,1,0,5,5,0.17,0
7063,36232,4248,1,0,0,7,0,0.19,0
5353,2737,4093,1,1,1,17,3,1.96,0
31016,16066,1637,1,1,0,7,1,1.93,0
3373,37186,4533,0,1,1,10,1,0.09,0
28100,12404,180,1,1,0,19,1,2.27,0
24746,3963,4957,1,1,0,11,1,6.24,0
9423,4352,601,0,1,0,18,1,2.17,0
41080,38531,701,1,0,0,18,1,1.07,0
39128,10807,4731,1,1,0,14,1,3.62,0
30301,8437,4394,0,1,1,17,0,3.59,0
24048,13413,2997,0,0,1,5,0,1.79,0
2553,33370,2440,1,1,0,14,5,0.08,0
15443,6532,3165,1,0,1,10,2,2.36,0
12582,28809,2462,0,0,1,6,0,0.44,0
47290,48528,1395,0,1,1,5,5,0.97,0
23316,20581,4269,1,1,0,16,5,1.13,0
4596,32206,3939,0,0,1,18,1,0.14,0
48615,8334,4206,1,1,1,10,5,5.83,0
43332,30276,3873,0,1,0,5,5,1.43,0
46126,31021,768,1,1,0,5,5,1.49,0
11382,37697,2783,1,1,1,7,3,0.3,0
23921,30732,1389,0,0,1,10,0,0.78,0
47140,12309,3493,1,1,0,16,4,3.83,0
27915,20988,1403,1,0,1,9,5,1.33,0
31761,27621,40,0,1,0,19,2,1.15,0
40479,38541,2502,1,0,1,17,5,1.05,0
32210,18944,764,1,0,1,19,1,1.7,0
35477,12456,676,0,1,0,15,5,2.85,0
9164,34494,3711,0,0,0,18,5,0.27,0
24605,19071,1289,1,0,0,18,5,1.29,0
31192,20181,1296,1,1,1,6,5,1.55,0
39448,13098,4753,0,0,1,19,5,3.01,0
12435,32052,1334,1,1,1,10,0,0.39,0
6050,27319,2348,1,1,1,20,1,0.22,0
10243,41635,674,1,1,0,8,2,0.25,0
45107,29992,2371,1,0,1,17,1,1.5,0
35885,26423,3594,0,0,0,19,5,1.36,0
15298,28518,3413,1,1,0,20,2,0.54,0
9894,16983,2469,0,1,0,5,0,0.58,0
24209,33453,4678,1,1,0,19,5,0.72,0
2714,38994,2059,0,1,0,11,4,0.07,0
19940,47589,1653,1,1,0,7,0,0.42,0
24219,34806,3088,1,1,1,7,1,0.7,0
46694,34371,4672,0,0,0,17,4,1.36,0
9144,48773,4445,1,0,0,14,2,0.19,0
31475,8670,172,1,1,1,9,1,3.63,0
13423,48864,1211,1,1,0,7,3,0.27,0
23543,34552,512,0,0,0,12,1,0.68,0
42916,16618,1099,1,1,1,8,3,2.58,0
19491,23554,784,0,0,0,10,4,0.83,0
32926,37103,4727,0,0,0,7,1,0.89,0
41799,31515,1181,1,0,1,16,4,1.33,0
20199,11600,2905,0,0,1,13,4,1.74,0
6946,8074,4763,0,0,1,12,4,0.86,0
8318,21183,4621,1,1,1,20,0,0.39,0
13932,8328,1931,0,1,0,12,0,1.67,0
1938,34451,2061,1,0,0,13,4,0.06,0
31385,41292,741,0,0,1,9,0,0.76,0
27834,10418,2875,1,1,0,13,1,2.67,0
3752,37856,3483,1,1,0,16,2,0.1,0
23185,39300,3157,0,1,0,5,2,0.59,0
40184,21983,580,0,0,1,8,0,1.83,0
32965,20620,3383,1,1,0,19,1,1.6,0
39750,39617,4205,0,0,1,11,1,1.0,0
32783,1074,2900,0,1,0,13,3,30.52,0
48338,11910,2727,1,1,1,19,3,4.06,0
1054,45230,2204,0,0,0,6,5,0.02,0
36596,4675,2994,0,0,0,5,5,7.83,0
42316,3943,3386,0,0,1,13,0,10.73,0
26413,4405,4923,1,1,1,13,4,6.0,0
6867,46865,130,1,1,0,7,0,0.15,0
1751,11569,4735,0,1,1,11,3,0.15,0
22054,5270,2817,1,0,0,20,0,4.18,0
39848,44986,3966,1,0,0,20,1,0.89,0
6372,28449,2467,0,0,0,8,3,0.22,0
31887,30,4665,1,0,1,5,1,1062.9,0
7644,1614,768,1,1,0,12,4,4.74,0
3280,48914,1851,0,1,1,18,5,0.07,0
33049,22176,4838,1,1,0,19,5,1.49,0
29078,42591,3547,0,1,0,12,1,0.68,0
22212,33407,668,1,0,1,15,2,0.66,0
2616,10727,0,1,1,0,19,1,0.24,0
26102,11644,1651,1,0,1,9,1,2.24,0
3309,42679,3270,0,0,1,11,3,0.08,0
25939,30071,4914,1,1,1,19,5,0.86,0
39927,45562,1690,0,1,0,14,4,0.88,0
38852,28386,2234,0,1,0,20,0,1.37,0
37496,12743,3568,0,1,0,15,3,2.94,0
623,10168,4375,0,0,0,8,1,0.06,0
19323,46632,2711,1,1,0,20,2,0.41,0
21857,13750,2474,0,1,0,13,1,1.59,0
13804,19884,3204,1,1,1,12,2,0.69,0
27648,19897,590,1,1,0,17,3,1.39,0
38750,48410,2776,0,1,0,9,2,0.8,0
47631,29336,3555,1,1,1,15,5,1.62,0
27699,6972,3856,1,0,0,10,3,3.97,0
13878,34748,4384,0,0,1,15,2,0.4,0
14470,10371,2457,1,1,1,6,0,1.4,0
28057,32672,888,0,1,1,12,1,0.86,0
13416,2319,1820,1,0,1,16,2,5.79,0
29615,28572,4263,0,0,1,16,3,1.04,0
50000,10490,3885,0,1,1,8,1,4.77,0
3233,31285,318,1,0,1,6,3,0.1,0
11631,42355,4735,0,1,1,12,5,0.27,0
25045,8055,2296,0,1,1,10,0,3.11,0
47315,32730,4764,1,1,0,18,5,1.45,0
25918,39558,1795,0,0,0,10,0,0.66,0
5611,4826,2348,0,1,1,17,5,1.16,0
9536,5797,3233,0,0,1,10,1,1.64,0
18352,16092,4355,0,0,1,8,2,1.14,0
29646,11891,2368,0,1,1,13,5,2.49,0
40408,21162,514,0,0,1,12,0,1.91,0
39639,46873,3851,0,0,0,5,1,0.85,0
29280,20211,2854,1,1,1,17,0,1.45,0
32373,36044,3812,1,1,0,14,1,0.9,0
732,17657,4824,0,1,1,13,2,0.04,0
35239,36053,2743,0,0,0,14,3,0.98,0
26610,43945,156,0,1,0,17,4,0.61,0
25962,21634,4151,0,1,1,8,0,1.2,0
34869,45994,2397,0,0,0,6,4,0.76,0
1067,759,4590,1,1,0,15,0,1.41,0
19915,29406,4972,1,1,1,14,2,0.68,0
42736,30567,3210,1,1,0,15,2,1.4,0
27455,930,3499,0,0,1,7,2,29.52,0
11405,2234,2977,0,0,0,14,5,5.11,0
34422,31989,4602,1,0,1,5,4,1.08,0
38389,769,3850,1,0,0,19,1,49.92,0
11345,19740,4471,0,1,1,8,1,0.57,0
39901,9242,2196,0,0,1,12,5,4.32,0
2987,10400,344,0,1,1,19,5,0.29,0
24426,30284,23,0,1,0,18,3,0.81,0
24592,46050,4574,0,1,1,6,4,0.53,0
30802,12439,4820,1,1,1,6,5,2.48,0
47988,13313,1322,0,1,1,11,3,3.6,0
40425,6998,2030,1,1,0,9,1,5.78,0
26678,19586,1556,0,0,0,16,3,1.36,0
31313,5960,1688,1,1,0,12,1,5.25,0
43756,2476,2259,1,1,0,15,4,17.67,0
25874,47275,710,1,1,1,16,5,0.55,0
46482,30104,2762,1,1,0,18,4,1.54,0
24645,36520,3801,0,1,0,11,5,0.67,0
6566,20927,2872,0,1,1,16,3,0.31,0
43127,40721,3059,0,0,0,6,4,1.06,0
11939,18212,3527,0,0,1,7,4,0.66,0
24036,30387,1724,1,0,1,6,1,0.79,0
11811,26961,3871,1,1,0,8,2,0.44,0
36788,41335,2186,1,0,1,15,1,0.89,0
35238,39249,289,0,0,0,6,1,0.9,0
32603,47226,4856,1,1,0,9,2,0.69,0
14427,3235,3678,1,1,1,14,2,4.46,0
43829,31617,3357,0,1,0,9,1,1.39,0
3369,35718,1574,1,0,0,7,3,0.09,0
9149,18249,3078,1,0,1,19,2,0.5,0
47220,49150,1414,0,0,0,19,0,0.96,0
15027,41803,3747,1,0,0,20,0,0.36,0
27103,24943,254,1,1,1,12,2,1.09,0
34881,20839,3675,0,1,0,7,4,1.67,0
31835,12237,1384,0,1,1,17,0,2.6,0
10282,41817,4332,1,1,0,14,3,0.25,0
29348,38904,3582,1,0,1,16,3,0.75,0
33467,14230,4151,1,1,1,10,2,2.35,0
41430,19882,1483,1,0,1,15,1,2.08,0
25332,18300,1401,0,0,1,13,4,1.38,0
31376,5279,4216,1,1,1,20,4,5.94,0
16386,5967,4005,0,0,1,10,2,2.75,0
24532,25572,663,0,1,0,16,1,0.96,0
25524,41262,4448,0,0,1,8,4,0.62,0
16849,25212,4616,0,1,1,11,0,0.67,0
41159,9707,4830,0,0,1,14,2,4.24,0
17834,11272,567,1,0,1,17,5,1.58,0
18199,36255,2887,0,0,0,17,1,0.5,0
15602,35935,1369,1,1,1,11,2,0.43,0
11093,28773,861,1,1,0,10,5,0.39,0
933,44132,4164,1,1,0,18,3,0.02,0
30611,22091,1787,0,1,0,15,3,1.39,0
16158,45310,1171,1,0,1,10,4,0.36,0
15172,30099,3986,0,0,0,7,4,0.5,0
14181,32434,3257,0,0,1,14,4,0.44,0
137,44445,2829,1,1,1,8,4,0.0,0
21582,27054,4211,1,0,1,15,5,0.8,0
36377,11730,2895,1,1,1,12,2,3.1,0
13969,5779,2543,0,0,0,8,1,2.42,0
23075,5043,2420,1,0,1,11,4,4.58,0
10646,41451,1229,0,1,1,7,1,0.26,0
28277,38050,3980,1,1,0,10,0,0.74,0
27264,19710,2683,0,0,1,13,5,1.38,0
4869,27185,4392,0,1,1,7,2,0.18,0
49245,42309,2352,0,1,1,11,3,1.16,0
38887,34733,3592,0,0,1,5,5,1.12,0
806,27142,2225,1,1,0,9,3,0.03,0
23203,48788,3638,0,1,1,17,2,0.48,0
23665,12729,4199,0,0,0,15,3,1.86,0
36951,43492,103,1,0,1,18,3,0.85,0
26975,44621,2125,1,0,1,17,3,0.6,0
43545,23163,3477,0,0,1,18,5,1.88,0
13299,36359,447,0,1,0,14,2,0.37,0
8688,29002,3489,0,0,0,15,4,0.3,0
1306,23856,2263,0,1,0,12,1,0.05,0
24506,14257,362,1,0,1,7,1,1.72,0
22262,18739,3139,1,0,1,16,1,1.19,0
21106,17971,3338,0,0,0,7,3,1.17,0
22006,46074,4687,0,0,0,13,3,0.48,0
1429,45396,216,1,1,0,16,1,0.03,0
45325,17999,2598,0,0,0,6,5,2.52,0
45799,23005,4477,0,0,1,15,2,1.99,0
34230,36739,356,0,0,0,18,0,0.93,0
48648,38593,455,1,0,1,6,1,1.26,0
31942,3232,3050,1,0,1,19,4,9.88,0
30264,38101,4872,1,1,1,8,0,0.79,0
4872,42706,1895,0,1,0,13,1,0.11,0
29503,34052,3659,1,0,1,13,0,0.87,0
34058,248,1472,0,1,0,7,0,137.33,0
6003,22192,3154,0,1,0,14,2,0.27,0
47685,19852,1229,0,1,0,13,5,2.4,0
3889,28157,2941,0,1,1,10,2,0.14,0
8736,5956,1126,1,0,1,14,5,1.47,0
18141,35640,3274,1,0,0,19,1,0.51,0
47702,47216,1415,0,1,1,15,0,1.01,0
38186,30547,1721,1,1,1,7,5,1.25,0
43324,9337,4467,0,0,0,7,3,4.64,0
19243,41539,3223,1,1,0,20,0,0.46,0
28265,36551,4605,0,1,1,6,2,0.77,0
13896,2933,3303,1,1,1,6,5,4.74,0
4511,2144,1310,0,0,1,18,5,2.1,0
12094,25525,1297,1,0,1,10,2,0.47,0
18148,13134,1443,0,0,1,9,2,1.38,0
36055,4463,4937,0,0,1,12,4,8.08,0
34485,23733,4423,0,0,1,16,2,1.45,0
48109,39968,130,1,0,1,17,5,1.2,0
27277,44140,3977,1,1,0,17,4,0.62,0
16712,38253,3911,1,0,1,11,1,0.44,0
9922,39734,4027,1,0,1,13,0,0.25,0
31243,41788,91,0,0,1,11,2,0.75,0
31928,39817,2797,1,0,0,9,5,0.8,0
29092,25260,2558,1,1,0,8,3,1.15,0
27634,44046,3270,0,1,0,16,3,0.63,0
35053,44781,4458,1,0,1,8,1,0.78,0
19114,24180,2984,1,1,0,9,1,0.79,0
23373,38854,2399,1,1,1,12,5,0.6,0
20029,16364,2427,0,1,1,16,1,1.22,0
11886,10597,3892,0,0,0,5,5,1.12,0
23464,42389,2544,1,1,0,14,0,0.55,0
49646,46592,4688,0,1,0,15,0,1.07,0
34559,48884,2952,1,1,1,7,1,0.71,0
19047,17763,1947,0,1,1,20,1,1.07,0
49662,24798,2093,1,1,1,16,4,2.0,0
48501,44999,1151,0,1,1,6,4,1.08,0
34629,42202,1161,0,0,0,15,0,0.82,0
11207,15197,1860,0,1,0,17,2,0.74,0
19554,2360,584,1,0,0,15,5,8.29,0
7780,6122,1356,0,1,1,13,4,1.27,0
12689,292,4210,0,0,0,20,2,43.46,0
18940,17544,2975,0,0,0,11,5,1.08,0
19689,38570,1584,0,0,0,18,0,0.51,0
31581,25483,187,0,0,1,17,0,1.24,0
11609,5507,2355,1,1,1,17,5,2.11,0
20325,25637,4744,0,1,1,13,2,0.79,0
32257,35393,1650,0,0,0,8,2,0.91,0
34648,49262,2434,1,0,1,10,2,0.7,0
22227,47290,1496,0,1,1,9,4,0.47,0
22883,14892,3170,0,1,1,20,4,1.54,0
34912,37311,994,0,0,1,15,3,0.94,0
8642,45163,2770,1,1,0,19,2,0.19,0
37993,36040,1745,1,1,0,15,5,1.05,0
46062,40748,3430,1,1,1,11,3,1.13,0
8763,17873,3785,1,1,0,19,1,0.49,0
31561,40740,3213,0,0,1,18,4,0.77,0
4215,33083,2035,1,0,1,7,3,0.13,0
19991,4402,4883,1,0,1,13,5,4.54,0
27249,9216,1040,1,1,0,11,5,2.96,0
35296,33551,3166,1,0,1,19,0,1.05,0
26420,21486,4638,1,1,0,11,5,1.23,0
5384,13284,2672,1,1,0,6,0,0.41,0
10873,33690,19,0,1,0,17,5,0.32,0
17777,43544,4937,0,1,1,8,3,0.41,0
12141,21603,2551,1,0,1,18,0,0.56,0
6756,21872,4049,1,0,1,5,0,0.31,0
41789,16956,3586,0,1,1,15,0,2.46,0
2308,35606,1284,1,0,0,16,2,0.06,0
29524,47510,3682,0,1,0,18,1,0.62,0
15190,39145,1995,1,0,1,9,2,0.39,0
25065,11417,3659,0,1,1,18,3,2.2,0
35461,1873,696,1,1,1,13,5,18.93,0
14644,28206,398,1,0,1,19,1,0.52,0
43908,49055,2972,0,0,1,19,3,0.9,0
19104,25429,3828,1,0,1,18,2,0.75,0
16323,1592,1482,0,1,0,17,4,10.25,0
165,41403,1099,0,0,1,5,5,0.0,0
41678,25625,3659,0,1,0,9,2,1.63,0
2156,47467,4748,1,1,1,19,1,0.05,0
5802,40603,2504,0,0,0,12,2,0.14,0
29021,33430,468,0,1,1,12,0,0.87,0
17919,32135,1099,1,1,1,13,5,0.56,0
166,37453,3970,1,0,0,14,2,0.0,0
16878,1659,3755,0,0,1,12,2,10.17,0
44410,24345,4026,1,1,1,19,4,1.82,0
32681,27286,2816,1,1,1,19,5,1.2,0
2952,44792,2097,0,0,1,18,1,0.07,0
47666,41461,2316,1,0,0,18,4,1.15,0
14894,31715,2492,1,0,1,9,3,0.47,0
32851,26175,585,0,1,1,7,4,1.26,0
32517,10252,3524,1,1,0,9,4,3.17,0
7070,37246,2217,0,1,0,17,3,0.19,0
6968,22180,2097,1,1,0,18,3,0.31,0
33756,10102,2855,0,0,1,17,4,3.34,0
2433,47477,2320,1,0,1,8,2,0.05,0
34688,9817,4852,0,0,1,16,3,3.53,0
922,30977,4736,0,1,0,17,1,0.03,0
42099,43010,490,0,0,0,14,5,0.98,0
18019,2321,1297,0,0,1,10,3,7.76,0
13332,9646,971,0,1,1,12,5,1.38,0
3657,32217,692,0,1,1,10,4,0.11,0
45300,43276,1317,1,1,0,15,5,1.05,0
3602,2160,3728,0,0,1,8,3,1.67,0
32209,2185,1573,1,0,0,13,1,14.74,0
26306,20011,2362,0,1,0,19,1,1.31,0
27060,10485,1863,1,0,1,7,2,2.58,0
2535,7178,3901,0,0,1,5,1,0.35,0
18454,32159,959,1,1,0,12,1,0.57,0
40953,44494,3488,0,0,1,10,1,0.92,0
28578,46443,3872,0,0,1,19,3,0.62,0
20908,21759,1072,0,0,0,16,5,0.96,0
39410,1771,4376,1,1,1,17,2,22.25,0
38518,3314,340,1,0,1,13,1,11.62,0
18344,17052,575,1,0,1,8,2,1.08,0
17623,16595,2343,0,1,0,19,0,1.06,0
21934,10813,3691,0,1,1,17,3,2.03,0
27244,13015,1216,0,0,0,19,0,2.09,0
5860,18448,2081,0,1,1,12,4,0.32,0
20079,21136,3756,0,1,1,16,1,0.95,0
40001,1330,1563,1,0,1,13,1,30.08,0
5920,48258,1282,0,1,0,14,0,0.12,0
34109,44375,1010,1,0,1,16,2,0.77,0
11345,19865,1295,1,0,1,19,3,0.57,0
5377,26410,2407,1,1,1,10,3,0.2,0
20447,26180,3540,0,1,1,11,3,0.78,0
24082,32700,1054,1,1,0,9,0,0.74,0
5991,33190,4767,0,0,0,20,2,0.18,0
7222,41935,2239,0,0,0,20,0,0.17,0
7076,42385,296,0,1,0,13,5,0.17,0
21587,13174,1796,1,0,1,13,2,1.64,0
29490,30296,3713,1,1,1,7,0,0.97,0
447,45006,4951,0,0,0,12,3,0.01,0
12245,48721,197,1,0,1,8,1,0.25,0
13304,3037,2060,0,0,0,15,0,4.38,0
5929,48741,1412,1,1,1,9,4,0.12,0
42300,49285,2888,1,0,0,19,4,0.86,0
41383,24799,2870,0,1,0,12,2,1.67,0
38062,35507,395,0,1,1,5,1,1.07,0
30270,46265,1434,0,1,1,16,0,0.65,0
48879,20566,3474,1,1,0,13,4,2.38,0
25260,11936,3327,1,1,0,20,4,2.12,0
4273,18884,4306,1,1,1,6,4,0.23,0
42647,11219,2032,1,0,1,11,2,3.8,0
8590,19135,4761,0,0,1,20,4,0.45,0
11306,40182,179,1,1,1,19,2,0.28,0
26810,1311,680,0,1,0,17,1,20.45,0
46698,7617,946,1,1,1,8,0,6.13,0
2883,8582,4238,0,1,0,5,3,0.34,0
1380,44148,4395,0,0,1,14,1,0.03,0
26759,12465,4568,0,1,1,19,1,2.15,0
10305,14039,1237,0,0,0,15,1,0.73,0
15499,38765,2573,0,0,1,20,1,0.4,0
6178,33444,3662,0,1,0,16,1,0.18,0
13520,23723,3922,1,1,0,5,5,0.57,0
49450,16843,2547,0,0,1,14,0,2.94,0
32685,35626,3425,1,1,0,18,1,0.92,0
37365,11975,2712,0,1,0,20,3,3.12,0
14710,33718,1814,0,1,1,5,3,0.44,0
893,16616,3783,0,0,0,10,5,0.05,0
30757,11979,1966,1,0,0,18,1,2.57,0
1702,27173,2932,0,0,0,7,2,0.06,0
11957,46736,4980,0,0,1,17,3,0.26,0
9812,20919,3932,0,0,0,11,1,0.47,0
27662,10879,4430,1,1,1,12,5,2.54,0
33010,10307,1819,1,1,1,17,0,3.2,0
34042,46785,4348,1,1,0,7,3,0.73,0
24721,12653,4933,0,1,1,7,5,1.95,0
33236,6023,853,1,0,0,11,3,5.52,0
18451,10839,1796,1,1,0,19,5,1.7,0
46588,41701,3161,0,1,0,14,3,1.12,0
5661,12677,3554,1,0,0,7,2,0.45,0
15673,38757,2437,1,0,0,17,4,0.4,0
33881,34961,4104,0,0,0,18,4,0.97,0
35279,36793,662,1,0,1,19,4,0.96,0
47274,46661,4261,0,1,0,10,1,1.01,0
15555,35876,926,0,1,0,18,0,0.43,0
34656,19150,4270,1,0,0,5,5,1.81,0
27412,3222,4649,0,1,0,12,4,8.51,0
28069,10143,4127,0,0,0,5,5,2.77,0
49118,27403,3543,0,1,1,14,4,1.79,0
17088,45726,3515,1,0,0,19,2,0.37,0
7373,13947,1765,0,0,0,12,0,0.53,0
40622,46388,3293,1,1,0,20,5,0.88,0
12994,42328,2242,0,0,0,5,0,0.31,0
25396,11290,2597,0,1,1,6,5,2.25,0
22406,42612,3436,0,0,1,7,4,0.53,0
43181,26901,295,1,0,0,16,5,1.61,0
6764,31178,3798,0,1,0,16,1,0.22,0
2948,29879,1434,0,1,1,13,3,0.1,0
20198,21827,2888,1,1,1,17,1,0.93,0
41283,43770,80,1,1,0,14,4,0.94,0
4130,2853,1404,0,0,1,19,0,1.45,0
30973,3830,2154,0,0,1,16,1,8.09,0
10031,2767,1997,1,1,1,12,2,3.63,0
36153,37817,2611,0,0,1,8,1,0.96,0
17200,6228,4279,1,0,0,12,1,2.76,0
20125,11642,2853,1,1,0,17,2,1.73,0
48799,17387,686,0,1,1,17,0,2.81,0
28808,977,2612,1,1,0,17,2,29.49,0
45834,10793,1050,1,0,0,12,5,4.25,0
24055,37467,922,0,0,1,10,0,0.64,0
35794,11579,3634,0,1,1,17,4,3.09,0
42075,13363,3928,0,0,1,11,4,3.15,0
12524,30066,4541,1,0,1,20,4,0.42,0
22233,14859,844,1,1,1,12,4,1.5,0
28270,20647,3715,1,1,0,8,0,1.37,0
20441,10758,1573,1,0,1,11,4,1.9,0
37211,15952,4232,0,1,0,9,1,2.33,0
48657,26392,2388,1,1,1,8,2,1.84,0
11116,19148,490,0,1,0,6,2,0.58,0
24509,43128,3267,1,0,0,12,3,0.57,0
10614,42846,1656,0,0,1,9,4,0.25,0
27314,24942,2450,0,0,0,5,4,1.1,0
1038,21281,221,0,1,0,8,5,0.05,0
3304,45248,3611,1,1,1,20,3,0.07,0
7479,10035,3196,1,0,0,9,1,0.75,0
20440,33839,3931,0,0,1,16,5,0.6,0
5552,49681,2390,0,0,1,15,4,0.11,0
29433,43373,859,0,0,1,10,5,0.68,0
9999,32292,4073,0,1,1,12,4,0.31,0
44902,4282,3468,1,1,0,13,2,10.49,0
17115,24915,933,0,0,0,12,2,0.69,0
22952,18686,3932,0,0,0,10,1,1.23,0
19461,42761,4898,0,0,0,5,2,0.46,0
14403,8619,3989,0,1,0,11,3,1.67,0
33617,25980,1361,0,0,0,19,0,1.29,0
17809,23159,3571,0,1,0,15,0,0.77,0
13109,45510,4954,0,1,1,18,4,0.29,0
27319,32372,2618,1,0,1,7,0,0.84,0
11772,30441,240,0,1,1,8,2,0.39,0
28535,28449,164,1,0,0,18,2,1.0,0
32622,9525,2624,0,1,1,6,0,3.42,0
6041,139,1907,1,0,1,17,5,43.46,0
298,12932,2675,0,1,1,14,1,0.02,0
42288,28092,1875,0,1,0,6,1,1.51,0
12771,12978,4024,1,1,1,11,0,0.98,0
40094,43022,2272,0,1,1,10,2,0.93,0
389,38795,3836,1,0,1,18,2,0.01,0
42137,4585,2555,0,1,1,17,1,9.19,0
25133,27430,1392,0,0,1,16,3,0.92,0
6266,45023,4663,0,1,0,14,1,0.14,0
15048,14713,1197,0,0,1,14,1,1.02,0
45852,22040,3938,1,0,1,15,1,2.08,0
19902,5205,2830,0,1,1,10,4,3.82,0
20228,13180,333,1,1,1,13,0,1.53,0
42355,8723,3419,1,0,0,16,0,4.86,0
4139,8443,3076,0,0,1,12,3,0.49,0
35836,36889,1636,1,0,1,11,3,0.97,0
48600,39174,2645,1,1,1,16,5,1.24,0
40899,19623,4544,1,1,0,9,4,2.08,0
12958,32292,551,0,0,1,13,4,0.4,0
4378,1672,1015,1,1,1,6,0,2.62,0
4618,39309,225,0,1,0,19,0,0.12,0
22582,46282,3831,1,1,0,12,2,0.49,0
30463,40380,2463,0,1,1,7,1,0.75,0
27654,10025,1899,1,1,1,18,1,2.76,0
26392,45273,2979,1,0,1,11,2,0.58,0
22172,42429,597,0,0,0,7,2,0.52,0
25438,1976,1773,0,0,0,9,2,12.87,0
49058,35588,4342,1,0,0,12,1,1.38,0
32655,24578,3272,1,1,0,14,3,1.33,0
8681,11442,903,0,0,1,18,1,0.76,0
2640,1005,1531,0,1,1,20,3,2.63,0
8381,42288,1950,0,0,1,15,0,0.2,0
18212,39149,3392,1,1,0,7,4,0.47,0
49138,9484,70,1,0,1,10,4,5.18,0
22672,43931,3606,1,0,1,12,0,0.52,0
34562,13624,2983,1,1,1,14,2,2.54,0
10055,37810,446,0,1,1,12,2,0.27,0
40571,3689,1235,1,1,0,19,4,11.0,0
14190,19562,1447,1,1,0,19,4,0.73,0
47430,19471,1796,0,0,1,9,2,2.44,0
16151,16849,4008,1,0,0,17,2,0.96,0
14804,5159,3024,0,1,0,19,4,2.87,0
40220,22251,4066,0,0,0,12,1,1.81,0
47749,39771,4211,1,0,0,18,2,1.2,0
44701,13245,2892,1,0,1,9,1,3.37,0
49112,20128,4330,0,0,1,17,3,2.44,0
8717,12986,1280,1,0,1,15,5,0.67,0
18200,13252,2333,1,0,0,5,5,1.37,0
8935,29877,4139,0,0,1,17,0,0.3,0
13509,49690,3977,1,0,0,20,3,0.27,0
46503,13019,4214,0,1,1,14,2,3.57,0
33382,8879,2851,0,0,0,17,5,3.76,0
37711,21614,2079,1,1,1,12,0,1.74,0
22464,24024,2706,0,1,1,5,1,0.94,0
40110,45625,381,0,0,1,17,4,0.88,0
14082,21289,4503,1,0,1,17,1,0.66,0
31762,6695,2174,0,1,0,12,2,4.74,0
26589,12393,4975,0,1,1,19,2,2.15,0
39721,48793,3618,0,0,0,15,3,0.81,0
12897,27658,2891,1,1,0,15,0,0.47,0
2067,41865,4045,1,1,0,14,1,0.05,0
7649,31191,1917,1,1,0,18,1,0.25,0
15653,2204,402,0,1,1,15,2,7.1,0
397,30206,2935,0,1,0,19,3,0.01,0
17444,14857,4540,0,1,0,15,2,1.17,0
1851,25003,3771,0,1,1,16,5,0.07,0
23085,22446,1563,1,1,1,20,5,1.03,0
22436,28352,3835,0,1,1,5,2,0.79,0
33152,32830,1619,0,1,1,11,2,1.01,0
15517,25566,4976,0,0,0,7,0,0.61,0
49546,37576,264,1,0,1,5,4,1.32,0
13587,47392,77,1,1,0,11,5,0.29,0
20835,10176,1063,1,0,1,13,2,2.05,0
17383,34736,4805,0,1,1,17,3,0.5,0
17692,29060,1389,1,1,0,7,3,0.61,0
25267,14493,1436,1,0,1,9,4,1.74,0
32675,6673,1890,1,1,0,20,1,4.9,0
2275,45081,1839,0,0,0,6,5,0.05,0
31873,47180,3659,1,0,0,13,0,0.68,0
4328,21503,583,0,1,1,5,2,0.2,0
32331,49952,1398,1,1,0,6,0,0.65,0
37091,36977,3066,0,1,0,9,3,1.0,0
35528,31327,3853,1,1,1,12,0,1.13,0
30469,4511,4639,0,1,1,10,3,6.75,0
3809,1208,1071,0,0,1,7,1,3.15,0
20645,20302,4570,1,1,0,20,0,1.02,0
27319,9788,798,1,1,1,12,3,2.79,0
19091,34099,3531,0,0,0,15,3,0.56,0
7814,24375,1717,1,1,0,19,2,0.32,0
44098,48387,3303,1,0,0,16,4,0.91,0
31212,48473,171,0,1,0,11,0,0.64,0
4918,5594,4692,1,0,1,12,2,0.88,0
31414,6418,1326,1,0,1,7,2,4.89,0
33775,32833,1066,1,0,1,16,5,1.03,0
16728,43463,3244,0,0,0,9,2,0.38,0
27739,30038,2736,0,0,1,20,4,0.92,0
13230,35163,973,1,1,1,11,5,0.38,0
1629,4507,1432,0,0,0,7,1,0.36,0
4127,30863,3620,1,0,1,14,4,0.13,0
1866,2737,790,0,1,1,12,2,0.68,0
23895,20267,3371,0,0,1,20,5,1.18,0
1286,39901,4146,0,0,0,11,5,0.03,0
22220,20062,4074,1,0,0,11,1,1.11,0
25733,26172,4637,0,0,1,13,4,0.98,0
33827,40279,2651,0,0,1,18,2,0.84,0
33072,42755,375,1,1,0,9,0,0.77,0
8236,31077,1172,0,1,0,10,0,0.27,0
11965,42075,3555,1,0,1,6,4,0.28,0
38100,39642,3632,0,1,0,16,4,0.96,0
41608,2107,2427,0,0,0,15,1,19.75,0
48894,48903,730,0,1,1,20,2,1.0,0
28061,31312,2508,1,0,1,18,0,0.9,0
7531,26905,796,1,0,0,8,1,0.28,0
40270,36110,3575,0,1,0,8,4,1.12,0
32153,18600,158,0,0,0,5,0,1.73,0
33619,14556,1967,1,0,1,10,1,2.31,0
9819,2013,1429,1,1,0,14,3,4.88,0
27624,20512,4414,0,0,0,5,5,1.35,0
15933,36219,970,0,1,1,20,4,0.44,0
7564,39802,3790,0,1,1,19,3,0.19,0
30069,4566,4593,1,0,0,19,1,6.59,0
26210,47368,1959,1,0,0,8,2,0.55,0
11544,2931,2153,1,0,0,15,5,3.94,0
47168,39023,1833,1,0,0,8,3,1.21,0
26372,5768,1005,0,1,1,18,3,4.57,0
41987,21148,1397,1,1,0,13,4,1.99,0
9370,4177,4153,1,1,1,11,4,2.24,0
14941,46799,282,1,1,0,17,2,0.32,0
8099,31353,1076,1,1,0,10,3,0.26,0
33012,7708,1043,1,0,1,10,2,4.28,0
6324,24101,2617,0,0,0,6,4,0.26,0
33702,5702,4046,0,0,1,7,1,5.91,0
31424,7381,3199,0,1,0,12,2,4.26,0
8058,40396,1993,1,1,1,13,1,0.2,0
7232,28329,2182,0,0,0,16,0,0.26,0
34790,21570,4352,1,1,1,6,3,1.61,0
45686,42848,2274,1,0,1,11,2,1.07,0
1063,13108,153,1,1,0,18,5,0.08,0
44685,31674,59,1,0,0,16,2,1.41,0
31048,18269,1890,1,0,1,5,0,1.7,0
39131,13824,4170,0,0,1,8,2,2.83,0
10768,22049,3854,0,0,1,12,1,0.49,0
39166,21277,595,0,0,0,13,4,1.84,0
13645,24654,1759,1,0,1,10,3,0.55,0
5502,49232,172,1,0,0,19,3,0.11,0
43086,31455,1506,1,0,1,11,5,1.37,0
34076,6407,1142,0,1,0,20,4,5.32,0
32454,48008,2879,1,1,1,11,3,0.68,0
28379,40756,937,1,0,0,7,0,0.7,0
37698,22116,4844,1,0,0,5,3,1.7,0
8813,1803,2440,0,1,1,15,2,4.89,0
13154,29406,125,0,1,1,10,2,0.45,0
45349,45814,879,0,0,0,11,0,0.99,0
34258,7487,1726,1,0,1,11,2,4.58,0
19475,39959,1177,1,0,0,15,5,0.49,0
23014,41515,2875,0,0,1,16,2,0.55,0
5501,22972,1098,0,0,1,8,5,0.24,0
38404,47751,3400,1,0,1,19,3,0.8,0
9105,14547,4674,0,0,1,5,0,0.63,0
6782,33993,389,0,1,1,18,1,0.2,0
29294,7469,3645,0,1,1,9,5,3.92,0
40557,1811,129,0,0,1,13,3,22.39,0
20047,5405,4816,0,1,1,17,2,3.71,0
8031,30809,4867,1,0,0,7,5,0.26,0
27588,37051,4137,0,0,0,17,4,0.74,0
13823,5500,3396,1,0,1,7,4,2.51,0
31581,46408,1687,0,1,1,15,5,0.68,0
22896,48011,2803,1,1,1,13,3,0.48,0
21076,12632,453,1,1,1,20,1,1.67,0
24907,49359,4938,1,1,0,11,2,0.5,0
41357,21168,1162,0,1,0,5,2,1.95,0
14300,3103,4361,1,1,0,12,2,4.61,0
35594,16939,804,0,0,0,16,4,2.1,0
21974,24357,543,1,0,0,5,1,0.9,0
17886,21725,4753,1,0,1,12,0,0.82,0
44675,46076,3804,0,1,0,18,0,0.97,0
30401,33588,547,0,0,0,16,1,0.91,0
19764,17637,960,1,1,1,10,0,1.12,0
9259,31963,2792,1,1,0,12,4,0.29,0
11946,48885,4447,0,0,1,5,1,0.24,0
30748,36816,4776,1,0,1,5,4,0.84,0
34640,37843,15,0,0,0,12,3,0.92,0
49010,17633,218,1,1,1,18,5,2.78,0
14261,43475,1598,1,1,1,12,5,0.33,0
12161,48817,2638,1,0,0,6,4,0.25,0
21498,11411,171,0,0,1,19,1,1.88,0
1151,1092,97,0,1,1,12,4,1.05,0
38299,27811,4818,1,0,1,8,5,1.38,0
24593,11916,3917,1,1,1,7,1,2.06,0
17935,13228,723,0,0,0,8,4,1.36,0
42618,43173,4024,0,1,1,13,2,0.99,0
15201,45527,2218,0,0,0,19,2,0.33,0
11835,7534,4443,0,1,1,8,2,1.57,0
30821,46835,4771,1,0,0,17,4,0.66,0
35564,2117,1949,1,1,1,15,1,16.8,0
15403,43316,348,0,1,0,17,3,0.36,0
16215,12838,4211,1,0,1,10,2,1.26,0
39724,14519,3726,1,0,0,17,3,2.74,0
16367,47985,309,1,1,1,5,2,0.34,0
31853,22698,4040,0,1,0,17,2,1.4,0
31405,24798,1705,1,0,0,5,1,1.27,0
4238,14340,4655,1,0,0,19,5,0.3,0
17596,33938,1466,0,1,1,10,1,0.52,0
5408,30273,3835,0,0,1,17,5,0.18,0
30965,912,4157,0,1,1,10,4,33.95,0
46945,12810,2409,1,1,1,16,2,3.66,0
2367,8942,1792,0,1,1,10,0,0.26,0
41141,15396,915,1,1,1,19,4,2.67,0
36963,49404,849,1,1,1,14,2,0.75,0
33682,44075,427,1,1,0,15,1,0.76,0
10345,33050,2240,1,0,0,5,1,0.31,0
6959,7246,745,0,1,1,5,3,0.96,0
3441,27192,3733,0,0,1,6,1,0.13,0
16681,19083,2289,0,0,0,9,1,0.87,0
45789,13603,2999,1,0,1,5,1,3.37,0
21405,3486,164,0,0,0,13,0,6.14,0
22288,18028,4741,1,1,0,10,3,1.24,0
30345,11277,3953,1,1,0,15,0,2.69,0
47309,814,4732,0,0,1,15,3,58.12,0
10774,16911,3836,0,1,0,7,5,0.64,0
4735,24399,577,1,1,0,14,5,0.19,0
18776,19528,1466,1,0,0,16,1,0.96,0
12598,9624,3603,0,1,0,14,3,1.31,0
18796,44987,2049,0,1,0,8,2,0.42,0
931,43538,1125,0,1,1,10,5,0.02,0
18397,576,1436,0,0,1,17,1,31.94,0
31740,23388,1483,0,1,0,9,2,1.36,0
35595,31996,312,0,0,1,16,5,1.11,0
3159,40636,4724,1,1,1,9,3,0.08,0
14891,6059,780,1,0,1,13,2,2.46,0
5805,27244,4223,1,1,0,6,2,0.21,0
12020,40263,2101,1,0,1,14,3,0.3,0
33221,20459,3024,0,0,0,12,5,1.62,0
21369,42626,996,1,0,0,17,1,0.5,0
29928,2672,1296,1,0,0,9,3,11.2,0
19011,34905,3624,1,1,1,12,2,0.54,0
29765,17434,2226,1,1,0,9,1,1.71,0
38532,17735,2217,0,1,0,9,2,2.17,0
16771,17550,1116,1,1,0,8,2,0.96,0
35,14186,1942,0,0,0,7,1,0.0,0
31548,43099,1546,0,1,0,18,0,0.73,0
43323,22162,3384,0,0,0,14,5,1.95,0
27467,22733,3857,0,0,1,11,2,1.21,0
36170,46149,4535,1,1,0,5,1,0.78,0
27796,23094,3442,0,1,1,20,2,1.2,0
41471,24460,2074,1,1,1,20,3,1.7,0
30753,23379,2856,0,1,1,12,0,1.32,0
36613,26942,974,0,0,0,12,3,1.36,0
21316,9503,4453,0,1,1,11,1,2.24,0
11199,38681,1008,1,1,0,20,4,0.29,0
22707,11279,658,0,0,1,7,2,2.01,0
40814,19596,95,0,1,1,9,4,2.08,0
7927,38240,1204,0,0,0,12,5,0.21,0
34069,44609,1293,0,1,0,16,1,0.76,0
10384,2531,632,1,1,0,20,0,4.1,0
3039,37559,3421,0,1,1,14,5,0.08,0
33230,21944,3365,0,1,0,17,1,1.51,0
7247,39932,2183,1,1,1,11,4,0.18,0
9034,21495,1472,1,0,1,8,5,0.42,0
31596,3514,1350,1,1,0,19,4,8.99,0
7591,26567,3496,1,0,0,17,0,0.29,0
47870,19976,807,1,1,1,19,5,2.4,0
23407,44018,3420,0,0,0,13,0,0.53,0
23397,10210,715,0,1,1,12,1,2.29,0
36778,49807,382,0,1,0,18,4,0.74,0
33925,31233,4551,0,1,0,13,2,1.09,0
49205,49405,3760,0,1,0,16,1,1.0,0
35948,39462,4568,0,0,0,18,2,0.91,0
24065,31921,2771,1,1,0,6,5,0.75,0
10920,42405,400,1,0,1,6,4,0.26,0
21515,30986,445,0,1,0,9,5,0.69,0
8247,31222,2442,1,0,0,16,4,0.26,0
27505,19763,3411,1,0,1,11,1,1.39,0
17770,14742,952,1,1,0,17,4,1.21,0
17850,48945,626,1,1,0,18,1,0.36,0
31435,11629,4000,0,0,1,7,1,2.7,0
30782,40626,675,1,0,1,20,1,0.76,0
12589,9049,1237,1,1,1,9,2,1.39,0
36113,14679,4717,1,0,1,19,0,2.46,0
37820,40147,2069,0,0,0,16,1,0.94,0
20358,41268,4470,1,0,1,19,1,0.49,0
10259,9531,4320,1,1,0,17,1,1.08,0
38573,12250,2787,1,0,0,18,2,3.15,0
2621,35753,4957,0,0,1,7,5,0.07,0
4385,33323,2521,0,1,0,6,0,0.13,0
17800,35221,4489,1,1,1,6,0,0.51,0
28120,37146,3363,1,0,0,13,0,0.76,0
5451,12082,2309,1,1,0,11,3,0.45,0
32530,23292,2834,0,1,0,20,1,1.4,0
41277,10643,751,1,0,0,10,4,3.88,0
39308,35019,2895,1,0,0,13,3,1.12,0
13627,42704,1124,0,0,0,5,3,0.32,0
1379,7776,358,1,0,0,13,1,0.18,0
30106,5801,3032,1,0,1,16,0,5.19,0
3913,40975,3309,0,1,0,14,3,0.1,0
40452,22334,1757,0,0,0,11,1,1.81,0
31066,36682,4396,0,0,1,12,4,0.85,0
19403,45765,214,1,1,0,15,0,0.42,0
31673,33705,2127,1,0,1,6,4,0.94,0
44502,43078,1651,0,0,1,9,5,1.03,0
8104,26282,1459,0,0,0,16,4,0.31,0
28061,15237,1997,0,1,0,8,1,1.84,0
34987,48186,4452,1,0,1,17,2,0.73,0
12146,21824,1738,0,1,0,9,5,0.56,0
18426,14928,3983,1,0,1,16,2,1.23,0
3345,2340,4398,0,0,0,16,5,1.43,0
32327,4915,2962,1,1,1,11,1,6.58,0
32095,7078,1363,0,1,1,12,0,4.53,0
17221,18596,160,1,0,1,15,5,0.93,0
48420,29347,4895,1,1,1,10,1,1.65,0
47554,30429,3321,0,0,0,10,2,1.56,0
44078,39525,1919,0,1,1,10,5,1.12,0
14950,414,4671,0,0,0,8,1,36.11,0
26962,32326,787,1,0,0,12,4,0.83,0
9549,11432,1687,0,0,1,18,3,0.84,0
7405,15392,2035,0,0,0,17,1,0.48,0
35421,41691,2974,0,1,0,10,0,0.85,0
17761,12138,142,0,0,1,16,0,1.46,0
44555,15331,3646,1,1,1,5,3,2.91,0
42078,17695,3649,1,0,1,20,3,2.38,0
32661,26613,462,0,0,0,15,1,1.23,0
31685,17300,3955,0,1,0,18,1,1.83,0
25403,28132,1974,0,0,1,17,0,0.9,0
48667,43953,935,1,1,1,19,1,1.11,0
35064,42735,2781,1,0,1,16,3,0.82,0
36139,31001,294,1,1,0,20,3,1.17,0
41750,40416,4007,1,0,0,11,1,1.03,0
48612,40702,1409,0,0,1,6,5,1.19,0
4816,37623,1767,1,0,0,6,0,0.13,0
18218,39518,2528,0,1,0,5,5,0.46,0
37663,23210,129,1,0,0,20,3,1.62,0
27363,1398,4335,1,1,0,14,1,19.57,0
39017,11949,1774,0,1,0,18,5,3.27,0
1265,13506,3659,0,1,0,19,4,0.09,0
34634,48817,2596,0,1,0,12,0,0.71,0
7371,8593,668,1,1,0,17,5,0.86,0
2716,14189,139,1,1,0,8,1,0.19,0
12919,6144,2856,0,1,1,6,3,2.1,0
9845,25705,2948,0,0,0,12,4,0.38,0
18866,7908,2577,1,1,0,11,3,2.39,0
38620,5009,4070,0,1,1,5,5,7.71,0
41628,48368,4138,1,0,1,20,2,0.86,0
10407,20985,973,1,1,0,6,5,0.5,0
39871,45564,4526,0,1,0,18,3,0.88,0
869,44346,933,1,1,0,11,4,0.02,0
8048,48034,1499,0,0,1,18,4,0.17,0
14795,27887,2941,1,1,0,9,4,0.53,0
2747,43127,95,1,0,1,15,4,0.06,0
18491,19490,1021,0,0,0,16,4,0.95,0
45504,39522,2108,1,1,0,13,2,1.15,0
31009,945,649,1,0,0,15,5,32.81,0
22591,23492,3701,1,0,1,9,5,0.96,0
17300,37609,1570,0,0,1,17,2,0.46,0
14108,23893,1174,1,1,0,15,0,0.59,0
17231,30887,3319,1,1,1,16,5,0.56,0
3288,1555,3292,1,1,1,20,2,2.11,0
2899,35663,3545,1,1,0,8,0,0.08,0
45781,14085,2593,0,1,0,9,2,3.25,0
3169,20571,508,0,1,1,12,2,0.15,0
7900,48974,177,0,1,1,17,5,0.16,0
29704,36642,2056,1,0,0,8,4,0.81,0
33811,29535,2604,1,1,0,10,1,1.14,0
8792,11048,4859,0,1,1,8,4,0.8,0
49205,24909,1846,1,0,0,6,5,1.98,0
33718,31319,4447,1,0,1,16,5,1.08,0
20746,1324,4561,0,1,0,15,4,15.67,0
30882,21499,230,1,1,0,19,1,1.44,0
24495,12549,727,0,1,1,11,3,1.95,0
25925,42841,1611,1,1,1,14,0,0.61,0
24851,45586,3999,0,1,1,13,4,0.55,0
245,45072,3155,1,1,0,14,3,0.01,0
5948,3110,1078,1,0,1,9,2,1.91,0
38154,32492,112,1,1,0,15,1,1.17,0
376,44813,2987,0,0,0,16,5,0.01,0
30792,45788,4200,0,0,1,8,1,0.67,0
37001,47280,4621,0,1,1,9,4,0.78,0
39087,5164,3414,1,0,0,15,5,7.57,0
34829,3579,2376,1,0,1,14,5,9.73,0
44306,17535,4689,1,0,0,5,0,2.53,0
34964,30723,2364,0,0,1,10,2,1.14,0
33533,19629,4374,1,0,1,16,2,1.71,0
21700,16324,2727,1,0,0,9,1,1.33,0
4674,14603,4857,1,0,1,8,4,0.32,0
41159,40808,1464,0,0,1,6,4,1.01,0
40520,24752,1669,1,1,1,17,2,1.64,0
18778,33755,1056,1,1,1,11,2,0.56,0
43330,16784,58,1,1,1,12,4,2.58,0
15647,7005,907,1,1,0,15,3,2.23,0
9032,43104,1944,1,0,1,15,3,0.21,0
42279,39580,1089,0,0,1,6,1,1.07,0
43321,26572,3158,0,0,1,16,3,1.63,0
12294,44114,772,1,1,0,11,1,0.28,0
3702,46903,4125,1,1,0,14,2,0.08,0
28393,48517,317,0,1,0,13,5,0.59,0
49474,44579,3601,1,1,0,20,3,1.11,0
36381,8358,2200,1,1,1,18,1,4.35,0
461,12401,4804,1,1,0,14,3,0.04,0
2624,43277,3256,0,0,1,16,0,0.06,0
17242,23631,1717,0,0,1,15,5,0.73,0
18310,47634,773,0,0,0,20,5,0.38,0
5858,31039,4606,0,1,1,15,4,0.19,0
8821,45495,1190,1,0,1,14,0,0.19,0
45028,38275,4771,0,1,1,9,2,1.18,0
39636,9869,1784,1,1,1,9,0,4.02,0
27066,3152,73,0,1,1,5,3,8.59,0
16456,35412,1894,0,1,0,5,5,0.46,0
1310,9837,776,0,0,1,7,4,0.13,0
36673,7838,3400,1,0,1,20,4,4.68,0
16889,14770,2283,0,0,1,5,2,1.14,0
2452,39832,2666,1,0,1,14,5,0.06,0
8971,18848,653,0,0,0,6,2,0.48,0
33497,46658,2402,1,0,0,7,5,0.72,0
35380,49931,1546,0,1,1,8,5,0.71,0
20729,16555,858,0,0,0,13,0,1.25,0
8178,9579,761,1,0,1,16,5,0.85,0
31198,47375,4325,1,1,0,5,0,0.66,0
43803,5786,641,0,1,0,5,4,7.57,0
6520,43855,114,0,0,1,14,3,0.15,0
4969,25913,504,0,0,1,5,2,0.19,0
27360,40931,3111,1,1,0,13,2,0.67,0
23516,16089,1671,0,1,1,5,0,1.46,0
22158,49129,4243,0,1,0,15,2,0.45,0
16035,6576,2434,1,1,0,7,2,2.44,0
36772,29939,844,1,1,0,18,1,1.23,0
15803,5713,1684,0,1,1,11,4,2.77,0
8017,9109,2010,0,1,1,7,5,0.88,0
44581,29781,1144,0,1,0,12,1,1.5,0
39182,20957,4386,0,0,1,6,0,1.87,0
29961,15078,3404,1,1,0,15,5,1.99,0
31164,39474,3963,0,0,0,17,2,0.79,0
11280,22730,4429,1,0,1,9,0,0.5,0
2921,23629,209,0,0,1,11,4,0.12,0
1319,32290,3970,0,1,1,15,0,0.04,0
39750,26622,1694,1,1,0,5,2,1.49,0
6219,1299,185,0,1,1,18,4,4.79,0
46934,3577,4342,0,0,0,10,4,13.12,0
40296,48067,4395,1,0,0,9,4,0.84,0
42349,46651,1536,0,0,0,12,1,0.91,0
1102,14978,4167,1,1,1,5,5,0.07,0
9446,4178,4888,0,0,1,15,1,2.26,0
29812,11968,11,1,1,1,14,3,2.49,0
49312,40505,601,1,0,1,6,5,1.22,0
37828,13741,1763,0,1,0,12,3,2.75,0
36445,49725,619,1,1,0,15,3,0.73,0
35468,35597,3155,0,1,1,9,2,1.0,0
40373,21252,4028,0,0,1,10,1,1.9,0
14824,13386,2095,0,1,0,11,3,1.11,0
42662,37779,1186,0,1,1,17,2,1.13,0
27287,8090,2652,0,0,1,19,3,3.37,0
14103,38306,2762,1,1,0,16,4,0.37,0
7591,39770,3499,1,1,0,7,2,0.19,0
34686,25272,71,0,0,1,7,4,1.37,0
377,3131,1788,1,1,1,6,4,0.12,0
24111,9596,4449,0,1,1,17,1,2.51,0
18475,18830,2541,1,1,0,7,5,0.98,0
16679,24284,1415,0,1,1,17,5,0.69,0
34415,46724,3220,1,0,1,6,4,0.74,0
20110,8738,2002,0,0,0,8,2,2.3,0
39380,12003,4077,1,0,0,6,2,3.28,0
7056,26166,3221,1,0,0,13,1,0.27,0
3428,10933,2965,1,0,0,14,5,0.31,0
3071,19033,2838,0,1,1,5,0,0.16,0
37370,13661,1346,1,1,1,16,2,2.74,0
40835,2431,4138,0,1,0,15,2,16.8,0
46289,23,3901,1,0,1,6,3,2012.57,0
36371,39245,69,1,1,0,15,2,0.93,0
15434,37350,1485,1,1,0,11,0,0.41,0
7925,24489,2237,1,1,1,10,3,0.32,0
40387,30996,4916,1,1,0,8,2,1.3,0
42058,48780,3187,0,1,0,11,3,0.86,0
28096,28507,4125,1,0,1,20,0,0.99,0
13811,24370,1260,1,1,0,10,3,0.57,0
12302,26824,2843,0,1,1,9,4,0.46,0
16451,12731,51,1,1,1,5,1,1.29,0
32114,42817,1765,0,0,0,17,0,0.75,0
28330,24544,2930,0,1,0,20,5,1.15,0
28428,5026,3319,0,0,1,20,4,5.66,0
18545,24103,4939,1,0,1,16,4,0.77,0
9529,24097,2307,1,0,1,16,3,0.4,0
41637,22598,349,1,1,1,20,2,1.84,0
7116,24406,3744,0,0,0,19,4,0.29,0
44807,35939,859,0,1,1,9,2,1.25,0
44085,2739,3891,0,1,1,17,2,16.1,0
22838,17222,2383,1,1,0,18,3,1.33,0
26725,41965,1778,0,1,1,12,5,0.64,0
1043,48540,2297,1,1,1,9,5,0.02,0
30848,29014,2545,0,0,0,19,1,1.06,0
17660,40299,4933,1,1,1,15,3,0.44,0
19331,30620,918,1,0,0,17,1,0.63,0
30494,16660,1013,0,1,0,13,4,1.83,0
34157,20523,1270,0,0,1,12,4,1.66,0
25749,35397,3056,0,0,1,13,1,0.73,0
28761,4728,3032,0,1,0,9,2,6.08,0
16898,12773,1117,0,0,1,15,3,1.32,0
7663,21805,2195,0,1,1,19,0,0.35,0
22310,41933,2179,0,0,1,11,4,0.53,0
6551,6279,406,0,1,1,7,5,1.04,0
22874,1126,1672,0,0,1,16,0,20.31,0
24762,33719,4880,0,1,1,16,0,0.73,0
23032,46218,1301,1,0,0,15,2,0.5,0
47005,18016,364,0,0,1,14,5,2.61,0
30349,2965,569,0,1,1,13,1,10.24,0
41706,30323,4212,1,0,0,14,2,1.38,0
5488,24305,3502,0,0,0,5,2,0.23,0
2581,44699,46,0,0,1,7,2,0.06,0
47367,36901,178,1,0,1,19,2,1.28,0
44519,19024,2355,0,0,0,12,1,2.34,0
2311,46568,2761,0,0,0,16,1,0.05,0
46512,29820,4797,1,0,0,18,3,1.56,0
1202,31052,81,1,0,1,19,0,0.04,0
9527,40145,2932,1,1,0,8,1,0.24,0
10491,46567,3598,1,0,0,12,4,0.23,0
31964,11738,1104,1,1,0,9,3,2.72,0
17021,28027,276,0,0,1,15,0,0.61,0
45063,30614,174,1,0,0,5,1,1.47,0
31993,4987,3544,1,0,1,9,3,6.42,0
7195,1658,3164,1,1,1,12,1,4.34,0
5802,36207,4501,1,0,0,12,0,0.16,0
24170,35318,1083,1,0,0,8,5,0.68,0
18772,25463,640,1,0,1,16,3,0.74,0
31913,48531,3203,1,0,1,12,1,0.66,0
35294,8106,2413,0,0,0,10,1,4.35,0
36413,20944,1322,0,0,1,11,2,1.74,0
34889,35530,417,0,0,1,8,0,0.98,0
28911,38449,3555,1,1,0,10,4,0.75,0
19106,16040,454,1,0,0,14,3,1.19,0
8169,25257,2227,1,1,1,17,2,0.32,0
42167,10869,1700,0,0,0,20,3,3.88,0
32978,2414,4969,1,0,0,20,3,13.66,0
15342,16153,4859,0,0,1,10,2,0.95,0
31682,4587,920,0,1,1,11,5,6.91,0
242,8981,2745,1,1,0,6,4,0.03,0
28379,18830,4411,0,0,1,16,5,1.51,0
22395,3843,884,1,1,1,13,3,5.83,0
40048,17791,2590,0,0,0,18,0,2.25,0
9110,38892,195,0,0,0,19,3,0.23,0
38489,9654,4994,1,1,1,8,1,3.99,0
23207,48377,3858,1,0,1,15,3,0.48,0
28786,24043,4073,1,1,0,20,2,1.2,0
22242,2785,2494,1,1,0,5,5,7.99,0
15539,42646,516,1,1,1,19,0,0.36,0
37114,42650,2434,0,1,1,7,3,0.87,0
3320,42573,4666,1,0,0,8,3,0.08,0
14293,11816,3388,1,1,0,11,1,1.21,0
28138,2161,3046,0,1,0,9,5,13.02,0
49705,41318,3325,0,0,0,13,4,1.2,0
37639,36991,2359,1,1,1,7,4,1.02,0
5936,26459,333,1,0,1,7,5,0.22,0
46878,27860,950,1,1,1,11,0,1.68,0
18856,18873,1195,0,1,1,19,5,1.0,0
23403,34336,2004,0,0,0,15,4,0.68,0
24077,3724,719,1,1,0,9,0,6.47,0
30290,22969,3603,0,1,1,16,1,1.32,0
22091,23986,2895,1,1,1,9,1,0.92,0
13027,29815,4718,0,0,0,5,4,0.44,0
16704,1465,1156,1,1,1,16,0,11.4,0
10871,23507,2250,1,1,1,17,3,0.46,0
13398,14751,1468,0,1,0,12,4,0.91,0
26116,32936,1399,1,0,1,20,4,0.79,0
42954,24742,422,1,0,1,18,2,1.74,0
1407,36718,3726,0,0,1,6,1,0.04,0
21338,34818,4601,0,0,0,16,3,0.61,0
38911,30764,828,1,1,0,12,4,1.26,0
3504,16597,3729,1,1,0,20,5,0.21,0
40771,31148,2749,1,1,0,11,1,1.31,0
44344,42007,438,1,0,0,5,3,1.06,0
4087,30592,3113,1,1,1,5,3,0.13,0
1670,10998,1204,0,0,0,14,4,0.15,0
49196,40290,1897,1,1,1,15,0,1.22,0
18888,27413,3047,0,0,1,6,5,0.69,0
33117,32598,2327,1,1,1,6,3,1.02,0
32940,40481,1140,1,0,1,12,5,0.81,0
2949,44441,2566,1,0,1,6,1,0.07,0
33333,39328,1197,0,1,0,18,1,0.85,0
32931,6793,2843,0,1,1,5,2,4.85,0
19011,18524,3809,0,1,1,18,0,1.03,0
47285,30482,4588,0,0,0,17,3,1.55,0
15475,20218,4236,0,1,1,14,0,0.77,0
12285,25693,2416,1,0,1,14,3,0.48,0
19485,33478,568,1,1,0,14,1,0.58,0
8276,31977,4844,1,0,0,13,1,0.26,0
7684,40450,4050,0,0,1,16,4,0.19,0
43447,16780,4805,0,1,1,14,2,2.59,0
31602,21156,1667,1,0,0,16,2,1.49,0
22856,44536,779,1,1,1,7,2,0.51,0
5724,42696,3477,1,0,0,7,1,0.13,0
18349,46736,3358,1,0,1,11,3,0.39,0
6241,2190,184,0,1,0,7,1,2.85,0
31187,20675,3119,0,1,1,7,3,1.51,0
47859,28071,3281,0,1,0,20,0,1.7,0
28080,6073,1577,0,0,1,15,3,4.62,0
21936,29983,436,0,0,0,5,5,0.73,0
41979,10600,3599,0,1,0,20,3,3.96,0
47176,19563,4823,1,0,1,14,0,2.41,0
15333,41700,3928,1,0,1,7,0,0.37,0
20909,35688,4273,1,0,1,18,3,0.59,0
24375,32121,708,0,0,1,12,0,0.76,0
42153,526,3706,1,0,0,14,3,80.14,0
19637,32294,2490,0,0,1,16,0,0.61,0
21898,47338,138,1,0,1,16,5,0.46,0
10613,17583,3702,0,1,1,17,5,0.6,0
6378,789,2946,0,1,0,20,4,8.08,0
47818,14538,3116,1,0,1,5,4,3.29,0
15226,583,2638,0,0,0,20,5,26.12,0
10802,8109,3191,1,0,0,17,4,1.33,0
30052,30787,2923,0,0,0,15,0,0.98,0
31996,6836,4477,1,1,0,15,1,4.68,0
10079,8039,3150,0,0,1,8,4,1.25,0
31845,39715,1517,0,1,0,15,5,0.8,0
23780,17774,1100,0,1,0,19,4,1.34,0
29350,48926,3076,1,0,1,20,1,0.6,0
44401,979,3282,1,1,0,5,2,45.35,0
18200,32467,166,1,0,1,16,3,0.56,0
7319,13887,4395,0,1,0,11,5,0.53,0
13524,10144,1238,0,1,0,18,1,1.33,0
1110,47908,2947,0,0,0,8,5,0.02,0
5901,25741,323,1,0,0,10,0,0.23,0
6362,26947,708,0,0,0,18,4,0.24,0
49819,45392,610,0,1,1,16,3,1.1,0
45705,32776,1626,0,0,1,17,5,1.39,0
22871,39428,1536,1,1,0,19,5,0.58,0
1042,31878,244,0,1,1,14,0,0.03,0
41871,25091,3804,1,0,0,7,4,1.67,0
40920,9204,4618,1,0,0,15,4,4.45,0
4232,21693,1417,0,0,1,17,5,0.2,0
24860,44743,4593,1,1,1,18,3,0.56,0
44872,34647,4847,1,1,1,8,4,1.3,0
38243,5449,4880,1,0,1,9,0,7.02,0
5635,43031,4009,1,0,0,8,5,0.13,0
35324,10999,235,1,1,1,12,1,3.21,0
27045,16879,2663,1,0,1,6,2,1.6,0
21274,9708,3068,1,0,0,14,4,2.19,0
30966,17147,1179,0,0,1,10,4,1.81,0
39171,347,2109,1,1,1,16,0,112.88,0
29805,10630,153,1,0,1,12,2,2.8,0
24012,13139,1877,0,1,1,17,4,1.83,0
25081,22274,956,0,1,0,10,5,1.13,0
35809,43468,50,1,0,0,17,5,0.82,0
17849,15928,2642,0,1,1,20,0,1.12,0
18239,13538,78,1,1,1,17,5,1.35,0
42035,3640,4842,0,0,1,20,4,11.55,0
22982,37100,2801,0,1,0,16,2,0.62,0
28790,11145,4080,1,1,1,13,1,2.58,0
20303,40281,3751,1,0,0,8,2,0.5,0
3522,31973,26,0,0,0,10,5,0.11,0
39762,34875,3103,0,1,0,17,3,1.14,0
42452,29009,3939,1,0,0,6,5,1.46,0
30489,48633,2730,0,0,0,9,3,0.63,0
8919,34398,4061,1,1,0,16,2,0.26,0
24363,48215,338,1,1,1,12,4,0.51,0
29811,42437,1349,1,1,1,13,0,0.7,0
33118,9506,4574,0,1,0,18,3,3.48,0
34600,14462,4808,1,0,0,7,3,2.39,0
49910,958,1592,1,1,0,19,4,52.1,0
4073,15796,2734,0,1,0,8,1,0.26,0
7344,2676,2592,1,1,0,14,4,2.74,0
48212,47608,4348,0,0,1,17,1,1.01,0
34497,7291,4722,0,0,1,14,2,4.73,0
48855,35822,4519,1,1,0,7,3,1.36,0
14895,31675,3279,0,1,1,6,0,0.47,0
7005,5488,121,0,1,1,7,2,1.28,0
44380,23270,2907,0,1,1,14,0,1.91,0
3318,43526,2143,1,1,0,6,2,0.08,0
4614,24909,1790,1,0,0,10,5,0.19,0
7489,36088,440,1,1,0,11,2,0.21,0
48238,17429,1615,0,1,0,17,3,2.77,0
45664,3372,1721,1,1,1,20,2,13.54,0
8310,43621,4472,0,1,1,10,3,0.19,0
46436,398,2862,1,0,0,17,1,116.67,0
47645,48385,4524,0,0,0,17,5,0.98,0
3740,45864,4433,0,1,1,17,2,0.08,0
4783,24524,1126,1,1,0,18,5,0.2,0
23741,31362,2690,1,0,1,15,0,0.76,0
18009,1867,4775,0,0,0,7,2,9.65,0
23679,32984,3264,1,1,0,17,2,0.72,0
33814,4282,1012,1,1,0,14,4,7.9,0
21062,32012,345,0,0,0,18,3,0.66,0
45640,37401,2028,0,1,0,9,2,1.22,0
30733,12700,1325,0,0,0,12,3,2.42,0
42139,42079,1460,1,1,1,15,4,1.0,0
29485,15389,393,0,0,0,6,4,1.92,0
5785,2244,4283,0,0,0,8,0,2.58,0
40580,20337,1604,1,1,0,5,5,2.0,0
994,33820,3087,1,0,0,16,4,0.03,0
6268,15228,3194,1,1,0,9,4,0.41,0
12049,21178,3224,0,1,0,14,3,0.57,0
48670,33579,1820,0,1,1,14,4,1.45,0
14740,2142,1061,1,1,0,5,2,6.88,0
18210,25115,1621,1,0,1,13,1,0.73,0
15132,15280,1554,1,1,0,5,0,0.99,0
44256,44931,1122,0,0,0,12,2,0.98,0
20704,11376,4894,0,0,0,16,0,1.82,0
39870,43954,2513,1,0,0,8,2,0.91,0
3415,45153,1066,0,1,1,15,1,0.08,0
13999,255,4452,0,0,1,15,1,54.9,0
46473,47555,4992,1,1,1,10,2,0.98,0
43282,13892,1678,0,0,1,10,4,3.12,0
6246,44168,4431,1,1,0,10,5,0.14,0
36704,43001,2618,1,0,1,8,5,0.85,0
1391,43788,2469,1,0,1,6,4,0.03,0
32459,32428,2510,0,1,0,14,3,1.0,0
48101,14868,3720,0,0,1,5,3,3.24,0
9590,390,4348,1,1,0,6,3,24.59,0
33601,9144,4678,1,1,0,8,5,3.67,0
36825,7049,3096,1,1,1,20,0,5.22,0
22541,43593,833,0,1,0,15,4,0.52,0
18738,27362,50,0,1,0,20,5,0.68,0
36627,39894,769,0,1,1,18,1,0.92,0
10972,49167,4003,1,0,1,5,2,0.22,0
32314,40430,1647,1,0,1,6,1,0.8,0
25765,27732,3219,0,0,0,5,3,0.93,0
3224,24033,138,0,1,1,8,1,0.13,0
36672,1302,844,0,0,1,11,1,28.17,0
26478,19695,4971,0,0,0,17,0,1.34,0
10137,26495,4684,0,1,1,13,0,0.38,0
16672,41347,4095,1,1,0,12,0,0.4,0
41623,5543,1732,1,1,1,11,4,7.51,0
33686,13482,4500,0,0,1,17,0,2.5,0
36909,20362,4972,0,0,0,19,2,1.81,0
3012,35650,156,0,0,1,12,2,0.08,0
22003,23128,4585,1,0,0,6,0,0.95,0
32335,40487,880,0,1,0,20,5,0.8,0
15513,35878,3228,0,0,0,20,5,0.43,0
46482,12785,4014,0,1,1,11,3,3.64,0
25801,4295,3413,0,0,1,5,4,6.01,0
42947,25263,1066,0,1,1,19,0,1.7,0
12336,294,4799,1,1,0,17,1,41.96,0
26979,9041,4988,1,0,1,13,1,2.98,0
10248,48392,862,1,1,1,19,3,0.21,0
4471,40206,1380,1,1,1,7,0,0.11,0
39881,4642,3063,1,1,1,17,2,8.59,0
5881,34878,3107,1,1,0,7,4,0.17,0
23064,11126,3464,0,0,0,19,2,2.07,0
49792,12204,2845,0,0,1,18,1,4.08,0
43416,26987,2480,1,0,0,18,5,1.61,0
20892,2530,8,1,1,1,13,5,8.26,0
13977,15209,749,1,1,0,18,4,0.92,0
17009,18439,3689,1,0,0,5,0,0.92,0
37503,48142,479,1,0,1,7,3,0.78,0
13450,43930,589,1,1,1,8,0,0.31,0
13492,35373,559,1,1,1,12,0,0.38,0
34842,6128,3985,0,1,1,15,5,5.69,0
4932,30183,4707,1,1,1,8,0,0.16,0
46759,29866,1475,1,0,0,18,5,1.57,0
36023,13406,2436,1,1,0,6,3,2.69,0
13260,12974,2269,0,1,0,9,3,1.02,0
11809,38068,2099,1,0,1,8,2,0.31,0
3895,45522,3682,0,1,0,10,1,0.09,0
36924,38436,2058,0,0,1,7,4,0.96,0
7487,1925,832,0,1,1,19,1,3.89,0
16209,43833,1215,1,0,1,20,3,0.37,0
48241,33915,1622,1,0,1,8,1,1.42,0
15593,44418,954,1,0,0,7,0,0.35,0
18067,44675,4478,0,0,1,12,2,0.4,0
3847,44266,1826,0,0,0,20,1,0.09,0
6614,22866,1149,1,0,0,5,4,0.29,0
6534,33845,574,1,1,1,6,2,0.19,0
21576,37950,1143,1,0,1,8,2,0.57,0
10578,44780,532,0,1,1,7,2,0.24,0
13622,42069,4816,0,1,1,17,3,0.32,0
34471,27287,4139,0,0,1,8,4,1.26,0
48894,17579,62,1,0,0,15,0,2.78,0
36991,17971,125,1,0,0,18,0,2.06,0
48948,3361,1313,1,1,1,10,4,14.56,0
45367,29841,4785,0,0,0,7,3,1.52,0
3032,41599,312,1,1,0,12,0,0.07,0
15273,42947,367,1,0,0,10,5,0.36,0
20566,7546,114,1,1,0,13,5,2.73,0
3073,18466,2842,1,0,0,16,4,0.17,0
33102,7184,1858,1,1,1,17,2,4.61,0
38652,24654,1507,1,0,1,15,0,1.57,0
48265,40485,2007,1,0,1,12,3,1.19,0
18929,26010,3036,0,1,0,13,2,0.73,0
36144,34791,4245,1,0,0,14,3,1.04,0
46524,31447,2036,0,1,1,7,0,1.48,0
30413,15118,1079,0,0,1,10,3,2.01,0
16019,34552,2598,0,1,1,15,5,0.46,0
42954,39393,337,0,1,0,19,1,1.09,0
870,21355,4039,1,1,0,16,0,0.04,0
1131,22044,1437,1,1,1,7,5,0.05,0
1823,44380,2726,0,0,1,16,4,0.04,0
11855,18852,3727,1,1,0,16,3,0.63,0
28830,26939,3342,1,0,0,7,3,1.07,0
44485,32365,314,0,1,0,11,1,1.37,0
35879,29945,3928,1,0,0,12,2,1.2,0
8626,47929,388,0,0,1,9,4,0.18,0
26148,11214,1755,0,0,1,17,4,2.33,0
103,42102,4425,0,1,0,8,4,0.0,0
38739,21081,1221,0,0,0,16,4,1.84,0
39614,352,4407,0,0,1,15,0,112.54,0
10255,40538,681,0,1,1,19,5,0.25,0
8528,40854,4854,1,0,1,10,1,0.21,0
708,3647,2978,1,1,0,5,5,0.19,0
47444,40131,2278,1,0,1,19,0,1.18,0
32877,1213,4073,0,1,0,13,0,27.1,0
9915,17937,1741,1,0,0,5,5,0.55,0
12299,42512,4049,1,0,1,19,4,0.29,0
14043,49198,4271,0,0,0,9,5,0.29,0
28068,15889,4630,1,1,1,13,2,1.77,0
47651,12460,4133,0,0,1,12,5,3.82,0
11381,7005,1012,1,1,1,5,1,1.62,0
26153,22721,4601,0,1,1,7,2,1.15,0
40317,27623,2792,1,1,1,18,5,1.46,0
19101,39667,3962,1,0,1,15,4,0.48,0
10029,12478,1791,1,0,0,6,1,0.8,0
13291,3639,394,0,0,0,17,4,3.65,0
17105,18652,1368,0,1,0,19,0,0.92,0
14426,17194,101,0,0,0,6,4,0.84,0
32973,30711,4903,0,1,0,14,1,1.07,0
12998,7551,4792,1,1,1,11,5,1.72,0
43624,49822,3558,1,0,0,6,4,0.88,0
20091,22760,848,0,0,0,5,0,0.88,0
24331,40850,1099,0,0,0,18,3,0.6,0
42782,10518,2601,0,0,0,9,2,4.07,0
2755,14975,133,0,0,0,13,1,0.18,0
8877,1148,2478,1,0,1,11,5,7.73,0
6231,35231,1788,0,1,1,10,4,0.18,0
16118,8111,4261,1,1,1,12,4,1.99,0
49888,8164,2560,1,1,0,14,3,6.11,0
26063,47782,2367,0,1,0,15,5,0.55,0
35772,46957,4413,1,1,1,15,1,0.76,0
5855,39887,3819,1,0,1,13,5,0.15,0
28574,31856,1410,1,1,1,17,3,0.9,0
23807,47896,2567,1,0,1,15,4,0.5,0
40195,18963,4850,0,1,0,17,4,2.12,0
42423,39423,799,1,0,0,13,0,1.08,0
43032,30879,902,1,0,0,19,2,1.39,0
14568,5783,4632,0,1,1,15,2,2.52,0
9228,7312,2500,1,1,1,10,4,1.26,0
17312,18874,2657,1,1,0,20,4,0.92,0
9093,15831,780,1,0,0,8,5,0.57,0
30296,381,1001,0,1,1,8,3,79.52,0
22075,638,4689,0,1,0,14,5,34.6,0
30155,29562,2863,0,1,0,10,2,1.02,0
33695,14305,3907,0,0,0,13,3,2.36,0
14822,17984,486,0,0,1,20,2,0.82,0
8263,27517,2144,1,1,0,19,5,0.3,0
1334,14176,3997,0,1,0,19,1,0.09,0
159,8233,1414,1,0,0,14,5,0.02,0
14834,22074,2248,1,1,1,8,0,0.67,0
11682,40765,1930,0,0,1,14,2,0.29,0
43982,47939,516,0,1,1,7,5,0.92,0
46336,32870,4458,1,1,0,13,3,1.41,0
37177,38022,3779,0,1,1,15,4,0.98,0
6198,9118,4099,0,0,0,16,2,0.68,0
13822,24361,4548,0,0,1,16,1,0.57,0
11403,46986,2839,0,1,1,11,1,0.24,0
16823,25034,4766,1,1,1,15,0,0.67,0
46473,33352,4896,1,0,1,14,3,1.39,0
30466,19455,3252,0,1,1,15,1,1.57,0
30590,31390,2509,1,0,1,20,4,0.97,0
5402,19027,2245,0,1,0,13,0,0.28,0
21916,37600,1368,0,0,1,14,0,0.58,0
30766,33250,595,1,0,0,16,0,0.93,0
7175,6382,2707,1,1,0,9,3,1.12,0
2818,17064,4144,0,1,0,7,4,0.17,0
12169,28179,2802,0,1,0,19,5,0.43,0
11207,41901,588,1,1,0,8,0,0.27,0
42666,47079,2216,0,1,1,10,1,0.91,0
12822,31400,66,0,0,0,9,1,0.41,0
44618,32883,2301,0,1,0,19,5,1.36,0
34483,4229,727,0,0,1,17,2,8.15,0
25167,42423,1701,0,0,1,11,4,0.59,0
46880,45706,4087,1,0,1,19,4,1.03,0
25703,6796,3899,0,0,1,8,4,3.78,0
28356,12431,3344,0,1,0,9,0,2.28,0
10047,19345,4472,0,1,0,20,5,0.52,0
36617,16857,2756,0,0,0,18,3,2.17,0
33386,29343,1935,0,1,0,18,0,1.14,0
24047,13748,4924,0,0,0,13,1,1.75,0
39950,42923,2298,1,1,1,11,5,0.93,0
1024,34020,4517,1,0,1,20,3,0.03,0
16482,23114,2064,1,0,0,13,2,0.71,0
30044,4482,3483,1,0,1,8,3,6.7,0
20853,43968,675,0,0,0,12,1,0.47,0
22115,26732,569,1,0,0,8,1,0.83,0
22186,1335,4089,0,1,1,8,5,16.62,0
22596,25016,968,1,1,1,10,3,0.9,0
4602,23616,4784,1,0,0,6,5,0.19,0
43510,36301,1421,0,1,1,10,4,1.2,0
36186,18336,2577,0,1,0,7,2,1.97,0
6742,2629,2073,1,1,0,15,0,2.56,0
38880,200,304,0,1,1,5,0,194.4,0
15771,31732,2422,1,0,0,12,1,0.5,0
28370,38305,961,0,1,0,8,0,0.74,0
38316,43006,2824,1,1,1,14,4,0.89,0
15159,9089,2395,1,0,1,5,0,1.67,0
36585,31915,1076,0,0,0,18,0,1.15,0
13021,4088,826,0,0,0,12,4,3.19,0
37182,47228,824,1,1,0,19,1,0.79,0
40946,31973,412,0,0,0,10,0,1.28,0
13564,45660,80,1,1,0,18,0,0.3,0
43015,7458,937,1,1,1,7,4,5.77,0
9556,36830,4318,0,0,1,9,4,0.26,0
7439,45775,1891,0,0,0,8,3,0.16,0
39713,44738,2419,1,1,1,10,2,0.89,0
11750,37175,82,1,0,0,6,2,0.32,0
21677,2937,4367,1,0,0,6,5,7.38,0
36089,31021,2986,1,0,1,11,2,1.16,0
15060,11790,3490,0,1,0,17,5,1.28,0
43917,44745,1191,1,1,0,12,4,0.98,0
46783,20111,2288,0,0,1,20,4,2.33,0
6446,21761,4800,1,1,0,15,1,0.3,0
3367,8948,2995,1,1,0,16,1,0.38,0
2672,37463,2107,1,0,1,7,5,0.07,0
48841,13119,3635,0,0,1,10,5,3.72,0
48998,35236,4149,1,1,1,6,2,1.39,0
21894,17725,4007,1,0,1,20,0,1.24,0
38352,43697,1221,0,0,0,12,0,0.88,0
5641,39821,3090,0,0,0,8,0,0.14,0
41592,44708,1347,0,1,0,13,1,0.93,0
21194,21558,2929,0,1,1,6,0,0.98,0
39131,26980,363,0,1,0,19,5,1.45,0
18313,23439,720,1,0,1,16,5,0.78,0
7107,38216,3558,0,0,1,9,4,0.19,0
30940,5194,2669,1,0,0,13,2,5.96,0
48315,32918,1207,1,1,0,8,3,1.47,0
21785,1316,1820,1,1,0,12,2,16.55,0
12081,11178,2411,1,0,0,5,0,1.08,0
1839,15160,3602,1,0,1,17,4,0.12,0
12809,45805,1883,0,0,1,5,1,0.28,0
48753,18760,3950,0,0,0,12,5,2.6,0
18045,13768,2865,1,1,0,8,2,1.31,0
47346,9655,2905,1,0,1,17,5,4.9,0
1479,5912,2986,0,0,0,8,1,0.25,0
26340,2306,3218,1,1,1,15,5,11.42,0
9094,40961,1744,1,0,0,6,5,0.22,0
6828,19467,2318,1,0,0,18,2,0.35,0
45824,3852,2100,1,0,1,19,1,11.9,0
17340,4148,1574,1,1,0,8,1,4.18,0
33291,43897,4967,0,1,1,18,0,0.76,0
33148,48853,2125,0,1,1,6,0,0.68,0
24655,596,2835,1,0,1,16,0,41.37,0
37156,36140,3621,1,1,1,18,0,1.03,0
9361,21879,3181,1,0,0,19,1,0.43,0
10302,1541,4220,1,1,1,7,1,6.69,0
7611,22921,2829,1,0,1,20,1,0.33,0
7724,28746,1965,0,0,0,18,3,0.27,0
3730,14306,1974,0,1,1,5,2,0.26,0
16887,48477,2089,1,0,1,16,5,0.35,0
45993,11632,4470,1,1,0,15,5,3.95,0
10986,32098,4856,1,0,1,20,4,0.34,0
30483,7048,1401,1,1,0,15,5,4.33,0
29832,7594,2759,1,1,0,8,2,3.93,0
41329,33234,4999,1,1,0,16,0,1.24,0
8857,45598,3060,1,0,1,11,1,0.19,0
35392,45567,3206,1,0,1,13,5,0.78,0
38085,47333,2774,1,0,1,17,2,0.8,0
4357,18,1434,1,0,1,19,2,242.06,0
35130,37158,82,0,0,1,8,0,0.95,0
6603,4949,318,1,0,0,7,4,1.33,0
12884,46360,4350,1,0,0,6,3,0.28,0
7405,43576,788,0,0,1,16,4,0.17,0
42595,43551,4348,1,1,1,20,3,0.98,0
16625,13539,182,0,0,0,9,3,1.23,0
27568,21978,2701,1,1,1,6,1,1.25,0
17288,41067,2781,1,1,0,13,2,0.42,0
22488,2192,516,1,0,1,12,1,10.26,0
44666,26525,2603,0,0,1,9,4,1.68,0
18684,41861,4879,1,1,0,11,1,0.45,0
2701,18749,41,0,0,1,16,5,0.14,0
18937,9792,1102,1,1,1,16,0,1.93,0
11530,39928,3330,1,1,0,13,0,0.29,0
7472,5816,199,0,1,0,18,2,1.28,0
8831,40220,4499,0,1,0,8,5,0.22,0
25115,20625,1228,0,0,0,16,5,1.22,0
22117,20621,1125,0,1,1,7,0,1.07,0
17456,20699,4459,1,0,0,9,4,0.84,0
18865,8048,1829,1,1,1,18,0,2.34,0
25703,18751,4316,1,0,1,6,5,1.37,0
10355,49200,3128,1,1,0,7,4,0.21,0
12560,49785,868,1,0,1,18,2,0.25,0
14861,14341,4515,1,1,0,5,3,1.04,0
7231,15364,1393,1,1,1,18,2,0.47,0
34665,49539,615,1,1,1,13,3,0.7,0
46528,47557,3456,0,0,1,5,3,0.98,0
32358,11073,447,1,1,1,7,3,2.92,0
47388,439,4259,1,0,1,18,4,107.95,0
17102,24900,864,0,0,0,20,3,0.69,0
14351,38982,2816,1,1,1,13,3,0.37,0
49649,45414,824,1,0,1,9,3,1.09,0
19444,36530,2034,0,1,0,5,0,0.53,0
8956,24261,2157,0,1,0,18,5,0.37,0
49384,14966,1967,0,0,1,10,3,3.3,0
2742,45403,4773,1,0,0,8,2,0.06,0
46624,16809,3948,1,1,1,14,2,2.77,0
37823,38054,1552,0,0,0,11,1,0.99,0
47667,11980,4940,1,0,0,13,2,3.98,0
23778,33701,1410,1,1,0,14,3,0.71,0
46411,21621,2329,1,0,1,13,3,2.15,0
26355,5551,852,1,0,0,17,0,4.75,0
19535,16175,2843,0,1,0,20,4,1.21,0
39841,29343,4324,0,0,1,5,0,1.36,0
25351,28374,438,1,0,1,20,2,0.89,0
18641,19917,4785,1,1,1,9,5,0.94,0
7050,25940,4598,1,0,0,14,2,0.27,0
14659,6369,1526,0,0,0,5,2,2.3,0
13468,34875,1059,1,1,0,18,4,0.39,0
4548,13791,1618,1,1,1,12,4,0.33,0
16216,12988,3942,0,1,1,19,4,1.25,0
40434,21878,4495,1,1,0,13,1,1.85,0
18488,23736,4248,0,1,1,19,3,0.78,0
23909,29373,825,1,0,1,18,1,0.81,0
45927,46133,2822,0,0,1,20,2,1.0,0
40728,3625,774,0,0,0,8,2,11.24,0
39567,37912,1021,1,1,1,7,2,1.04,0
18579,28137,4711,1,1,1,5,4,0.66,0
20320,35016,1330,1,1,1,5,4,0.58,0
34209,5351,288,1,0,0,13,0,6.39,0
29206,37773,1450,1,1,0,14,2,0.77,0
25375,1045,2619,0,1,1,9,4,24.28,0
15220,30833,1505,0,1,0,17,0,0.49,0
3173,47765,1342,0,0,0,18,5,0.07,0
25349,46773,4044,1,0,1,16,3,0.54,0
49241,30613,3687,1,1,0,16,4,1.61,0
41884,29061,4159,0,1,0,6,2,1.44,0
46096,49792,4389,0,1,0,12,2,0.93,0
39620,39510,4030,0,1,0,20,0,1.0,0
31573,19688,107,0,0,0,6,5,1.6,0
6698,6829,3497,0,0,1,18,1,0.98,0
36775,31192,2515,1,1,0,19,3,1.18,0
15879,4537,2936,1,1,1,10,2,3.5,0
20249,26472,1342,0,0,0,13,3,0.76,0
48073,16705,1027,0,0,0,13,1,2.88,0
29464,16107,4085,0,0,0,12,2,1.83,0
20008,2527,2970,1,1,0,15,4,7.92,0
22046,45743,3031,0,0,0,6,3,0.48,0
37518,21234,4369,0,1,0,13,1,1.77,0
28139,15297,2834,0,1,1,8,5,1.84,0
8990,43130,1750,0,1,0,6,5,0.21,0
19461,15521,4235,0,0,1,15,2,1.25,0
31143,23403,3297,1,0,1,12,3,1.33,0
30713,20424,161,1,1,1,15,5,1.5,0
7711,6089,3659,0,1,0,5,3,1.27,0
39425,45438,3736,0,1,0,7,2,0.87,0
31570,22271,4042,1,1,1,5,5,1.42,0
9323,45659,1254,1,1,0,7,2,0.2,0
32297,16418,1570,1,0,1,7,0,1.97,0
40138,14776,3337,0,1,0,20,4,2.72,0
31986,47117,3919,1,1,0,9,0,0.68,0
1566,23785,3406,0,1,0,16,4,0.07,0
18413,8747,4672,1,0,1,20,2,2.11,0
601,14440,287,1,1,1,12,1,0.04,0
13517,16993,1101,0,1,1,14,4,0.8,0
26847,12269,4241,0,1,0,14,3,2.19,0
39289,30756,3950,1,1,1,14,2,1.28,0
30872,25539,688,1,1,0,12,0,1.21,0
49478,5026,4719,0,1,1,11,4,9.84,0
35130,13965,4019,1,1,1,11,3,2.52,0
787,39551,1769,1,1,1,19,5,0.02,0
23336,16645,877,1,1,0,19,5,1.4,0
21434,19918,1328,1,0,0,14,5,1.08,0
32884,5606,500,0,0,1,17,5,5.87,0
2397,12082,1425,1,0,0,16,4,0.2,0
34350,42215,2060,0,0,0,19,4,0.81,0
26522,35551,3242,0,1,1,15,5,0.75,0
33453,37257,3346,0,0,1,5,0,0.9,0
1869,11004,1841,1,0,1,14,5,0.17,0
22867,34168,1033,0,1,1,14,5,0.67,0
13795,47281,1797,0,1,1,6,3,0.29,0
27576,16785,1064,0,0,0,14,5,1.64,0
9419,36570,3860,0,1,0,19,1,0.26,0
16722,21536,1034,1,1,1,17,4,0.78,0
48007,35187,3669,1,0,1,11,1,1.36,0
5866,20195,3871,0,1,0,19,1,0.29,0
46045,3741,3548,0,1,0,16,5,12.31,0
33743,20234,2360,1,0,0,13,1,1.67,0
31246,9520,401,0,0,1,12,4,3.28,0
48965,22961,3000,1,0,0,9,4,2.13,0
47314,31635,2762,1,0,1,20,2,1.5,0
48228,12552,4625,0,0,0,19,0,3.84,0
18049,29642,1907,1,1,1,15,0,0.61,0
38798,14563,3566,0,1,1,18,4,2.66,0
22623,43760,3424,0,0,0,15,4,0.52,0
43103,48073,2952,1,0,0,17,4,0.9,0
36377,36337,3209,1,0,0,10,5,1.0,0
582,1547,4359,0,0,0,12,3,0.38,0
23968,12864,917,1,1,0,13,2,1.86,0
5713,8061,1997,1,0,1,7,2,0.71,0
37106,2524,673,0,1,0,20,4,14.7,0
25022,35128,1327,0,0,1,15,5,0.71,0
31082,31023,1859,0,1,0,16,5,1.0,0
36435,31459,1798,0,0,1,9,3,1.16,0
42934,1860,4160,1,0,1,17,0,23.08,0
7930,26899,1841,1,1,1,20,0,0.29,0
37786,33583,3712,0,0,0,5,0,1.13,0
40656,5971,3854,1,1,0,20,2,6.81,0
19225,10508,851,1,1,1,16,1,1.83,0
29754,27803,577,0,0,1,19,1,1.07,0
28696,13507,433,0,1,1,6,2,2.12,0
43220,5503,3323,0,0,0,5,5,7.85,0
22233,47892,746,1,1,1,17,5,0.46,0
31560,17611,4522,1,1,1,12,4,1.79,0
19627,1967,4115,1,1,1,7,5,9.98,0
16534,34893,2461,0,1,1,18,0,0.47,0
22821,12324,4337,0,0,1,20,4,1.85,0
21400,4668,682,1,0,1,20,4,4.58,0
6390,37390,4013,0,1,1,6,3,0.17,0
46459,24024,414,1,0,1,5,2,1.93,0
19392,38618,2095,1,0,1,8,3,0.5,0
11377,43925,3969,0,1,0,9,4,0.26,0
35596,47401,1934,1,1,1,20,5,0.75,0
16636,8725,4135,0,1,1,20,5,1.91,0
47753,30730,940,1,1,1,20,3,1.55,0
36861,12176,4803,0,1,1,6,4,3.03,0
33382,15656,961,1,0,1,16,4,2.13,0
49105,32618,10,1,0,0,17,2,1.51,0
35230,16705,1740,1,0,1,8,2,2.11,0
25048,37069,3610,1,0,0,9,5,0.68,0
36101,41177,3068,0,0,1,8,1,0.88,0
36,15977,2909,0,0,1,17,3,0.0,0
49653,37880,4575,1,0,1,15,0,1.31,0
15011,34841,1815,0,1,0,8,5,0.43,0
43168,7573,2867,1,0,0,10,1,5.7,0
24238,29736,512,1,1,1,15,5,0.82,0
39783,35172,984,0,0,0,7,1,1.13,0
7156,15717,4681,0,0,1,17,0,0.46,0
21212,16922,4216,0,1,1,11,3,1.25,0
6190,20311,1572,1,0,1,9,1,0.3,0
12984,41002,1425,1,1,1,20,3,0.32,0
9796,15985,211,1,0,0,9,2,0.61,0
1531,23369,1513,1,1,0,8,4,0.07,0
10937,41916,1048,0,0,0,6,0,0.26,0
31026,35185,1085,0,0,0,14,5,0.88,0
41281,27631,4049,1,1,0,16,0,1.49,0
26797,1522,1576,1,1,1,16,1,17.61,0
9511,29341,4773,1,1,1,13,4,0.32,0
34313,9184,625,1,1,1,16,3,3.74,0
26036,4270,4410,0,1,0,15,4,6.1,0
4149,14780,4279,0,0,1,15,3,0.28,0
48110,33753,1748,1,1,0,12,0,1.43,0
45607,41888,672,0,1,1,7,5,1.09,0
3680,18199,4200,1,0,0,7,0,0.2,0
9063,31360,4931,1,1,1,18,3,0.29,0
3647,45952,2562,1,0,1,15,1,0.08,0
31556,41491,2748,0,1,1,10,3,0.76,0
21925,20516,4412,1,1,0,10,1,1.07,0
24353,43628,95,0,1,1,16,1,0.56,0
14542,3931,3719,0,0,0,14,4,3.7,0
29178,14499,3942,1,1,1,15,4,2.01,0
17177,26334,171,0,0,1,14,1,0.65,0
17010,29050,1907,1,1,1,5,3,0.59,0
34877,47433,2173,0,1,1,6,1,0.74,0
46443,28668,612,1,0,1,16,1,1.62,0
46764,37891,343,0,1,0,15,3,1.23,0
10101,45674,3856,0,0,1,8,3,0.22,0
2619,33265,2454,0,0,0,10,2,0.08,0
44558,8712,4336,0,1,0,11,0,5.11,0
47104,31872,1527,0,0,1,5,4,1.48,0
49982,635,321,0,0,0,17,5,78.71,0
28632,14920,4912,0,0,0,20,1,1.92,0
21447,12157,1877,1,1,1,6,1,1.76,0
4631,41092,1583,1,0,0,11,5,0.11,0
3783,18042,217,0,1,0,6,1,0.21,0
32773,6705,3725,1,0,0,20,4,4.89,0
11474,35911,3037,1,0,0,20,1,0.32,0
35353,28939,2873,1,0,1,6,2,1.22,0
14682,38128,4429,1,1,0,16,2,0.39,0
2021,15412,3667,1,0,1,17,1,0.13,0
12502,30337,3935,1,1,1,9,1,0.41,0
30274,11991,3187,1,1,0,7,3,2.52,0
35440,25001,382,0,1,0,7,4,1.42,0
25437,33086,1497,0,0,0,12,4,0.77,0
8249,10455,3393,0,1,1,5,3,0.79,0
31840,288,3545,0,0,0,7,5,110.56,0
40421,38358,3801,1,0,0,6,0,1.05,0
28414,42811,3223,0,1,0,14,2,0.66,0
36704,23047,322,1,1,1,12,0,1.59,0
18993,18061,802,0,1,0,12,3,1.05,0
2026,5885,4264,0,0,0,19,2,0.34,0
8047,20249,4674,0,1,0,7,2,0.4,0
2782,31039,152,1,0,0,17,5,0.09,0
45797,29911,2493,0,1,0,20,4,1.53,0
20863,13201,1205,0,0,0,16,3,1.58,0
16840,14972,4651,0,0,0,9,4,1.12,0
18019,48172,2746,1,0,0,8,2,0.37,0
34465,8605,2918,1,0,0,9,4,4.01,0
19686,928,527,1,1,1,11,2,21.21,0
39020,29599,1058,1,0,1,11,2,1.32,0
9759,3046,1541,0,1,0,8,1,3.2,0
17503,7068,3210,1,1,1,9,4,2.48,0
15274,6204,2682,0,0,1,11,4,2.46,0
46610,38280,2337,1,1,0,10,5,1.22,0
25488,47016,3302,0,1,0,10,3,0.54,0
44013,17214,1865,1,0,0,19,3,2.56,0
21868,43069,3288,1,1,0,5,0,0.51,0
10834,22318,3275,1,0,1,13,0,0.49,0
37177,18635,4145,0,0,1,6,4,2.0,0
27021,48719,2638,0,0,0,5,5,0.55,0
17507,6743,3057,0,1,1,19,5,2.6,0
44182,4163,2775,0,1,0,17,5,10.61,0
14236,38335,3382,1,0,0,18,0,0.37,0
33183,47049,2600,1,1,0,8,4,0.71,0
9949,43786,3735,0,0,1,5,2,0.23,0
20745,46404,1623,0,1,0,15,5,0.45,0
42861,48092,3548,0,1,0,9,4,0.89,0
14314,4230,2249,0,0,0,6,2,3.38,0
11493,46377,4399,0,1,0,9,0,0.25,0
13158,21528,1653,1,1,1,8,5,0.61,0
27046,48969,2150,1,0,1,20,2,0.55,0
21951,24122,4521,0,1,1,6,1,0.91,0
46956,47349,4250,1,0,1,14,4,0.99,0
39629,38510,762,0,1,1,17,3,1.03,0
37532,20842,3828,1,0,1,12,4,1.8,0
31926,47412,4331,0,0,0,11,1,0.67,0
41964,34175,4922,0,0,0,11,0,1.23,0
48521,8649,848,0,0,1,14,4,5.61,0
25256,27087,3944,0,1,1,18,2,0.93,0
6889,49052,300,1,0,0,19,4,0.14,0
40569,3901,2511,1,1,1,17,4,10.4,0
17288,11641,607,1,0,0,6,1,1.49,0
17519,12365,1737,0,1,1,6,1,1.42,0
19227,19415,2823,0,0,1,15,1,0.99,0
28421,25062,450,1,1,0,17,2,1.13,0
30917,26246,3108,0,0,1,13,0,1.18,0
18756,20566,2329,1,0,0,10,1,0.91,0
44935,4774,3158,0,1,1,15,2,9.41,0
17590,43821,2369,1,0,1,7,0,0.4,0
17937,16702,2604,1,1,1,8,0,1.07,0
47287,47244,1588,0,0,1,20,5,1.0,0
16886,7891,4653,1,0,1,6,4,2.14,0
4674,6438,4016,0,1,1,10,5,0.73,0
41042,37861,2711,0,0,0,15,2,1.08,0
11436,8925,3827,1,1,1,9,1,1.28,0
36645,45381,561,0,1,1,18,2,0.81,0
22505,6807,1725,1,0,1,17,4,3.31,0
26234,49698,1317,1,1,1,20,5,0.53,0
45427,27808,2099,0,1,1,7,3,1.63,0
10005,40767,1773,0,1,0,9,3,0.25,0
25604,10014,3202,1,0,0,13,4,2.56,0
5677,11858,3628,0,0,1,10,1,0.48,0
28046,28424,3845,0,1,0,12,3,0.99,0
48038,22862,1595,0,0,1,19,5,2.1,0
20772,35853,71,1,1,0,11,3,0.58,0
46829,10927,2259,0,1,0,13,0,4.29,0
22984,30422,4911,1,0,1,20,3,0.76,0
32563,32028,3229,0,0,0,9,2,1.02,0
32327,14610,1658,0,1,0,7,4,2.21,0
33125,15248,3172,1,1,1,9,5,2.17,0
47931,39411,4705,0,1,1,13,1,1.22,0
24644,48346,1479,1,1,0,20,1,0.51,0
6178,24892,4813,0,1,0,14,0,0.25,0
26917,46513,692,0,0,0,7,3,0.58,0
33669,25703,242,0,0,1,11,5,1.31,0
32977,12397,2134,1,0,0,6,5,2.66,0
40628,36091,1718,1,0,1,20,5,1.13,0
11163,31356,2334,0,1,1,18,1,0.36,0
9999,5992,866,1,1,0,7,4,1.67,0
10067,20976,104,1,0,0,11,5,0.48,0
10832,28068,2085,0,1,0,18,2,0.39,0
11631,31493,511,0,1,0,14,5,0.37,0
46261,27632,530,0,0,1,20,0,1.67,0
25237,7310,670,0,0,0,20,2,3.45,0
47804,35305,3478,0,1,1,6,1,1.35,0
24245,34681,4356,0,0,0,17,3,0.7,0
44555,25965,2170,1,1,0,8,4,1.72,0
42281,42673,3691,1,1,0,5,4,0.99,0
16285,19761,4593,0,1,1,5,0,0.82,0
38990,43394,4675,0,1,1,20,3,0.9,0
14661,37980,3116,1,1,0,16,3,0.39,0
16274,11876,1666,0,1,1,7,2,1.37,0
49294,48321,79,1,0,0,18,5,1.02,0
44283,23382,1304,0,1,1,14,0,1.89,0
24785,28631,2936,0,1,0,8,2,0.87,0
39069,3376,3916,1,1,1,7,3,11.57,0
43022,15916,3813,1,0,1,12,3,2.7,0
5305,18021,3023,1,1,0,19,0,0.29,0
2995,30216,3253,0,0,0,19,5,0.1,0
4619,1463,1839,0,0,1,6,2,3.16,0
25065,5711,3480,1,0,1,5,0,4.39,0
16127,28177,4595,0,0,1,20,5,0.57,0
44252,817,1932,1,0,0,15,0,54.16,0
9964,253,2054,1,1,0,8,4,39.38,0
49113,16343,4073,1,1,0,18,2,3.01,0
16675,47349,579,0,0,1,19,0,0.35,0
49443,20245,1513,1,1,1,15,4,2.44,0
8757,42063,1800,0,1,0,7,0,0.21,0
26395,14805,3173,0,1,0,5,1,1.78,0
13782,18560,603,1,1,1,8,3,0.74,0
28660,41933,298,1,1,0,13,4,0.68,0
8938,33822,274,1,1,1,15,0,0.26,0
40550,13227,3452,0,1,0,17,3,3.07,0
36326,382,3623,1,1,0,13,2,95.09,0
21539,44272,2179,0,0,1,7,1,0.49,0
19214,30932,1123,0,0,0,19,4,0.62,0
7271,7321,1044,0,0,1,19,5,0.99,0
21105,33,4219,1,1,0,12,4,639.55,0
23816,49438,3959,0,1,1,17,2,0.48,0
2885,3053,2768,1,0,1,5,1,0.94,0
3376,1720,800,0,1,1,8,0,1.96,0
14206,40244,4951,1,1,1,18,0,0.35,0
47649,41954,4506,1,1,0,5,5,1.14,0
16317,28464,755,1,1,0,12,2,0.57,0
11099,39228,1447,1,0,0,8,2,0.28,0
40513,26400,2716,1,1,1,17,2,1.53,0
1483,18108,3887,0,0,1,18,0,0.08,0
38994,47357,4641,1,0,0,10,5,0.82,0
8737,21929,2053,0,1,1,18,3,0.4,0
43923,25916,1126,1,0,0,5,5,1.69,0
14773,23722,3748,0,1,0,5,4,0.62,0
41936,30930,1645,1,1,1,8,2,1.36,0
8046,36837,1445,1,0,1,8,2,0.22,0
48706,535,422,0,0,0,10,1,91.04,0
27182,38935,2765,1,1,0,6,4,0.7,0
29791,13962,4229,0,1,1,7,2,2.13,0
32569,45928,2127,0,0,0,16,4,0.71,0
8330,35073,4065,1,0,1,5,5,0.24,0
21337,29105,1968,0,0,0,18,3,0.73,0
174,48382,4255,0,1,0,6,3,0.0,0
4335,18658,924,0,1,1,20,2,0.23,0
12800,19189,903,0,0,1,19,3,0.67,0
40363,45043,4397,0,1,0,7,0,0.9,0
23282,14276,1735,0,0,0,13,2,1.63,0
49699,28136,1585,0,0,0,17,4,1.77,0
21259,17565,2281,1,0,0,20,5,1.21,0
5689,48046,522,1,1,1,15,4,0.12,0
44562,15265,1338,0,0,0,13,0,2.92,0
16698,17912,955,1,1,1,18,1,0.93,0
23236,26996,3124,0,1,1,9,0,0.86,0
3329,17515,118,0,1,0,12,0,0.19,0
7631,37205,1853,1,0,1,17,2,0.21,0
14133,11355,450,0,1,1,19,2,1.24,0
15487,35961,1944,0,1,0,5,3,0.43,0
626,11852,152,0,0,1,15,1,0.05,0
35523,38570,4960,1,1,0,11,3,0.92,0
21945,47661,4973,1,0,0,8,4,0.46,0
4521,18470,4662,1,0,0,9,4,0.24,0
20653,44393,2662,1,0,0,11,3,0.47,0
8800,22436,582,1,1,0,10,3,0.39,0
15287,20394,2189,0,1,0,13,3,0.75,0
3099,48155,4736,0,1,1,7,4,0.06,0
17677,38432,4684,1,1,0,16,3,0.46,0
18340,43668,2134,0,0,0,11,0,0.42,0
174,787,3201,0,0,1,10,0,0.22,0
23582,37671,1617,0,0,1,15,5,0.63,0
36745,17057,2028,0,0,0,9,1,2.15,0
49193,10041,2434,0,0,0,13,3,4.9,0
47619,35006,4214,1,0,0,9,5,1.36,0
48963,14807,2539,0,1,0,18,1,3.31,0
49786,20321,1694,0,0,1,6,0,2.45,0
272,25639,2397,1,1,1,15,4,0.01,0
10181,2296,2986,1,0,1,9,2,4.43,0
30595,4593,83,1,0,1,20,4,6.66,0
193,21843,2735,1,1,0,20,4,0.01,0
13589,27757,4479,1,0,0,12,3,0.49,0
43257,21518,2999,1,0,0,18,1,2.01,0
1088,39309,73,0,1,1,15,3,0.03,0
20470,48643,1452,1,1,0,12,2,0.42,0
35105,16752,2166,1,0,0,15,1,2.1,0
14611,14346,4372,0,0,0,13,4,1.02,0
19749,46644,54,1,0,0,14,1,0.42,0
99,41531,3645,0,1,0,14,1,0.0,0
16507,26163,1037,1,0,0,18,2,0.63,0
19511,11776,2406,1,1,1,13,4,1.66,0
48014,9098,1917,0,1,1,15,4,5.28,0
14421,41801,3687,1,0,0,11,1,0.34,0
20142,20176,626,1,0,1,20,4,1.0,0
5299,23025,2585,1,1,0,20,3,0.23,0
10884,18652,1712,0,0,1,10,2,0.58,0
46930,49587,964,1,1,1,18,5,0.95,0
25716,217,4042,1,0,0,19,0,118.51,0
2469,31434,150,1,1,0,5,3,0.08,0
13713,21403,1291,1,0,1,7,1,0.64,0
