username,followers,following,posts,verified,bio,profile_pic,username_length,username_digits,ratio,fake
user0,4579,2077,280,0,0,1,5,1,2.2,0
user1,6177,2095,293,1,0,1,5,1,2.95,0
user2,4842,1884,61,0,0,0,5,1,2.57,0
user3,7595,4175,189,0,0,0,5,1,1.82,0
user4,1375,4228,196,0,1,1,5,1,0.33,0
user5,8554,4665,372,0,0,1,5,1,1.83,0
user6,2787,1028,310,0,0,0,5,1,2.71,0
user7,8621,2877,68,0,1,1,5,1,3.0,0
user8,1161,4770,45,0,0,0,5,1,0.24,0
user9,6138,3435,90,0,1,0,5,1,1.79,0
user10,2310,3877,15,1,1,0,6,2,0.6,0
user11,6050,4919,497,0,0,1,6,2,1.23,0
user12,3544,2881,397,0,0,1,6,2,1.23,0
user13,7244,4416,23,1,1,1,6,2,1.64,0
user14,9175,4711,64,1,0,1,6,2,1.95,0
user15,8220,3769,253,0,1,1,6,2,2.18,0
user16,588,2716,142,1,0,0,6,2,0.22,0
user17,9044,4514,469,0,0,1,6,2,2.0,0
user18,9608,1863,211,0,0,0,6,2,5.16,0
user19,9869,1313,371,0,0,1,6,2,7.52,0
user20,2213,33,113,0,0,1,6,2,67.06,0
user21,5060,248,295,0,0,0,6,2,20.4,0
user22,3958,2924,428,0,1,0,6,2,1.35,0
user23,7714,2531,195,0,0,1,6,2,3.05,0
user24,6685,2808,446,1,0,0,6,2,2.38,0
user25,9703,4701,448,1,0,0,6,2,2.06,0
user26,8150,255,272,1,1,1,6,2,31.96,0
user27,2734,3719,242,0,0,0,6,2,0.74,0
user28,5159,942,97,0,0,1,6,2,5.48,0
user29,2532,428,336,1,0,0,6,2,5.92,0
user30,331,4628,31,1,0,1,6,2,0.07,0
user31,255,4684,358,1,1,1,6,2,0.05,0
user32,2079,225,232,1,0,1,6,2,9.24,0
user33,7758,2563,199,0,0,1,6,2,3.03,0
user34,5645,4590,483,1,1,1,6,2,1.23,0
user35,2449,1890,412,1,1,0,6,2,1.3,0
user36,776,4467,2,1,0,1,6,2,0.17,0
user37,7958,1916,286,1,0,1,6,2,4.15,0
user38,2545,478,94,0,1,1,6,2,5.32,0
user39,1996,2199,12,0,1,0,6,2,0.91,0
user40,2942,4596,190,1,0,1,6,2,0.64,0
user41,2897,4400,390,0,1,1,6,2,0.66,0
user42,8689,4327,129,0,0,1,6,2,2.01,0
user43,669,2889,182,1,1,0,6,2,0.23,0
user44,7504,2314,182,1,0,1,6,2,3.24,0
user45,5874,6,401,1,1,1,6,2,979.0,0
user46,2871,4463,470,0,0,0,6,2,0.64,0
user47,6521,4037,227,1,0,1,6,2,1.62,0
user48,1599,388,45,0,1,1,6,2,4.12,0
user49,4069,4935,477,0,0,1,6,2,0.82,0
user50,1453,3377,480,0,1,0,6,2,0.43,0
user51,2927,938,51,0,1,0,6,2,3.12,0
user52,1119,76,330,1,0,1,6,2,14.72,0
user53,500,4697,333,1,0,0,6,2,0.11,0
user54,8301,1041,172,0,0,1,6,2,7.97,0
user55,3432,1048,85,0,0,0,6,2,3.27,0
user56,957,2523,359,0,0,1,6,2,0.38,0
user57,225,1687,72,1,1,1,6,2,0.13,0
user58,9878,4419,340,1,0,0,6,2,2.24,0
user59,6049,4566,302,1,0,0,6,2,1.32,0
user60,7711,4048,50,1,0,1,6,2,1.9,0
user61,2093,1988,18,1,1,1,6,2,1.05,0
user62,1951,31,17,0,1,0,6,2,62.94,0
user63,3770,2866,430,1,1,0,6,2,1.32,0
user64,97,4355,8,1,1,0,6,2,0.02,1
user65,9667,2645,117,1,1,0,6,2,3.65,0
user66,8465,4138,127,0,0,1,6,2,2.05,0
user67,422,4695,216,1,0,1,6,2,0.09,0
user68,1798,1936,234,1,0,0,6,2,0.93,0
user69,6232,891,327,1,1,1,6,2,6.99,0
user70,7951,4772,44,0,0,1,6,2,1.67,0
user71,7772,989,183,0,0,0,6,2,7.86,0
user72,3935,2532,285,0,0,0,6,2,1.55,0
user73,4120,1844,257,1,0,1,6,2,2.23,0
user74,5777,1801,280,0,0,1,6,2,3.21,0
user75,7770,2593,279,1,0,0,6,2,3.0,0
user76,4170,2308,268,1,0,1,6,2,1.81,0
user77,8452,1194,4,1,0,0,6,2,7.08,0
user78,3996,3971,260,1,1,1,6,2,1.01,0
user79,1561,990,240,0,0,0,6,2,1.58,0
user80,8594,2675,191,0,0,0,6,2,3.21,0
user81,3768,2119,316,1,1,0,6,2,1.78,0
user82,3764,2293,369,1,0,0,6,2,1.64,0
user83,5368,2616,303,1,1,0,6,2,2.05,0
user84,9461,569,119,0,1,1,6,2,16.63,0
user85,2856,2268,462,1,1,0,6,2,1.26,0
user86,9594,3941,211,1,1,1,6,2,2.43,0
user87,9175,3597,5,1,0,0,6,2,2.55,0
user88,1616,450,270,1,0,0,6,2,3.59,0
user89,150,2587,68,1,1,0,6,2,0.06,0
user90,2367,4495,218,1,0,1,6,2,0.53,0
user91,4844,2968,283,1,0,1,6,2,1.63,0
user92,3693,1683,357,1,1,0,6,2,2.19,0
user93,6981,1690,289,1,0,0,6,2,4.13,0
user94,3669,2543,336,0,1,0,6,2,1.44,0
user95,2959,3228,197,1,0,1,6,2,0.92,0
user96,388,3867,249,1,1,1,6,2,0.1,0
user97,1709,587,144,0,1,1,6,2,2.91,0
user98,400,4889,415,0,0,1,6,2,0.08,0
user99,3588,4381,1,0,0,0,6,2,0.82,1
user100,9994,621,342,1,1,0,7,3,16.09,0
user101,3103,2364,155,1,0,1,7,3,1.31,0
user102,9662,339,263,1,0,1,7,3,28.5,0
user103,3811,2119,70,0,1,0,7,3,1.8,0
user104,2531,1899,240,0,1,1,7,3,1.33,0
user105,5658,3993,439,1,0,0,7,3,1.42,0
user106,7914,4588,203,0,1,0,7,3,1.72,0
user107,1821,3666,365,1,0,1,7,3,0.5,0
user108,4915,4575,80,0,1,1,7,3,1.07,0
user109,9617,309,135,1,1,1,7,3,31.12,0
user110,9106,3695,94,1,0,1,7,3,2.46,0
user111,7074,538,120,0,1,1,7,3,13.15,0
user112,337,2632,223,1,1,0,7,3,0.13,0
user113,4181,2949,481,1,1,1,7,3,1.42,0
user114,5166,2025,294,1,0,1,7,3,2.55,0
user115,5961,668,69,1,1,1,7,3,8.92,0
user116,7,3164,459,0,0,0,7,3,0.0,1
user117,8028,513,128,0,1,1,7,3,15.65,0
user118,1915,4289,227,0,0,0,7,3,0.45,0
user119,3007,1378,392,0,0,1,7,3,2.18,0
user120,4009,876,187,1,0,0,7,3,4.58,0
user121,4791,4203,186,0,0,0,7,3,1.14,0
user122,8005,3256,127,1,0,1,7,3,2.46,0
user123,2073,3164,22,0,0,0,7,3,0.66,0
user124,1171,3748,64,0,0,1,7,3,0.31,0
user125,6364,1451,391,0,0,0,7,3,4.39,0
user126,6533,1594,424,0,1,0,7,3,4.1,0
user127,745,2410,370,0,0,1,7,3,0.31,0
user128,6094,3773,108,1,0,1,7,3,1.62,0
user129,6556,3030,321,0,1,0,7,3,2.16,0
user130,4375,964,52,1,1,0,7,3,4.54,0
user131,5132,505,443,1,0,0,7,3,10.16,0
user132,926,1785,207,0,1,0,7,3,0.52,0
user133,3937,1971,498,1,1,1,7,3,2.0,0
user134,4474,2138,420,1,1,0,7,3,2.09,0
user135,594,4686,286,0,1,1,7,3,0.13,0
user136,7485,351,36,1,1,0,7,3,21.32,0
user137,2407,4840,274,1,0,1,7,3,0.5,0
user138,8071,3128,261,1,1,1,7,3,2.58,0
user139,1247,1247,151,1,0,1,7,3,1.0,0
user140,7600,1929,326,1,1,0,7,3,3.94,0
user141,3307,1891,87,1,1,0,7,3,1.75,0
user142,8151,3168,462,0,1,0,7,3,2.57,0
user143,4356,851,52,0,0,1,7,3,5.12,0
user144,8025,22,223,1,0,1,7,3,364.77,0
user145,6957,1614,284,1,1,0,7,3,4.31,0
user146,1741,1137,264,1,0,1,7,3,1.53,0
user147,4953,1329,90,0,0,1,7,3,3.73,0
user148,382,2490,43,0,0,1,7,3,0.15,0
user149,1969,1389,11,0,1,0,7,3,1.42,0
user150,5800,1239,348,0,1,1,7,3,4.68,0
user151,826,1132,220,0,0,1,7,3,0.73,0
user152,4464,1424,309,1,0,1,7,3,3.13,0
user153,9778,2880,16,0,1,0,7,3,3.4,0
user154,6615,4851,164,1,0,1,7,3,1.36,0
user155,9922,953,279,0,1,1,7,3,10.41,0
user156,7121,4599,429,0,0,0,7,3,1.55,0
user157,3439,2961,127,0,0,0,7,3,1.16,0
user158,4951,2497,234,0,1,1,7,3,1.98,0
user159,7300,4934,105,1,1,1,7,3,1.48,0
user160,4096,4854,212,0,0,0,7,3,0.84,0
user161,457,3941,437,1,1,0,7,3,0.12,0
user162,1389,3059,213,0,0,1,7,3,0.45,0
user163,9871,1918,332,1,1,1,7,3,5.15,0
user164,3914,3375,493,0,0,1,7,3,1.16,0
user165,4643,330,407,1,1,1,7,3,14.07,0
user166,8778,1695,373,0,0,0,7,3,5.18,0
user167,430,4483,44,0,0,1,7,3,0.1,0
user168,7241,1300,219,1,0,1,7,3,5.57,0
user169,3659,2270,385,0,1,0,7,3,1.61,0
user170,3704,2538,264,1,0,0,7,3,1.46,0
user171,4957,1032,279,0,0,0,7,3,4.8,0
user172,7688,4517,256,1,0,0,7,3,1.7,0
user173,1736,2188,40,0,0,1,7,3,0.79,0
user174,1224,450,460,1,1,1,7,3,2.72,0
user175,2821,467,387,1,1,1,7,3,6.04,0
user176,1067,1692,29,0,0,0,7,3,0.63,0
user177,5243,2617,222,1,0,1,7,3,2.0,0
user178,8611,808,223,1,0,1,7,3,10.66,0
user179,9897,368,280,0,0,1,7,3,26.89,0
user180,7311,4829,283,1,1,0,7,3,1.51,0
user181,7380,2884,284,0,1,0,7,3,2.56,0
user182,3913,694,26,1,1,1,7,3,5.64,0
user183,1202,1620,60,1,1,0,7,3,0.74,0
user184,2530,2856,371,0,1,0,7,3,0.89,0
user185,4069,4097,438,1,0,1,7,3,0.99,0
user186,4727,4022,283,0,1,1,7,3,1.18,0
user187,8970,1611,388,0,0,1,7,3,5.57,0
user188,4658,3157,161,0,0,1,7,3,1.48,0
user189,3986,92,487,1,1,1,7,3,43.33,0
user190,9509,3851,150,1,0,1,7,3,2.47,0
user191,6836,2842,389,0,1,1,7,3,2.41,0
user192,7713,1314,468,0,0,1,7,3,5.87,0
user193,3515,837,284,0,1,1,7,3,4.2,0
user194,9569,4514,189,1,1,0,7,3,2.12,0
user195,1531,3099,108,0,0,0,7,3,0.49,0
user196,4833,494,171,0,1,0,7,3,9.78,0
user197,7946,1470,180,1,1,1,7,3,5.41,0
user198,259,3650,314,1,0,1,7,3,0.07,0
user199,1499,1434,110,0,0,1,7,3,1.05,0
user200,5186,1001,26,1,0,1,7,3,5.18,0
user201,6493,4069,490,0,0,1,7,3,1.6,0
user202,5002,779,438,1,1,1,7,3,6.42,0
user203,7527,2785,73,1,0,1,7,3,2.7,0
user204,1788,1049,199,1,0,1,7,3,1.7,0
user205,5948,560,357,0,0,1,7,3,10.62,0
user206,4196,1419,333,1,0,0,7,3,2.96,0
user207,301,2715,307,0,1,0,7,3,0.11,0
user208,5074,4749,24,1,0,0,7,3,1.07,0
user209,6238,4582,198,1,1,1,7,3,1.36,0
user210,4439,2185,71,1,1,1,7,3,2.03,0
user211,805,3543,285,1,0,1,7,3,0.23,0
user212,4108,3603,387,0,1,1,7,3,1.14,0
user213,3659,3409,179,1,1,1,7,3,1.07,0
user214,173,1837,263,0,1,0,7,3,0.09,0
user215,2010,1852,209,1,0,0,7,3,1.09,0
user216,7943,3320,271,0,1,0,7,3,2.39,0
user217,9732,2342,418,0,1,0,7,3,4.16,0
user218,5738,117,189,0,0,0,7,3,49.04,0
user219,5899,4805,137,0,0,0,7,3,1.23,0
user220,1831,4967,143,0,1,1,7,3,0.37,0
user221,9394,4895,315,1,0,1,7,3,1.92,0
user222,465,1556,497,0,0,1,7,3,0.3,0
user223,4494,4629,266,1,1,0,7,3,0.97,0
user224,1936,2501,110,0,0,1,7,3,0.77,0
user225,9812,1555,264,0,0,0,7,3,6.31,0
user226,3690,3692,80,1,1,1,7,3,1.0,0
user227,6098,297,259,1,0,1,7,3,20.53,0
user228,1333,3855,149,0,1,1,7,3,0.35,0
user229,5908,3229,476,1,1,0,7,3,1.83,0
user230,9929,2643,263,1,1,1,7,3,3.76,0
user231,4883,1340,294,0,0,1,7,3,3.64,0
user232,6521,4353,426,0,0,1,7,3,1.5,0
user233,2133,1537,210,0,0,1,7,3,1.39,0
user234,5738,2587,166,0,1,0,7,3,2.22,0
user235,8406,3053,499,1,0,0,7,3,2.75,0
user236,1857,4069,59,0,0,0,7,3,0.46,0
user237,6585,2095,274,1,1,1,7,3,3.14,0
user238,6735,2260,403,1,0,0,7,3,2.98,0
user239,5225,2180,269,0,0,1,7,3,2.4,0
user240,3005,163,233,1,1,0,7,3,18.44,0
user241,1332,98,348,1,1,0,7,3,13.59,0
user242,5380,2732,314,1,1,0,7,3,1.97,0
user243,2989,121,395,1,0,1,7,3,24.7,0
user244,9297,121,218,0,0,1,7,3,76.83,0
user245,9170,3574,227,0,1,0,7,3,2.57,0
user246,522,4306,118,1,0,0,7,3,0.12,0
user247,9279,3977,131,1,1,1,7,3,2.33,0
user248,2495,536,46,1,0,0,7,3,4.65,0
user249,1894,3860,393,1,0,1,7,3,0.49,0
user250,64,3810,91,1,0,0,7,3,0.02,1
user251,9646,3814,494,0,0,0,7,3,2.53,0
user252,9358,4929,411,0,0,1,7,3,1.9,0
user253,985,3610,330,1,0,0,7,3,0.27,0
user254,4636,902,91,1,1,1,7,3,5.14,0
user255,2056,4521,179,0,1,0,7,3,0.45,0
user256,4486,1266,84,0,0,0,7,3,3.54,0
user257,2192,2944,11,0,1,1,7,3,0.74,0
user258,4959,4227,142,0,1,1,7,3,1.17,0
user259,7064,3925,377,1,0,1,7,3,1.8,0
user260,8351,287,472,1,1,1,7,3,29.1,0
user261,6837,4942,223,0,1,0,7,3,1.38,0
user262,9760,1289,203,1,1,1,7,3,7.57,0
user263,6162,3135,72,1,0,1,7,3,1.97,0
user264,989,1988,301,0,0,1,7,3,0.5,0
user265,8218,110,299,0,1,1,7,3,74.71,0
user266,5401,3374,383,1,1,0,7,3,1.6,0
user267,4890,4646,343,1,0,1,7,3,1.05,0
user268,3964,2895,480,0,0,0,7,3,1.37,0
user269,6349,3960,356,1,0,1,7,3,1.6,0
user270,9033,1267,389,1,0,0,7,3,7.13,0
user271,1720,709,463,1,0,1,7,3,2.43,0
user272,7506,4550,307,0,0,1,7,3,1.65,0
user273,7648,2060,187,0,0,1,7,3,3.71,0
user274,455,994,370,1,1,1,7,3,0.46,0
user275,5985,905,399,1,1,0,7,3,6.61,0
user276,1796,2104,385,1,0,1,7,3,0.85,0
user277,8811,4935,7,0,1,0,7,3,1.79,0
user278,9764,3201,45,0,1,0,7,3,3.05,0
user279,3214,4707,71,0,0,1,7,3,0.68,0
user280,7478,2849,130,1,0,1,7,3,2.62,0
user281,9404,3706,108,1,1,0,7,3,2.54,0
user282,5785,3985,210,0,1,1,7,3,1.45,0
user283,5402,1876,395,1,1,0,7,3,2.88,0
user284,9475,4662,445,0,1,0,7,3,2.03,0
user285,8187,2621,274,1,0,0,7,3,3.12,0
user286,5635,2311,401,1,1,0,7,3,2.44,0
user287,8654,4546,313,0,0,0,7,3,1.9,0
user288,2931,1340,331,1,0,0,7,3,2.19,0
user289,1026,1061,396,1,1,0,7,3,0.97,0
user290,85,318,450,1,1,0,7,3,0.27,0
user291,5086,3977,364,1,0,0,7,3,1.28,0
user292,5594,1215,412,1,0,0,7,3,4.6,0
user293,369,2266,54,1,0,1,7,3,0.16,0
user294,701,3947,133,0,1,1,7,3,0.18,0
user295,628,1199,80,1,0,0,7,3,0.52,0
user296,7157,2075,456,1,0,1,7,3,3.45,0
user297,2353,3770,318,1,1,1,7,3,0.62,0
user298,1584,2222,333,0,0,0,7,3,0.71,0
user299,4445,4322,28,1,0,1,7,3,1.03,0
user300,5794,4343,423,0,1,1,7,3,1.33,0
user301,9299,4480,440,0,1,1,7,3,2.08,0
user302,2544,244,11,0,1,0,7,3,10.43,0
user303,5645,4432,49,0,1,0,7,3,1.27,0
user304,4862,2474,308,0,1,0,7,3,1.97,0
user305,8847,1499,28,0,1,1,7,3,5.9,0
user306,2105,3883,383,1,0,1,7,3,0.54,0
user307,8510,4905,246,0,1,1,7,3,1.73,0
user308,6999,3031,217,1,0,0,7,3,2.31,0
user309,4324,4277,35,1,0,1,7,3,1.01,0
user310,5962,1554,441,0,1,0,7,3,3.84,0
user311,3862,142,320,1,1,0,7,3,27.2,0
user312,7398,4305,270,1,0,0,7,3,1.72,0
user313,2811,2174,432,0,0,0,7,3,1.29,0
user314,4593,1041,70,1,1,0,7,3,4.41,0
user315,2006,3842,111,0,1,1,7,3,0.52,0
user316,3909,1554,145,1,0,0,7,3,2.52,0
user317,5357,2981,8,1,1,1,7,3,1.8,0
user318,4172,3356,159,0,1,1,7,3,1.24,0
user319,5841,1191,225,0,1,1,7,3,4.9,0
user320,2960,4173,396,0,1,1,7,3,0.71,0
user321,5295,1558,65,1,1,0,7,3,3.4,0
user322,3907,309,150,1,0,1,7,3,12.64,0
user323,5962,1135,369,1,1,0,7,3,5.25,0
user324,1717,264,465,0,1,1,7,3,6.5,0
user325,2943,3816,214,0,0,1,7,3,0.77,0
user326,7997,3498,87,0,1,0,7,3,2.29,0
user327,1004,1033,110,0,1,0,7,3,0.97,0
user328,3647,1847,316,1,0,1,7,3,1.97,0
user329,8204,2786,338,0,1,1,7,3,2.94,0
user330,5319,2711,32,1,0,0,7,3,1.96,0
user331,4692,1497,47,0,1,1,7,3,3.13,0
user332,5442,508,60,0,1,1,7,3,10.71,0
user333,991,350,456,1,1,0,7,3,2.83,0
user334,518,2170,403,1,0,1,7,3,0.24,0
user335,5821,3185,109,0,0,1,7,3,1.83,0
user336,4013,3521,115,0,1,0,7,3,1.14,0
user337,7017,1318,137,1,1,0,7,3,5.32,0
user338,3521,4309,376,1,1,0,7,3,0.82,0
user339,8971,4073,1,1,1,1,7,3,2.2,0
user340,6549,515,102,1,0,0,7,3,12.72,0
user341,2914,4920,212,0,1,0,7,3,0.59,0
user342,2023,2202,439,0,0,1,7,3,0.92,0
user343,3838,3237,429,0,0,0,7,3,1.19,0
user344,4632,3508,35,0,1,1,7,3,1.32,0
user345,2079,1817,215,0,1,1,7,3,1.14,0
user346,5432,1662,469,1,0,1,7,3,3.27,0
user347,4833,3844,359,0,0,1,7,3,1.26,0
user348,9838,4748,497,1,0,1,7,3,2.07,0
user349,4170,4325,65,0,1,1,7,3,0.96,0
user350,7936,2681,475,1,1,1,7,3,2.96,0
user351,9011,1953,45,1,1,0,7,3,4.61,0
user352,3439,3610,138,1,0,1,7,3,0.95,0
user353,8810,3247,350,0,0,1,7,3,2.71,0
user354,1393,4892,412,1,1,1,7,3,0.28,0
user355,3498,1972,238,1,0,1,7,3,1.77,0
user356,3421,3173,74,1,1,1,7,3,1.08,0
user357,4380,1879,85,1,1,1,7,3,2.33,0
user358,3345,3707,448,0,0,1,7,3,0.9,0
user359,231,1930,115,1,1,0,7,3,0.12,0
user360,4213,2036,291,0,1,1,7,3,2.07,0
user361,9906,3799,26,0,0,0,7,3,2.61,0
user362,144,1642,340,0,1,0,7,3,0.09,0
user363,1200,383,426,1,0,1,7,3,3.13,0
user364,1584,4064,165,1,0,0,7,3,0.39,0
user365,1409,2610,155,1,1,1,7,3,0.54,0
user366,6565,741,377,0,0,0,7,3,8.86,0
user367,5756,3975,285,1,0,0,7,3,1.45,0
user368,9389,4456,238,1,1,0,7,3,2.11,0
user369,6169,1331,312,1,1,1,7,3,4.63,0
user370,615,1963,365,1,0,1,7,3,0.31,0
user371,873,4542,337,0,1,1,7,3,0.19,0
user372,4735,3454,352,1,1,0,7,3,1.37,0
user373,8091,201,349,0,0,0,7,3,40.25,0
user374,8453,1205,217,1,1,1,7,3,7.01,0
user375,3374,547,196,1,1,1,7,3,6.17,0
user376,4772,3440,274,1,0,0,7,3,1.39,0
user377,5894,4174,431,1,0,0,7,3,1.41,0
user378,9996,2365,11,0,0,1,7,3,4.23,0
user379,6038,4202,492,0,0,1,7,3,1.44,0
user380,6470,1903,39,1,1,1,7,3,3.4,0
user381,7044,4451,174,1,1,1,7,3,1.58,0
user382,5807,3829,308,1,1,1,7,3,1.52,0
user383,7836,4023,321,1,0,1,7,3,1.95,0
user384,6590,1863,324,1,1,0,7,3,3.54,0
user385,9974,3569,499,1,0,0,7,3,2.79,0
user386,3067,2562,442,1,1,1,7,3,1.2,0
user387,8473,735,487,1,0,0,7,3,11.53,0
user388,1802,4609,453,0,0,0,7,3,0.39,0
user389,7437,4697,231,1,1,0,7,3,1.58,0
user390,7142,1893,37,1,1,0,7,3,3.77,0
user391,8318,3511,499,0,0,1,7,3,2.37,0
user392,7370,4511,410,0,0,1,7,3,1.63,0
user393,8483,2960,69,1,0,0,7,3,2.87,0
user394,859,1170,122,0,0,1,7,3,0.73,0
user395,9818,3217,381,0,1,1,7,3,3.05,0
user396,8006,4888,394,1,0,0,7,3,1.64,0
user397,934,1274,236,0,1,0,7,3,0.73,0
user398,4513,2880,294,1,0,0,7,3,1.57,0
user399,5335,63,371,0,0,1,7,3,84.68,0
user400,5285,207,201,0,0,1,7,3,25.53,0
user401,5270,144,486,1,1,1,7,3,36.6,0
user402,6006,2051,310,0,0,0,7,3,2.93,0
user403,3115,3690,322,0,1,0,7,3,0.84,0
user404,7052,4220,157,0,0,0,7,3,1.67,0
user405,9921,412,184,0,1,1,7,3,24.08,0
user406,1586,4983,228,0,1,1,7,3,0.32,0
user407,7315,2333,252,1,1,1,7,3,3.14,0
user408,5523,1258,438,1,1,0,7,3,4.39,0
user409,9624,1717,110,0,0,1,7,3,5.61,0
user410,5303,4405,421,0,1,1,7,3,1.2,0
user411,3353,4305,21,1,1,1,7,3,0.78,0
user412,7379,3382,119,0,1,0,7,3,2.18,0
user413,288,991,273,1,0,1,7,3,0.29,0
user414,9283,4685,51,0,0,0,7,3,1.98,0
user415,9652,3963,107,1,0,0,7,3,2.44,0
user416,4594,3108,326,0,1,1,7,3,1.48,0
user417,2190,641,368,0,1,1,7,3,3.42,0
user418,813,858,235,0,0,0,7,3,0.95,0
user419,5109,2564,422,1,1,0,7,3,1.99,0
user420,5324,821,202,1,0,1,7,3,6.48,0
user421,6213,3950,41,0,0,1,7,3,1.57,0
user422,390,2929,8,1,0,1,7,3,0.13,0
user423,4960,3159,440,0,0,0,7,3,1.57,0
user424,2464,3943,455,1,1,1,7,3,0.62,0
user425,5375,909,489,0,1,0,7,3,5.91,0
user426,9605,565,390,1,1,0,7,3,17.0,0
user427,5548,2196,228,0,0,1,7,3,2.53,0
user428,9583,2261,357,1,0,0,7,3,4.24,0
user429,3085,820,186,1,1,1,7,3,3.76,0
user430,6370,386,151,0,1,1,7,3,16.5,0
user431,8769,27,207,1,1,1,7,3,324.78,0
user432,1927,1879,370,0,0,0,7,3,1.03,0
user433,6327,2803,37,0,1,0,7,3,2.26,0
user434,2784,400,193,0,1,1,7,3,6.96,0
user435,1532,1000,40,1,0,1,7,3,1.53,0
user436,9540,1583,123,0,0,1,7,3,6.03,0
user437,5465,4282,21,1,0,0,7,3,1.28,0
user438,4367,1938,436,1,1,0,7,3,2.25,0
user439,757,1237,248,0,1,1,7,3,0.61,0
user440,4693,1891,111,1,1,1,7,3,2.48,0
user441,8182,2497,353,0,1,0,7,3,3.28,0
user442,612,3170,294,0,0,1,7,3,0.19,0
user443,2217,1812,186,0,0,0,7,3,1.22,0
user444,2931,4807,385,0,0,0,7,3,0.61,0
user445,643,3866,48,1,0,1,7,3,0.17,0
user446,8312,2795,177,1,1,0,7,3,2.97,0
user447,4044,224,275,1,0,0,7,3,18.05,0
user448,6476,4811,198,1,1,0,7,3,1.35,0
user449,3784,3508,53,0,1,0,7,3,1.08,0
user450,7748,3300,191,1,0,0,7,3,2.35,0
user451,3368,1555,421,0,0,0,7,3,2.17,0
user452,8978,2255,444,0,0,1,7,3,3.98,0
user453,1655,3189,410,0,1,1,7,3,0.52,0
user454,7166,4994,53,0,1,1,7,3,1.43,0
user455,1084,27,237,1,1,0,7,3,40.15,0
user456,2207,4117,16,1,0,1,7,3,0.54,0
user457,4353,3027,246,0,1,0,7,3,1.44,0
user458,936,4507,112,0,1,0,7,3,0.21,0
user459,2888,2581,57,0,1,1,7,3,1.12,0
user460,6730,3215,116,1,0,1,7,3,2.09,0
user461,5596,2714,94,1,0,0,7,3,2.06,0
user462,625,2037,0,0,0,0,7,3,0.31,1
user463,1702,4157,125,0,1,0,7,3,0.41,0
user464,6218,1386,307,0,1,0,7,3,4.49,0
user465,4698,3758,286,1,1,1,7,3,1.25,0
user466,8987,1124,459,1,0,0,7,3,8.0,0
user467,8669,3268,476,0,0,0,7,3,2.65,0
user468,3611,3969,83,1,1,1,7,3,0.91,0
user469,8915,4774,269,1,1,1,7,3,1.87,0
user470,156,2813,62,1,0,1,7,3,0.06,0
user471,7403,1594,2,1,0,0,7,3,4.64,0
user472,1105,923,9,1,0,1,7,3,1.2,0
user473,5091,3465,190,1,1,0,7,3,1.47,0
user474,7998,2749,207,1,1,1,7,3,2.91,0
user475,5030,1666,104,0,1,0,7,3,3.02,0
user476,3458,1996,70,0,1,0,7,3,1.73,0
user477,7781,884,283,0,0,0,7,3,8.8,0
user478,6035,3508,246,0,0,0,7,3,1.72,0
user479,5305,366,46,1,0,0,7,3,14.49,0
user480,3124,692,110,0,1,0,7,3,4.51,0
user481,107,23,311,1,0,0,7,3,4.65,0
user482,8174,3348,152,1,1,0,7,3,2.44,0
user483,8567,622,152,0,0,0,7,3,13.77,0
user484,4985,199,233,1,1,0,7,3,25.05,0
user485,6320,2258,270,0,0,1,7,3,2.8,0
user486,6218,273,25,1,1,1,7,3,22.78,0
user487,542,4671,266,1,1,1,7,3,0.12,0
user488,1407,3798,231,1,1,0,7,3,0.37,0
user489,306,3160,300,1,1,0,7,3,0.1,0
user490,6365,2925,152,0,0,1,7,3,2.18,0
user491,5697,3293,278,0,1,1,7,3,1.73,0
user492,9328,4286,308,0,1,0,7,3,2.18,0
user493,8839,1810,315,1,1,0,7,3,4.88,0
user494,8508,2293,32,1,0,0,7,3,3.71,0
user495,9506,3945,425,0,1,1,7,3,2.41,0
user496,3854,4688,449,0,0,1,7,3,0.82,0
user497,9026,4918,219,0,0,1,7,3,1.84,0
user498,4960,2066,139,0,0,1,7,3,2.4,0
user499,5258,761,126,0,0,1,7,3,6.91,0
user500,9033,1428,45,1,1,1,7,3,6.33,0
user501,5351,271,132,1,1,0,7,3,19.75,0
user502,9902,2003,133,0,0,0,7,3,4.94,0
user503,258,1000,45,0,1,0,7,3,0.26,0
user504,5455,467,34,0,0,0,7,3,11.68,0
user505,7084,3980,299,1,0,1,7,3,1.78,0
user506,7073,1547,444,0,0,1,7,3,4.57,0
user507,281,2132,493,1,0,1,7,3,0.13,0
user508,5637,900,212,0,1,1,7,3,6.26,0
user509,6911,1589,329,1,0,0,7,3,4.35,0
user510,9921,4670,470,0,0,1,7,3,2.12,0
user511,6723,4182,138,0,0,1,7,3,1.61,0
user512,8126,554,292,1,1,1,7,3,14.67,0
user513,7596,3072,309,1,1,1,7,3,2.47,0
user514,5343,4495,100,1,1,0,7,3,1.19,0
user515,3083,4199,129,0,1,1,7,3,0.73,0
user516,4380,4312,74,0,1,0,7,3,1.02,0
user517,8294,159,405,0,0,1,7,3,52.16,0
user518,8502,3438,225,0,1,1,7,3,2.47,0
user519,9964,1241,373,0,0,0,7,3,8.03,0
user520,8235,2703,274,1,0,0,7,3,3.05,0
user521,2042,2893,263,0,0,1,7,3,0.71,0
user522,1824,4059,327,1,1,0,7,3,0.45,0
user523,8406,2822,489,0,0,0,7,3,2.98,0
user524,5979,3462,262,0,1,0,7,3,1.73,0
user525,80,3392,380,0,1,1,7,3,0.02,0
user526,314,397,403,0,0,1,7,3,0.79,0
user527,7082,2751,270,1,0,0,7,3,2.57,0
user528,6897,3530,77,1,1,0,7,3,1.95,0
user529,904,3840,360,1,0,0,7,3,0.24,0
user530,8416,1918,153,1,0,0,7,3,4.39,0
user531,3392,833,167,0,1,1,7,3,4.07,0
user532,8290,3653,419,1,0,0,7,3,2.27,0
user533,348,3845,219,0,1,1,7,3,0.09,0
user534,8814,4242,97,0,1,0,7,3,2.08,0
user535,5055,3055,330,1,0,1,7,3,1.65,0
user536,9952,3079,330,0,0,0,7,3,3.23,0
user537,2100,100,129,1,1,0,7,3,21.0,0
user538,4660,4867,68,0,1,1,7,3,0.96,0
user539,304,1931,452,1,1,0,7,3,0.16,0
user540,3924,1387,486,1,1,0,7,3,2.83,0
user541,7612,2336,67,1,1,0,7,3,3.26,0
user542,6720,3002,44,1,0,0,7,3,2.24,0
user543,7638,4844,448,0,0,0,7,3,1.58,0
user544,5007,1091,67,1,0,1,7,3,4.59,0
user545,3213,3659,359,1,1,1,7,3,0.88,0
user546,8835,1936,211,0,0,0,7,3,4.56,0
user547,3033,4014,31,0,1,0,7,3,0.76,0
user548,1798,2507,34,0,0,1,7,3,0.72,0
user549,4703,4652,68,1,0,1,7,3,1.01,0
user550,354,2137,236,1,1,1,7,3,0.17,0
user551,4658,3196,401,0,0,0,7,3,1.46,0
user552,5983,2468,337,1,0,1,7,3,2.42,0
user553,2077,1186,321,1,0,1,7,3,1.75,0
user554,3597,3694,188,0,1,1,7,3,0.97,0
user555,6905,1584,243,0,1,1,7,3,4.36,0
user556,1395,489,391,0,1,0,7,3,2.85,0
user557,9189,1004,47,0,0,1,7,3,9.15,0
user558,6651,507,155,1,0,0,7,3,13.12,0
user559,8766,3845,144,1,1,1,7,3,2.28,0
user560,4751,693,32,0,0,1,7,3,6.86,0
user561,3672,2966,153,1,0,0,7,3,1.24,0
user562,9746,1876,62,1,1,1,7,3,5.2,0
user563,3716,1635,60,0,1,1,7,3,2.27,0
user564,3722,2031,443,1,1,0,7,3,1.83,0
user565,3778,4195,325,0,0,0,7,3,0.9,0
user566,7025,1872,25,0,1,0,7,3,3.75,0
user567,9057,1301,171,0,0,0,7,3,6.96,0
user568,3294,1292,57,0,1,0,7,3,2.55,0
user569,8622,3583,94,0,1,0,7,3,2.41,0
user570,9663,4,163,1,1,1,7,3,2415.75,0
user571,8284,1844,369,1,1,0,7,3,4.49,0
user572,2805,1664,346,1,1,0,7,3,1.69,0
user573,9832,3751,350,0,1,0,7,3,2.62,0
user574,3427,2923,66,1,0,0,7,3,1.17,0
user575,6727,2930,35,1,0,1,7,3,2.3,0
user576,8312,4620,259,1,0,0,7,3,1.8,0
user577,6719,3624,475,0,0,1,7,3,1.85,0
user578,1554,2060,65,1,0,0,7,3,0.75,0
user579,6384,2274,389,0,0,0,7,3,2.81,0
user580,9556,411,133,0,0,0,7,3,23.25,0
user581,9506,475,499,1,0,1,7,3,20.01,0
user582,7289,3039,424,0,0,1,7,3,2.4,0
user583,6183,492,449,1,0,1,7,3,12.57,0
user584,9104,2073,28,0,0,1,7,3,4.39,0
user585,9026,1352,100,1,1,1,7,3,6.68,0
user586,5505,78,369,0,0,0,7,3,70.58,0
user587,3258,3011,362,0,0,0,7,3,1.08,0
user588,4480,4440,123,1,0,0,7,3,1.01,0
user589,4499,2760,429,0,1,0,7,3,1.63,0
user590,536,1139,487,0,1,1,7,3,0.47,0
user591,4371,2622,345,0,0,1,7,3,1.67,0
user592,2966,3734,342,0,1,0,7,3,0.79,0
user593,4753,3483,19,0,1,0,7,3,1.36,0
user594,8348,4063,142,0,1,1,7,3,2.05,0
user595,5920,562,265,1,1,0,7,3,10.53,0
user596,7147,2916,438,1,1,1,7,3,2.45,0
user597,3471,1657,30,0,1,1,7,3,2.09,0
user598,9032,848,480,0,1,0,7,3,10.65,0
user599,6236,2844,54,0,0,1,7,3,2.19,0
user600,2833,1933,377,0,0,1,7,3,1.47,0
user601,8147,3696,170,1,1,1,7,3,2.2,0
user602,6390,4584,58,0,0,0,7,3,1.39,0
user603,4391,4943,483,0,0,0,7,3,0.89,0
user604,795,838,469,0,1,1,7,3,0.95,0
user605,3966,3017,243,0,0,1,7,3,1.31,0
user606,2073,4760,200,0,1,1,7,3,0.44,0
user607,2932,918,405,1,0,0,7,3,3.19,0
user608,409,1483,120,0,0,1,7,3,0.28,0
user609,4172,1072,284,0,1,0,7,3,3.89,0
user610,5810,4967,443,0,0,1,7,3,1.17,0
user611,2025,4822,139,1,1,1,7,3,0.42,0
user612,9720,4413,181,1,0,0,7,3,2.2,0
user613,2338,1550,381,1,1,1,7,3,1.51,0
user614,5896,4233,371,0,1,1,7,3,1.39,0
user615,5431,4142,408,0,1,0,7,3,1.31,0
user616,7499,4476,42,1,0,0,7,3,1.68,0
user617,9573,3985,414,1,1,1,7,3,2.4,0
user618,8860,2799,206,1,0,1,7,3,3.17,0
user619,4197,4764,362,1,0,1,7,3,0.88,0
user620,3092,4599,146,1,0,1,7,3,0.67,0
user621,7005,111,337,0,1,0,7,3,63.11,0
user622,9147,872,119,1,0,1,7,3,10.49,0
user623,1193,1741,479,1,0,1,7,3,0.69,0
user624,5002,1423,79,0,1,0,7,3,3.52,0
user625,2005,4524,7,0,1,1,7,3,0.44,0
user626,1252,2790,44,0,0,1,7,3,0.45,0
user627,6636,2495,151,1,1,0,7,3,2.66,0
user628,8015,1067,140,1,1,0,7,3,7.51,0
user629,6954,3897,256,0,1,0,7,3,1.78,0
user630,6384,2501,467,1,1,1,7,3,2.55,0
user631,2589,1252,182,0,1,0,7,3,2.07,0
user632,4215,3906,355,0,1,1,7,3,1.08,0
user633,1324,4094,273,0,0,1,7,3,0.32,0
user634,6603,4163,368,0,0,1,7,3,1.59,0
user635,4303,442,60,1,0,1,7,3,9.74,0
user636,2611,3640,293,0,1,0,7,3,0.72,0
user637,1797,3755,370,0,1,0,7,3,0.48,0
user638,2016,1810,19,0,1,0,7,3,1.11,0
user639,1594,1701,366,1,0,1,7,3,0.94,0
user640,5946,1993,290,1,0,0,7,3,2.98,0
user641,594,3612,37,1,0,1,7,3,0.16,0
user642,8622,2616,165,1,0,1,7,3,3.3,0
user643,3289,4887,171,0,1,0,7,3,0.67,0
user644,7884,2507,207,1,1,0,7,3,3.14,0
user645,5520,67,285,0,1,1,7,3,82.39,0
user646,1363,980,320,0,1,1,7,3,1.39,0
user647,6899,1633,473,1,1,1,7,3,4.22,0
user648,4774,1717,133,0,1,1,7,3,2.78,0
user649,637,744,401,0,1,0,7,3,0.86,0
user650,1033,1880,198,0,1,1,7,3,0.55,0
user651,7096,2290,215,1,1,1,7,3,3.1,0
user652,6911,4814,90,1,0,0,7,3,1.44,0
user653,8143,3179,235,0,1,1,7,3,2.56,0
user654,7960,12,381,0,1,1,7,3,663.33,0
user655,4154,3405,44,1,0,0,7,3,1.22,0
user656,6938,4659,498,0,0,1,7,3,1.49,0
user657,8732,2189,174,0,1,1,7,3,3.99,0
user658,306,3669,199,1,0,0,7,3,0.08,0
user659,9836,3555,300,1,0,1,7,3,2.77,0
user660,9035,4501,350,1,1,0,7,3,2.01,0
user661,8684,3066,104,1,0,0,7,3,2.83,0
user662,9157,2421,282,1,0,0,7,3,3.78,0
user663,8733,4597,472,0,0,0,7,3,1.9,0
user664,4459,637,445,1,1,1,7,3,7.0,0
user665,9272,788,459,0,0,1,7,3,11.77,0
user666,7192,2940,256,1,1,0,7,3,2.45,0
user667,6515,137,20,0,1,1,7,3,47.55,0
user668,4473,4872,342,0,1,1,7,3,0.92,0
user669,4604,2077,88,1,0,1,7,3,2.22,0
user670,7909,3127,293,0,0,0,7,3,2.53,0
user671,9248,798,302,1,0,1,7,3,11.59,0
user672,4858,3627,70,0,0,0,7,3,1.34,0
user673,6080,4706,60,1,0,1,7,3,1.29,0
user674,4390,3294,94,1,0,1,7,3,1.33,0
user675,4118,4090,350,1,0,1,7,3,1.01,0
user676,9266,575,295,1,1,0,7,3,16.11,0
user677,1213,760,39,0,1,0,7,3,1.6,0
user678,3594,4544,41,0,0,1,7,3,0.79,0
user679,6916,250,164,0,0,0,7,3,27.66,0
user680,6899,3927,301,0,0,1,7,3,1.76,0
user681,8411,148,406,1,1,0,7,3,56.83,0
user682,7931,2993,234,0,0,0,7,3,2.65,0
user683,2746,3637,418,0,1,0,7,3,0.76,0
user684,3821,1410,356,1,1,0,7,3,2.71,0
user685,5720,2340,340,1,0,0,7,3,2.44,0
user686,214,4999,330,1,1,0,7,3,0.04,0
user687,5783,1664,60,1,1,1,7,3,3.48,0
user688,4634,2869,133,0,1,0,7,3,1.62,0
user689,4610,763,233,1,1,0,7,3,6.04,0
user690,3465,2777,110,0,1,1,7,3,1.25,0
user691,5139,659,11,0,0,1,7,3,7.8,0
user692,4585,655,144,1,1,1,7,3,7.0,0
user693,3156,1536,242,1,0,0,7,3,2.05,0
user694,2113,2152,44,0,0,1,7,3,0.98,0
user695,5714,1492,308,1,0,1,7,3,3.83,0
user696,2479,4881,243,1,0,1,7,3,0.51,0
user697,7591,22,489,0,1,0,7,3,345.05,0
user698,7669,1116,96,1,1,0,7,3,6.87,0
user699,4591,292,284,1,0,0,7,3,15.72,0
user700,5696,1391,311,1,0,1,7,3,4.09,0
user701,1087,294,256,1,1,0,7,3,3.7,0
user702,6954,4655,103,0,0,1,7,3,1.49,0
user703,2406,1444,415,1,1,1,7,3,1.67,0
user704,2184,3258,105,1,1,0,7,3,0.67,0
user705,4612,4219,77,1,1,1,7,3,1.09,0
user706,2668,2188,350,1,0,0,7,3,1.22,0
user707,2304,3000,447,1,0,1,7,3,0.77,0
user708,4535,23,281,0,0,0,7,3,197.17,0
user709,1792,1766,377,1,1,0,7,3,1.01,0
user710,1907,3676,54,1,0,0,7,3,0.52,0
user711,195,1549,224,0,1,1,7,3,0.13,0
user712,5914,3767,321,0,0,0,7,3,1.57,0
user713,1721,1897,22,1,1,1,7,3,0.91,0
user714,4654,3402,348,0,0,0,7,3,1.37,0
user715,5318,550,417,1,1,1,7,3,9.67,0
user716,2141,2649,381,1,0,1,7,3,0.81,0
user717,653,3718,185,0,1,1,7,3,0.18,0
user718,83,2390,401,0,1,1,7,3,0.03,0
user719,3567,31,136,0,1,0,7,3,115.06,0
user720,7022,52,83,1,1,1,7,3,135.04,0
user721,4975,4418,197,0,0,1,7,3,1.13,0
user722,4851,4748,230,0,1,0,7,3,1.02,0
user723,9547,1903,9,1,1,0,7,3,5.02,0
user724,5101,2709,257,0,0,1,7,3,1.88,0
user725,7012,4073,116,1,1,1,7,3,1.72,0
user726,4894,4590,434,0,1,1,7,3,1.07,0
user727,3829,3155,436,0,1,1,7,3,1.21,0
user728,2445,4834,316,0,0,0,7,3,0.51,0
user729,7193,1873,182,1,0,1,7,3,3.84,0
user730,8384,3156,108,1,0,1,7,3,2.66,0
user731,8252,903,395,1,0,1,7,3,9.14,0
user732,631,1747,28,1,1,0,7,3,0.36,0
user733,7602,2656,351,1,0,0,7,3,2.86,0
user734,872,1806,314,1,1,1,7,3,0.48,0
user735,8111,4102,219,1,1,0,7,3,1.98,0
user736,6220,1041,490,1,0,1,7,3,5.98,0
user737,5987,3560,344,1,1,0,7,3,1.68,0
user738,5919,1138,46,1,1,0,7,3,5.2,0
user739,5146,2486,255,1,0,1,7,3,2.07,0
user740,4969,3851,97,1,1,0,7,3,1.29,0
user741,8464,467,371,1,1,0,7,3,18.12,0
user742,5445,2245,398,1,0,1,7,3,2.43,0
user743,8709,1046,34,0,0,0,7,3,8.33,0
user744,7553,2101,413,1,0,1,7,3,3.59,0
user745,5190,471,388,0,0,0,7,3,11.02,0
user746,8509,710,51,1,0,1,7,3,11.98,0
user747,1983,4839,347,1,0,0,7,3,0.41,0
user748,5782,4649,439,1,1,0,7,3,1.24,0
user749,1210,4996,321,0,1,0,7,3,0.24,0
user750,983,3004,12,1,0,0,7,3,0.33,0
user751,3908,4973,362,1,1,0,7,3,0.79,0
user752,9136,1509,474,0,1,0,7,3,6.05,0
user753,4556,1958,111,0,0,0,7,3,2.33,0
user754,6773,3048,294,0,1,0,7,3,2.22,0
user755,8131,1451,462,0,1,0,7,3,5.6,0
user756,1693,3919,339,1,0,1,7,3,0.43,0
user757,2278,427,125,0,1,0,7,3,5.33,0
user758,1619,4471,373,0,1,1,7,3,0.36,0
user759,3402,2233,440,1,0,0,7,3,1.52,0
user760,5056,4275,78,1,1,0,7,3,1.18,0
user761,558,3112,183,0,0,1,7,3,0.18,0
user762,992,1193,351,0,0,1,7,3,0.83,0
user763,112,555,78,0,1,1,7,3,0.2,0
user764,5464,3469,378,1,0,0,7,3,1.58,0
user765,8817,4543,94,0,1,1,7,3,1.94,0
user766,5007,1794,306,1,0,1,7,3,2.79,0
user767,690,2079,57,0,0,0,7,3,0.33,0
user768,3740,237,142,1,1,1,7,3,15.78,0
user769,3919,1280,200,1,0,0,7,3,3.06,0
user770,8400,3280,400,1,0,1,7,3,2.56,0
user771,3049,1926,161,1,0,1,7,3,1.58,0
user772,5999,3400,357,0,0,0,7,3,1.76,0
user773,1248,1932,84,0,0,1,7,3,0.65,0
user774,3354,3245,78,1,0,1,7,3,1.03,0
user775,2305,3570,453,0,0,1,7,3,0.65,0
user776,4067,1168,147,0,1,0,7,3,3.48,0
user777,8407,2787,2,1,0,1,7,3,3.02,0
user778,854,563,400,0,0,0,7,3,1.52,0
user779,5478,1977,418,0,0,0,7,3,2.77,0
user780,1384,738,385,1,1,1,7,3,1.88,0
user781,8580,2458,206,1,0,0,7,3,3.49,0
user782,4177,4515,471,1,0,1,7,3,0.93,0
user783,8488,3006,91,1,1,1,7,3,2.82,0
user784,3160,3812,280,1,0,1,7,3,0.83,0
user785,4450,877,72,0,0,1,7,3,5.07,0
user786,4159,2295,105,1,1,1,7,3,1.81,0
user787,312,754,400,0,1,0,7,3,0.41,0
user788,8124,4808,243,0,0,0,7,3,1.69,0
user789,6604,517,15,0,1,1,7,3,12.77,0
user790,5709,777,476,0,1,1,7,3,7.35,0
user791,4952,2100,87,0,0,0,7,3,2.36,0
user792,6849,4433,476,0,0,1,7,3,1.55,0
user793,2645,2985,399,1,0,1,7,3,0.89,0
user794,1721,1897,69,0,1,1,7,3,0.91,0
user795,3105,3607,64,0,1,1,7,3,0.86,0
user796,7463,715,421,1,1,1,7,3,10.44,0
user797,9547,423,408,0,1,0,7,3,22.57,0
user798,1401,3476,5,0,0,0,7,3,0.4,1
user799,5311,3346,298,0,0,1,7,3,1.59,0
user800,188,1133,437,0,0,1,7,3,0.17,0
user801,3179,352,251,0,1,0,7,3,9.03,0
user802,1249,4382,467,1,1,1,7,3,0.29,0
user803,1331,1468,1,1,1,0,7,3,0.91,0
user804,2281,2330,335,1,1,1,7,3,0.98,0
user805,9111,1364,308,0,0,0,7,3,6.68,0
user806,8718,3356,109,1,1,0,7,3,2.6,0
user807,8893,1920,483,0,0,0,7,3,4.63,0
user808,491,3614,119,1,1,1,7,3,0.14,0
user809,4671,658,131,0,1,1,7,3,7.1,0
user810,8945,2757,212,0,0,1,7,3,3.24,0
user811,2899,3735,134,1,1,0,7,3,0.78,0
user812,1281,221,148,1,1,0,7,3,5.8,0
user813,7841,1681,476,0,1,0,7,3,4.66,0
user814,6804,4251,151,1,0,0,7,3,1.6,0
user815,6774,3785,357,0,1,0,7,3,1.79,0
user816,5726,399,354,1,1,0,7,3,14.35,0
user817,6788,91,187,1,1,1,7,3,74.59,0
user818,4644,992,61,1,1,1,7,3,4.68,0
user819,452,4827,387,0,1,0,7,3,0.09,0
user820,6689,2117,270,0,0,1,7,3,3.16,0
user821,6029,4065,107,0,0,0,7,3,1.48,0
user822,6967,1072,321,0,0,1,7,3,6.5,0
user823,3738,3709,167,1,0,1,7,3,1.01,0
user824,2024,1633,63,1,1,0,7,3,1.24,0
user825,6144,4158,305,1,1,1,7,3,1.48,0
user826,510,2957,474,0,0,1,7,3,0.17,0
user827,8693,1065,441,1,1,1,7,3,8.16,0
user828,3623,1043,135,0,1,0,7,3,3.47,0
user829,404,882,252,1,1,1,7,3,0.46,0
user830,7333,2168,441,0,1,1,7,3,3.38,0
user831,2163,518,462,1,0,0,7,3,4.18,0
user832,2876,2873,292,1,1,1,7,3,1.0,0
user833,9655,4264,453,1,0,0,7,3,2.26,0
user834,5940,2675,386,0,1,1,7,3,2.22,0
user835,6078,2133,21,0,1,1,7,3,2.85,0
user836,5396,2816,54,1,1,0,7,3,1.92,0
user837,8591,3186,32,0,0,0,7,3,2.7,0
user838,8250,3005,474,1,0,1,7,3,2.75,0
user839,8205,4606,373,0,0,1,7,3,1.78,0
user840,4239,2411,429,0,0,1,7,3,1.76,0
user841,7771,3188,426,0,0,1,7,3,2.44,0
user842,5777,4671,447,1,0,0,7,3,1.24,0
user843,5192,764,319,0,1,1,7,3,6.8,0
user844,2468,4149,438,1,1,1,7,3,0.59,0
user845,7858,703,125,1,0,1,7,3,11.18,0
user846,2313,4070,438,0,0,1,7,3,0.57,0
user847,380,4068,163,0,1,1,7,3,0.09,0
user848,2836,1320,5,0,0,0,7,3,2.15,1
user849,3110,3836,480,1,0,0,7,3,0.81,0
user850,4971,3779,323,0,0,1,7,3,1.32,0
user851,4781,2996,337,0,0,1,7,3,1.6,0
user852,3482,869,57,0,0,0,7,3,4.01,0
user853,1390,4066,309,0,1,1,7,3,0.34,0
user854,9654,1469,397,1,1,1,7,3,6.57,0
user855,6932,1590,155,0,0,1,7,3,4.36,0
user856,8638,4662,421,1,1,0,7,3,1.85,0
user857,4462,1347,387,0,1,1,7,3,3.31,0
user858,410,2411,68,1,1,1,7,3,0.17,0
user859,6599,1198,244,0,0,1,7,3,5.51,0
user860,7373,3090,253,1,0,0,7,3,2.39,0
user861,2122,4717,161,0,0,0,7,3,0.45,0
user862,103,3709,265,1,1,0,7,3,0.03,0
user863,4338,3991,194,0,1,0,7,3,1.09,0
user864,4901,1109,357,0,0,1,7,3,4.42,0
user865,1247,1690,28,0,1,1,7,3,0.74,0
user866,8305,2256,326,1,0,0,7,3,3.68,0
user867,4963,3487,282,1,0,1,7,3,1.42,0
user868,1461,3589,48,0,0,0,7,3,0.41,0
user869,3519,4631,306,0,0,0,7,3,0.76,0
user870,6757,263,257,0,1,1,7,3,25.69,0
user871,2087,2221,151,1,1,1,7,3,0.94,0
user872,7829,659,334,1,0,0,7,3,11.88,0
user873,2536,2886,233,1,1,1,7,3,0.88,0
user874,8881,2387,368,1,0,0,7,3,3.72,0
user875,687,2671,60,0,0,0,7,3,0.26,0
user876,3871,1192,101,0,0,0,7,3,3.25,0
user877,4631,1478,200,1,0,0,7,3,3.13,0
user878,1605,3877,415,1,0,1,7,3,0.41,0
user879,3825,1617,128,1,1,0,7,3,2.37,0
user880,5665,1968,140,0,1,1,7,3,2.88,0
user881,79,1031,40,1,1,1,7,3,0.08,0
user882,4740,3494,360,1,1,0,7,3,1.36,0
user883,2321,1237,284,0,0,1,7,3,1.88,0
user884,5401,311,87,0,1,1,7,3,17.37,0
user885,8790,1180,131,1,1,0,7,3,7.45,0
user886,2259,2063,219,1,1,0,7,3,1.1,0
user887,4034,1876,447,0,0,1,7,3,2.15,0
user888,738,3504,350,1,1,1,7,3,0.21,0
user889,2325,2042,159,1,1,0,7,3,1.14,0
user890,8907,2109,172,1,0,1,7,3,4.22,0
user891,8013,2852,6,1,0,1,7,3,2.81,0
user892,7271,2047,237,1,1,1,7,3,3.55,0
user893,3325,558,453,1,1,1,7,3,5.96,0
user894,3218,2155,461,1,1,0,7,3,1.49,0
user895,4457,3522,374,1,0,0,7,3,1.27,0
user896,7603,1843,343,1,0,0,7,3,4.13,0
user897,204,3742,478,1,1,1,7,3,0.05,0
user898,9805,984,395,0,1,1,7,3,9.96,0
user899,9196,4375,392,0,1,0,7,3,2.1,0
user900,1504,309,383,0,0,1,7,3,4.87,0
user901,6799,1681,263,1,1,0,7,3,4.04,0
user902,4271,2048,437,1,0,1,7,3,2.09,0
user903,6620,2162,480,1,1,1,7,3,3.06,0
user904,417,3546,249,1,0,0,7,3,0.12,0
user905,4153,4859,49,1,1,1,7,3,0.85,0
user906,6040,3825,95,1,1,0,7,3,1.58,0
user907,4083,2555,240,1,0,1,7,3,1.6,0
user908,8360,4784,140,0,0,0,7,3,1.75,0
user909,9643,1163,255,1,1,0,7,3,8.29,0
user910,214,1750,277,0,1,0,7,3,0.12,0
user911,9088,1352,343,0,1,0,7,3,6.72,0
user912,1221,490,132,1,1,0,7,3,2.49,0
user913,9736,4632,97,1,1,0,7,3,2.1,0
user914,3454,2612,307,1,1,0,7,3,1.32,0
user915,713,3706,292,1,1,1,7,3,0.19,0
user916,3791,4698,170,1,1,0,7,3,0.81,0
user917,1152,3388,60,1,1,1,7,3,0.34,0
user918,2798,1455,287,0,1,0,7,3,1.92,0
user919,5696,973,152,0,1,0,7,3,5.85,0
user920,7161,283,3,1,1,1,7,3,25.3,0
user921,5640,4467,375,0,0,0,7,3,1.26,0
user922,2741,3063,449,0,0,0,7,3,0.89,0
user923,1737,3623,477,0,0,0,7,3,0.48,0
user924,5909,2287,454,1,1,1,7,3,2.58,0
user925,1547,727,144,1,0,1,7,3,2.13,0
user926,5647,4174,314,1,0,1,7,3,1.35,0
user927,3569,3275,303,1,1,1,7,3,1.09,0
user928,5602,1176,141,0,1,0,7,3,4.76,0
user929,1448,3894,181,0,0,1,7,3,0.37,0
user930,4325,4984,114,0,0,0,7,3,0.87,0
user931,8522,2643,211,0,1,1,7,3,3.22,0
user932,1816,4828,93,1,0,0,7,3,0.38,0
user933,9283,3774,201,0,1,1,7,3,2.46,0
user934,5183,1645,7,1,1,1,7,3,3.15,0
user935,452,4183,474,1,0,0,7,3,0.11,0
user936,4435,1361,334,1,1,1,7,3,3.26,0
user937,9764,962,451,1,0,0,7,3,10.15,0
user938,6011,3173,496,1,1,1,7,3,1.89,0
user939,9122,1006,105,1,0,1,7,3,9.07,0
user940,2250,1354,424,0,0,0,7,3,1.66,0
user941,1098,4322,268,0,0,1,7,3,0.25,0
user942,8748,3236,448,1,1,1,7,3,2.7,0
user943,206,4194,262,1,0,0,7,3,0.05,0
user944,3506,2719,54,0,0,1,7,3,1.29,0
user945,7816,3262,51,0,0,0,7,3,2.4,0
user946,7471,4769,261,0,0,1,7,3,1.57,0
user947,5862,4088,243,0,0,1,7,3,1.43,0
user948,3480,2844,4,1,0,1,7,3,1.22,0
user949,1753,3526,390,1,0,1,7,3,0.5,0
user950,7236,3787,169,1,1,0,7,3,1.91,0
user951,2418,2085,460,1,1,0,7,3,1.16,0
user952,479,321,492,1,1,0,7,3,1.49,0
user953,8498,4862,456,1,1,0,7,3,1.75,0
user954,1137,2234,62,1,1,0,7,3,0.51,0
user955,3194,2969,459,1,0,1,7,3,1.08,0
user956,6895,1462,79,0,0,1,7,3,4.72,0
user957,285,4548,447,1,1,1,7,3,0.06,0
user958,5428,2473,429,1,1,0,7,3,2.19,0
user959,7189,1697,432,1,1,0,7,3,4.24,0
user960,367,3772,301,1,1,0,7,3,0.1,0
user961,4450,1277,288,1,1,0,7,3,3.48,0
user962,8950,1540,304,1,0,0,7,3,5.81,0
user963,5867,3803,282,0,1,1,7,3,1.54,0
user964,6537,29,371,0,0,0,7,3,225.41,0
user965,6383,898,412,0,1,1,7,3,7.11,0
user966,3714,2399,85,1,0,1,7,3,1.55,0
user967,4603,4050,133,0,0,0,7,3,1.14,0
user968,545,3483,182,1,0,1,7,3,0.16,0
user969,9514,4196,316,0,0,0,7,3,2.27,0
user970,7093,2778,363,1,1,1,7,3,2.55,0
user971,1173,1532,237,1,0,0,7,3,0.77,0
user972,3277,2674,7,1,0,0,7,3,1.23,0
user973,8644,4304,446,0,1,1,7,3,2.01,0
user974,3977,4835,60,0,1,1,7,3,0.82,0
user975,8922,2945,116,0,0,1,7,3,3.03,0
user976,6378,4243,452,0,1,0,7,3,1.5,0
user977,6826,4629,161,0,1,1,7,3,1.47,0
user978,1142,1882,144,1,1,1,7,3,0.61,0
user979,669,1165,134,0,0,1,7,3,0.57,0
user980,3475,291,410,1,1,1,7,3,11.94,0
user981,3244,555,182,0,0,1,7,3,5.85,0
user982,8250,1413,472,0,0,1,7,3,5.84,0
user983,7129,1488,249,1,1,0,7,3,4.79,0
user984,9265,4640,17,1,0,1,7,3,2.0,0
user985,1230,3938,183,0,1,1,7,3,0.31,0
user986,7727,1215,99,1,1,0,7,3,6.36,0
user987,2228,2643,434,0,0,1,7,3,0.84,0
user988,526,2183,381,0,1,0,7,3,0.24,0
user989,354,1229,92,0,0,0,7,3,0.29,0
user990,1432,4012,55,1,0,0,7,3,0.36,0
user991,8049,4157,233,0,1,0,7,3,1.94,0
user992,8926,2436,424,1,1,1,7,3,3.66,0
user993,4405,4624,359,0,0,0,7,3,0.95,0
user994,8091,2514,435,1,0,0,7,3,3.22,0
user995,2784,2194,175,0,0,0,7,3,1.27,0
user996,2597,1699,219,1,0,1,7,3,1.53,0
user997,614,4888,104,0,0,0,7,3,0.13,0
user998,4912,572,474,1,0,0,7,3,8.59,0
user999,4768,4064,285,0,1,1,7,3,1.17,0
user1000,5149,1581,497,1,1,1,8,4,3.26,0
user1001,4500,4,231,0,0,0,8,4,1125.0,0
user1002,5241,3510,229,1,1,1,8,4,1.49,0
user1003,6255,2788,74,0,1,1,8,4,2.24,0
user1004,278,4770,377,0,0,1,8,4,0.06,0
user1005,4274,991,284,0,0,0,8,4,4.31,0
user1006,3928,4349,323,1,1,0,8,4,0.9,0
user1007,1823,2949,425,1,1,0,8,4,0.62,0
user1008,1127,4854,147,0,0,0,8,4,0.23,0
user1009,5517,541,137,1,1,1,8,4,10.2,0
user1010,5675,76,133,0,1,1,8,4,74.67,0
user1011,1683,642,394,0,0,1,8,4,2.62,0
user1012,7099,4824,81,1,0,0,8,4,1.47,0
user1013,5879,155,124,0,1,1,8,4,37.93,0
user1014,8289,3367,420,0,1,0,8,4,2.46,0
user1015,1063,2647,84,1,1,0,8,4,0.4,0
user1016,3313,1544,478,0,0,0,8,4,2.15,0
user1017,7039,1780,482,1,0,0,8,4,3.95,0
user1018,2196,4464,134,0,1,1,8,4,0.49,0
user1019,8108,1614,308,1,1,0,8,4,5.02,0
user1020,5091,3082,380,0,0,1,8,4,1.65,0
user1021,2634,2493,412,0,0,1,8,4,1.06,0
user1022,1400,2077,424,0,1,1,8,4,0.67,0
user1023,7334,2108,179,0,0,0,8,4,3.48,0
user1024,5869,1278,428,0,0,1,8,4,4.59,0
user1025,6450,2898,477,1,0,1,8,4,2.23,0
user1026,7929,152,283,0,1,0,8,4,52.16,0
user1027,2165,201,295,1,0,1,8,4,10.77,0
user1028,4887,906,237,0,0,1,8,4,5.39,0
user1029,7401,2453,478,0,1,0,8,4,3.02,0
user1030,5513,1064,310,0,1,0,8,4,5.18,0
user1031,6390,1558,445,0,0,0,8,4,4.1,0
user1032,1697,2790,424,1,1,1,8,4,0.61,0
user1033,2751,2321,183,0,1,0,8,4,1.19,0
user1034,6156,2587,298,1,1,0,8,4,2.38,0
user1035,8061,2249,11,1,0,1,8,4,3.58,0
user1036,8166,4147,99,0,1,0,8,4,1.97,0
user1037,8358,3757,394,1,0,0,8,4,2.22,0
user1038,6850,2679,222,0,1,1,8,4,2.56,0
user1039,587,1385,488,0,1,0,8,4,0.42,0
user1040,1911,4313,347,0,0,1,8,4,0.44,0
user1041,3012,1750,478,0,1,1,8,4,1.72,0
user1042,5698,1924,394,1,1,0,8,4,2.96,0
user1043,9583,3980,493,1,0,1,8,4,2.41,0
user1044,1667,4872,47,1,0,1,8,4,0.34,0
user1045,3727,4021,57,1,0,0,8,4,0.93,0
user1046,7531,4429,479,0,0,1,8,4,1.7,0
user1047,317,1610,69,1,0,0,8,4,0.2,0
user1048,1320,3896,183,1,1,1,8,4,0.34,0
user1049,7359,3509,295,0,1,1,8,4,2.1,0
user1050,8976,4918,120,0,0,1,8,4,1.83,0
user1051,7316,1521,230,1,0,1,8,4,4.81,0
user1052,533,4247,86,0,1,0,8,4,0.13,0
user1053,1916,1951,110,0,0,1,8,4,0.98,0
user1054,1039,3619,382,0,0,0,8,4,0.29,0
user1055,8926,1880,407,1,0,0,8,4,4.75,0
user1056,6030,4981,421,1,0,0,8,4,1.21,0
user1057,4649,2313,453,0,0,1,8,4,2.01,0
user1058,3182,4347,343,0,1,0,8,4,0.73,0
user1059,6474,2668,65,1,0,0,8,4,2.43,0
user1060,9113,3006,0,0,0,1,8,4,3.03,0
user1061,6487,4121,255,1,0,0,8,4,1.57,0
user1062,2605,1880,61,1,0,1,8,4,1.39,0
user1063,2389,330,18,1,1,0,8,4,7.24,0
user1064,8841,1526,138,1,0,1,8,4,5.79,0
user1065,3574,3217,118,1,1,1,8,4,1.11,0
user1066,7038,4877,81,0,0,0,8,4,1.44,0
user1067,9155,1112,339,1,1,0,8,4,8.23,0
user1068,8307,315,482,0,0,0,8,4,26.37,0
user1069,7261,2517,16,1,0,1,8,4,2.88,0
user1070,5669,4340,12,1,0,0,8,4,1.31,0
user1071,3520,2778,330,1,1,1,8,4,1.27,0
user1072,7725,1553,399,1,1,0,8,4,4.97,0
user1073,9702,1243,216,1,1,0,8,4,7.81,0
user1074,2941,3339,421,1,0,1,8,4,0.88,0
user1075,5254,4394,452,0,0,1,8,4,1.2,0
user1076,9013,2268,313,1,0,1,8,4,3.97,0
user1077,3310,4533,148,0,1,1,8,4,0.73,0
user1078,6206,363,236,0,0,0,8,4,17.1,0
user1079,2649,2655,161,1,1,0,8,4,1.0,0
user1080,5008,621,319,1,0,1,8,4,8.06,0
user1081,1235,65,55,1,1,1,8,4,19.0,0
user1082,4184,124,153,1,0,0,8,4,33.74,0
user1083,5639,2869,166,1,0,0,8,4,1.97,0
user1084,5350,3291,263,1,1,0,8,4,1.63,0
user1085,906,3588,334,0,1,0,8,4,0.25,0
user1086,2234,1720,161,0,1,1,8,4,1.3,0
user1087,9910,1017,352,0,1,0,8,4,9.74,0
user1088,3003,1203,285,1,1,0,8,4,2.5,0
user1089,9851,2598,489,1,0,0,8,4,3.79,0
user1090,8119,4207,202,1,0,0,8,4,1.93,0
user1091,7752,3693,488,1,0,0,8,4,2.1,0
user1092,7695,3626,452,0,1,0,8,4,2.12,0
user1093,9433,1056,23,1,1,0,8,4,8.93,0
user1094,8491,3536,313,0,1,1,8,4,2.4,0
user1095,1041,896,25,1,1,1,8,4,1.16,0
user1096,6661,2326,249,1,1,0,8,4,2.86,0
user1097,38,4017,348,1,1,0,8,4,0.01,0
user1098,9628,2872,92,1,0,0,8,4,3.35,0
user1099,895,3637,157,1,0,0,8,4,0.25,0
user1100,1515,1800,55,0,1,0,8,4,0.84,0
user1101,3590,1425,222,0,0,1,8,4,2.52,0
user1102,8192,3824,154,0,1,1,8,4,2.14,0
user1103,4108,3461,474,1,1,1,8,4,1.19,0
user1104,4717,1588,68,1,0,0,8,4,2.97,0
user1105,9987,4528,335,0,0,0,8,4,2.21,0
user1106,1248,4114,396,0,1,0,8,4,0.3,0
user1107,1402,4536,108,1,0,1,8,4,0.31,0
user1108,9689,4757,436,0,1,1,8,4,2.04,0
user1109,3798,4736,38,1,0,0,8,4,0.8,0
user1110,6796,4877,124,1,1,0,8,4,1.39,0
user1111,6550,2450,212,0,1,0,8,4,2.67,0
user1112,3404,4285,425,1,0,0,8,4,0.79,0
user1113,2849,1845,381,0,0,1,8,4,1.54,0
user1114,3578,1372,427,1,1,1,8,4,2.61,0
user1115,1570,2036,500,0,0,0,8,4,0.77,0
user1116,4250,1943,492,1,0,1,8,4,2.19,0
user1117,9377,4523,247,1,1,1,8,4,2.07,0
user1118,7605,335,118,1,0,1,8,4,22.7,0
user1119,1110,2116,52,0,1,0,8,4,0.52,0
user1120,7677,581,39,0,1,1,8,4,13.21,0
user1121,3537,2541,54,0,1,0,8,4,1.39,0
user1122,614,2252,137,0,0,1,8,4,0.27,0
user1123,7638,2070,102,1,0,1,8,4,3.69,0
user1124,424,1131,123,1,1,1,8,4,0.37,0
user1125,1693,2000,213,1,1,1,8,4,0.85,0
user1126,252,2949,20,0,0,1,8,4,0.09,0
user1127,2551,1367,241,0,0,0,8,4,1.87,0
user1128,8828,4412,404,1,1,0,8,4,2.0,0
user1129,4125,3655,332,1,1,0,8,4,1.13,0
user1130,4520,2292,408,0,1,0,8,4,1.97,0
user1131,5556,3077,192,0,1,0,8,4,1.81,0
user1132,2030,4296,79,0,0,0,8,4,0.47,0
user1133,1686,371,141,0,1,0,8,4,4.54,0
user1134,725,870,463,0,1,1,8,4,0.83,0
user1135,9391,2109,3,0,1,0,8,4,4.45,0
user1136,6,2740,132,1,0,1,8,4,0.0,0
user1137,9650,3781,15,0,1,1,8,4,2.55,0
user1138,1088,3370,450,1,0,1,8,4,0.32,0
user1139,1215,3292,39,1,0,1,8,4,0.37,0
user1140,6129,4786,24,1,0,0,8,4,1.28,0
user1141,866,1081,32,1,1,0,8,4,0.8,0
user1142,7905,446,242,0,1,0,8,4,17.72,0
user1143,9258,1612,202,0,0,0,8,4,5.74,0
user1144,3727,309,428,1,0,0,8,4,12.06,0
user1145,6033,3165,422,1,1,0,8,4,1.91,0
user1146,1244,1080,92,1,0,1,8,4,1.15,0
user1147,9964,2664,432,1,0,1,8,4,3.74,0
user1148,5349,928,353,1,0,0,8,4,5.76,0
user1149,8724,46,371,0,1,0,8,4,189.65,0
user1150,7682,1571,325,0,0,0,8,4,4.89,0
user1151,6538,3379,344,0,0,1,8,4,1.93,0
user1152,8768,4163,361,0,1,0,8,4,2.11,0
user1153,6178,1911,42,0,1,0,8,4,3.23,0
user1154,673,3895,12,1,0,0,8,4,0.17,0
user1155,5760,4445,237,0,1,1,8,4,1.3,0
user1156,2374,1800,461,0,0,0,8,4,1.32,0
user1157,6959,2694,50,1,0,0,8,4,2.58,0
user1158,4657,2360,193,0,0,0,8,4,1.97,0
user1159,8669,673,349,1,1,1,8,4,12.88,0
user1160,7728,1826,23,0,1,0,8,4,4.23,0
user1161,8419,1523,384,1,0,1,8,4,5.53,0
user1162,9540,1731,173,0,1,1,8,4,5.51,0
user1163,3643,4810,498,1,0,0,8,4,0.76,0
user1164,9047,2142,209,0,0,1,8,4,4.22,0
user1165,6471,3039,286,0,0,0,8,4,2.13,0
user1166,2406,3863,148,0,1,1,8,4,0.62,0
user1167,6235,1095,413,1,0,0,8,4,5.69,0
user1168,1655,2985,28,1,1,1,8,4,0.55,0
user1169,4450,1941,151,0,1,0,8,4,2.29,0
user1170,2762,3725,144,0,1,1,8,4,0.74,0
user1171,5853,3224,321,1,1,0,8,4,1.82,0
user1172,5319,4394,27,0,0,0,8,4,1.21,0
user1173,2933,3752,291,1,0,0,8,4,0.78,0
user1174,1248,2054,452,0,0,0,8,4,0.61,0
user1175,2299,213,261,1,1,1,8,4,10.79,0
user1176,371,1331,85,0,0,0,8,4,0.28,0
user1177,8973,4845,316,0,0,1,8,4,1.85,0
user1178,4238,634,134,1,1,0,8,4,6.68,0
user1179,4983,3824,437,1,1,1,8,4,1.3,0
user1180,7683,2065,17,0,1,1,8,4,3.72,0
user1181,1543,4178,458,0,0,1,8,4,0.37,0
user1182,1220,4102,79,1,1,1,8,4,0.3,0
user1183,7385,4927,363,1,1,1,8,4,1.5,0
user1184,1266,448,372,0,1,1,8,4,2.83,0
user1185,8782,4109,161,0,1,0,8,4,2.14,0
user1186,7377,2531,322,0,1,1,8,4,2.91,0
user1187,3140,121,91,1,1,0,8,4,25.95,0
user1188,7010,4857,139,1,1,1,8,4,1.44,0
user1189,4353,4560,8,1,0,1,8,4,0.95,0
user1190,2503,1831,29,1,0,1,8,4,1.37,0
user1191,3379,4577,161,1,0,0,8,4,0.74,0
user1192,8880,3700,15,0,1,1,8,4,2.4,0
user1193,5112,3845,423,0,1,0,8,4,1.33,0
user1194,7080,3288,146,0,0,0,8,4,2.15,0
user1195,5583,1316,243,0,0,0,8,4,4.24,0
user1196,8601,2319,129,1,0,0,8,4,3.71,0
user1197,8386,2425,140,1,0,1,8,4,3.46,0
user1198,5109,4552,74,1,1,0,8,4,1.12,0
user1199,2008,1515,392,1,1,1,8,4,1.33,0
user1200,6417,30,117,1,0,0,8,4,213.9,0
user1201,7822,2420,202,1,0,1,8,4,3.23,0
user1202,6267,2115,456,1,0,0,8,4,2.96,0
user1203,6382,2595,105,0,0,1,8,4,2.46,0
user1204,968,2502,180,1,0,0,8,4,0.39,0
user1205,4060,2526,379,1,1,1,8,4,1.61,0
user1206,2509,3467,250,0,0,0,8,4,0.72,0
user1207,8211,3152,322,0,0,1,8,4,2.61,0
user1208,8851,3604,377,0,0,0,8,4,2.46,0
user1209,7818,864,474,1,0,0,8,4,9.05,0
user1210,4096,678,160,0,1,1,8,4,6.04,0
user1211,786,616,211,1,0,0,8,4,1.28,0
user1212,6170,1312,110,0,1,1,8,4,4.7,0
user1213,2936,4577,249,0,1,1,8,4,0.64,0
user1214,5189,1593,320,0,0,0,8,4,3.26,0
user1215,6367,3546,76,0,1,0,8,4,1.8,0
user1216,6707,2729,457,0,0,0,8,4,2.46,0
user1217,7550,1232,384,0,0,0,8,4,6.13,0
user1218,526,4434,158,1,0,0,8,4,0.12,0
user1219,7955,4600,214,0,1,1,8,4,1.73,0
user1220,2249,4501,304,0,0,0,8,4,0.5,0
user1221,8671,66,461,1,1,0,8,4,131.38,0
user1222,7156,3583,483,0,1,0,8,4,2.0,0
user1223,4133,4119,391,1,0,0,8,4,1.0,0
user1224,1123,621,204,1,0,0,8,4,1.81,0
user1225,4553,276,444,0,1,1,8,4,16.5,0
user1226,8256,2900,339,1,0,0,8,4,2.85,0
user1227,2890,2235,278,1,0,1,8,4,1.29,0
user1228,3764,4091,439,1,0,1,8,4,0.92,0
user1229,4905,3209,331,0,1,0,8,4,1.53,0
user1230,9028,4635,82,1,0,0,8,4,1.95,0
user1231,7497,2639,342,0,1,1,8,4,2.84,0
user1232,4029,3813,395,1,1,1,8,4,1.06,0
user1233,9679,4143,380,0,0,1,8,4,2.34,0
user1234,3395,2345,380,0,0,0,8,4,1.45,0
user1235,2790,4961,173,0,1,1,8,4,0.56,0
user1236,1221,4130,277,1,1,0,8,4,0.3,0
user1237,623,3407,482,0,0,0,8,4,0.18,0
user1238,8327,991,323,1,0,1,8,4,8.4,0
user1239,4323,1207,457,1,1,0,8,4,3.58,0
user1240,9989,1560,1,0,1,1,8,4,6.4,0
user1241,3209,3354,302,0,1,0,8,4,0.96,0
user1242,7596,3336,22,1,1,0,8,4,2.28,0
user1243,4745,1516,433,1,0,0,8,4,3.13,0
user1244,8061,4069,126,0,0,0,8,4,1.98,0
user1245,8701,3996,464,0,0,1,8,4,2.18,0
user1246,2516,2706,266,0,1,0,8,4,0.93,0
user1247,1444,2900,405,1,1,1,8,4,0.5,0
user1248,537,933,316,0,1,1,8,4,0.58,0
user1249,5841,4838,123,1,0,0,8,4,1.21,0
user1250,4116,1635,21,0,1,1,8,4,2.52,0
user1251,2460,4165,475,1,1,1,8,4,0.59,0
user1252,2678,1679,229,1,0,0,8,4,1.59,0
user1253,5654,2417,295,0,0,1,8,4,2.34,0
user1254,1148,2408,487,1,1,1,8,4,0.48,0
user1255,6595,2438,171,1,1,1,8,4,2.71,0
user1256,2044,4051,77,0,1,1,8,4,0.5,0
user1257,951,1942,197,0,1,1,8,4,0.49,0
user1258,7670,2206,47,1,0,1,8,4,3.48,0
user1259,1054,173,248,0,1,0,8,4,6.09,0
user1260,1423,1746,218,1,0,1,8,4,0.82,0
user1261,3081,1656,240,1,0,0,8,4,1.86,0
user1262,6833,1895,344,1,0,1,8,4,3.61,0
user1263,255,1749,63,0,1,0,8,4,0.15,0
user1264,3383,3245,175,0,0,1,8,4,1.04,0
user1265,1536,1918,417,1,1,0,8,4,0.8,0
user1266,9383,501,311,0,0,1,8,4,18.73,0
user1267,8966,4809,228,0,1,1,8,4,1.86,0
user1268,5684,3445,46,0,0,0,8,4,1.65,0
user1269,9079,3223,310,1,1,0,8,4,2.82,0
user1270,5148,348,343,1,1,0,8,4,14.79,0
user1271,8624,98,354,1,0,1,8,4,88.0,0
user1272,6307,1485,352,0,0,0,8,4,4.25,0
user1273,8810,558,352,1,0,0,8,4,15.79,0
user1274,1597,4299,472,1,0,1,8,4,0.37,0
user1275,5208,667,136,0,1,0,8,4,7.81,0
user1276,3114,4654,166,0,1,0,8,4,0.67,0
user1277,877,730,131,1,0,1,8,4,1.2,0
user1278,8391,2210,86,0,1,1,8,4,3.8,0
user1279,3658,3244,109,1,0,0,8,4,1.13,0
user1280,4877,728,334,0,1,1,8,4,6.7,0
user1281,8275,4980,287,1,0,0,8,4,1.66,0
user1282,9529,676,345,1,0,1,8,4,14.1,0
user1283,4246,915,429,1,0,1,8,4,4.64,0
user1284,9649,3700,253,1,0,1,8,4,2.61,0
user1285,1447,1030,274,0,1,0,8,4,1.4,0
user1286,9043,1841,228,0,0,1,8,4,4.91,0
user1287,4381,3318,171,1,1,0,8,4,1.32,0
user1288,6845,3330,221,0,1,1,8,4,2.06,0
user1289,8262,864,140,1,0,0,8,4,9.56,0
user1290,5701,4508,164,0,1,0,8,4,1.26,0
user1291,1188,1464,229,1,1,0,8,4,0.81,0
user1292,8129,2441,327,1,0,0,8,4,3.33,0
user1293,4630,1972,114,1,0,1,8,4,2.35,0
user1294,6378,1959,135,0,0,1,8,4,3.26,0
user1295,8631,4125,122,0,1,0,8,4,2.09,0
user1296,2138,3243,326,0,0,0,8,4,0.66,0
user1297,5250,3623,423,1,1,0,8,4,1.45,0
user1298,9694,4310,468,0,0,0,8,4,2.25,0
user1299,5807,1014,40,1,1,0,8,4,5.73,0
user1300,6233,4975,345,1,0,0,8,4,1.25,0
user1301,9553,4972,477,1,0,1,8,4,1.92,0
user1302,8382,3742,479,1,0,1,8,4,2.24,0
user1303,6860,4783,244,1,1,1,8,4,1.43,0
user1304,9291,4078,147,1,0,0,8,4,2.28,0
user1305,8547,795,488,0,0,1,8,4,10.75,0
user1306,7089,4913,163,0,0,1,8,4,1.44,0
user1307,8033,2638,51,0,1,0,8,4,3.05,0
user1308,7260,1595,34,0,1,1,8,4,4.55,0
user1309,1491,3811,151,0,0,1,8,4,0.39,0
user1310,3652,662,373,0,1,1,8,4,5.52,0
user1311,4689,3008,438,0,0,1,8,4,1.56,0
user1312,756,4436,108,0,0,1,8,4,0.17,0
user1313,4949,3741,256,1,1,0,8,4,1.32,0
user1314,7056,4978,333,1,1,1,8,4,1.42,0
user1315,2656,1855,340,1,0,0,8,4,1.43,0
user1316,4899,101,81,0,1,0,8,4,48.5,0
user1317,3517,3339,275,1,0,0,8,4,1.05,0
user1318,7072,1139,147,0,0,0,8,4,6.21,0
user1319,7598,2023,316,1,0,1,8,4,3.76,0
user1320,6506,3024,146,0,0,1,8,4,2.15,0
user1321,6009,1935,175,0,0,1,8,4,3.11,0
user1322,8933,1977,48,1,1,0,8,4,4.52,0
user1323,1010,2136,232,0,0,0,8,4,0.47,0
user1324,6718,4182,389,0,0,1,8,4,1.61,0
user1325,9008,3960,108,1,1,0,8,4,2.27,0
user1326,6270,3346,319,0,0,0,8,4,1.87,0
user1327,2249,3014,374,1,0,0,8,4,0.75,0
user1328,3034,1470,479,0,0,0,8,4,2.06,0
user1329,3289,4136,416,0,0,0,8,4,0.8,0
user1330,343,4998,286,1,0,0,8,4,0.07,0
user1331,5741,1209,332,0,0,0,8,4,4.75,0
user1332,9520,4261,298,0,1,1,8,4,2.23,0
user1333,353,3689,419,0,0,1,8,4,0.1,0
user1334,8927,1258,227,0,1,1,8,4,7.1,0
user1335,6866,832,119,0,0,1,8,4,8.25,0
user1336,7197,4088,132,0,0,1,8,4,1.76,0
user1337,4736,3971,497,1,0,1,8,4,1.19,0
user1338,2806,259,295,1,1,1,8,4,10.83,0
user1339,712,2585,301,0,1,0,8,4,0.28,0
user1340,6165,1299,88,0,1,1,8,4,4.75,0
user1341,2795,3189,77,0,0,1,8,4,0.88,0
user1342,3912,4785,212,1,1,1,8,4,0.82,0
user1343,6547,4801,438,0,0,0,8,4,1.36,0
user1344,8226,672,139,1,1,0,8,4,12.24,0
user1345,8137,4706,83,0,0,0,8,4,1.73,0
user1346,662,805,248,0,1,0,8,4,0.82,0
user1347,2457,3650,31,1,1,1,8,4,0.67,0
user1348,2669,1874,459,0,1,0,8,4,1.42,0
user1349,9144,132,229,0,0,1,8,4,69.27,0
user1350,9270,1050,409,0,1,1,8,4,8.83,0
user1351,6910,2859,31,0,0,1,8,4,2.42,0
user1352,5832,3752,78,0,1,0,8,4,1.55,0
user1353,592,1096,191,0,1,1,8,4,0.54,0
user1354,2543,3922,300,0,1,0,8,4,0.65,0
user1355,3911,1689,491,1,1,0,8,4,2.32,0
user1356,2831,1948,293,0,1,0,8,4,1.45,0
user1357,7328,4627,497,0,0,1,8,4,1.58,0
user1358,4478,4853,475,0,1,0,8,4,0.92,0
user1359,7295,1138,134,0,0,0,8,4,6.41,0
user1360,609,1192,86,0,1,1,8,4,0.51,0
user1361,7002,2528,361,0,1,1,8,4,2.77,0
user1362,9679,321,307,0,0,1,8,4,30.15,0
user1363,8470,2616,363,1,1,0,8,4,3.24,0
user1364,133,1872,434,0,0,1,8,4,0.07,0
user1365,4474,4987,160,0,1,1,8,4,0.9,0
user1366,5034,3482,92,0,0,0,8,4,1.45,0
user1367,2385,1788,418,1,0,1,8,4,1.33,0
user1368,2227,3231,454,1,0,1,8,4,0.69,0
user1369,6359,2669,363,0,1,1,8,4,2.38,0
user1370,4937,1539,456,0,1,1,8,4,3.21,0
user1371,636,4089,487,0,1,0,8,4,0.16,0
user1372,8653,4912,200,1,1,1,8,4,1.76,0
user1373,5710,2261,122,1,1,1,8,4,2.53,0
user1374,2553,2011,337,1,1,1,8,4,1.27,0
user1375,9968,4602,92,0,0,0,8,4,2.17,0
user1376,4335,2016,7,0,0,0,8,4,2.15,1
user1377,1458,4399,249,0,1,0,8,4,0.33,0
user1378,6018,2010,407,0,1,0,8,4,2.99,0
user1379,5039,3671,164,0,1,1,8,4,1.37,0
user1380,9417,3821,412,1,0,1,8,4,2.46,0
user1381,3970,3995,380,0,1,1,8,4,0.99,0
user1382,8018,3163,492,1,1,1,8,4,2.53,0
user1383,7069,1331,92,0,1,0,8,4,5.31,0
user1384,4457,3265,464,0,0,1,8,4,1.37,0
user1385,7004,4587,220,1,0,1,8,4,1.53,0
user1386,1717,3887,10,0,1,0,8,4,0.44,0
user1387,4058,4480,406,1,0,0,8,4,0.91,0
user1388,6934,3451,31,1,0,0,8,4,2.01,0
user1389,7871,4521,410,1,0,1,8,4,1.74,0
user1390,31,2072,384,1,1,1,8,4,0.01,0
user1391,1236,708,130,1,1,1,8,4,1.75,0
user1392,5689,3272,15,0,1,1,8,4,1.74,0
user1393,8534,4943,117,0,0,0,8,4,1.73,0
user1394,748,766,228,0,0,1,8,4,0.98,0
user1395,2733,561,399,1,0,1,8,4,4.87,0
user1396,8208,269,264,0,0,1,8,4,30.51,0
user1397,206,1187,456,0,1,1,8,4,0.17,0
user1398,8461,2577,149,1,1,0,8,4,3.28,0
user1399,9865,4524,105,0,0,0,8,4,2.18,0
user1400,5258,498,436,1,0,1,8,4,10.56,0
user1401,8939,3685,376,0,1,0,8,4,2.43,0
user1402,6538,2572,351,0,0,0,8,4,2.54,0
user1403,2258,3279,80,0,0,0,8,4,0.69,0
user1404,8941,3586,421,0,0,1,8,4,2.49,0
user1405,7516,2927,321,1,1,1,8,4,2.57,0
user1406,571,3645,320,0,1,0,8,4,0.16,0
user1407,7776,4969,44,0,0,0,8,4,1.56,0
user1408,5788,3121,236,0,0,0,8,4,1.85,0
user1409,5441,2042,83,0,0,0,8,4,2.66,0
user1410,265,2806,358,1,0,1,8,4,0.09,0
user1411,664,4369,34,0,1,0,8,4,0.15,0
user1412,8664,663,311,0,0,0,8,4,13.07,0
user1413,1703,1538,447,1,0,1,8,4,1.11,0
user1414,131,4532,159,1,0,1,8,4,0.03,0
user1415,8358,3575,396,0,1,1,8,4,2.34,0
user1416,4141,4511,460,0,0,1,8,4,0.92,0
user1417,9871,309,141,0,1,1,8,4,31.94,0
user1418,7,753,357,0,1,1,8,4,0.01,0
user1419,8432,2003,254,0,0,0,8,4,4.21,0
user1420,7983,2656,243,1,0,0,8,4,3.01,0
user1421,7521,4427,83,1,0,1,8,4,1.7,0
user1422,5580,1707,22,1,1,0,8,4,3.27,0
user1423,2707,517,479,1,0,0,8,4,5.24,0
user1424,6412,533,35,0,1,1,8,4,12.03,0
user1425,4426,704,391,0,1,0,8,4,6.29,0
user1426,4133,2017,344,0,1,0,8,4,2.05,0
user1427,980,655,422,1,1,0,8,4,1.5,0
user1428,5399,2648,228,1,1,0,8,4,2.04,0
user1429,6849,2954,377,1,1,0,8,4,2.32,0
user1430,2071,2870,280,0,1,1,8,4,0.72,0
user1431,5940,885,239,0,1,0,8,4,6.71,0
user1432,8804,4079,57,0,1,0,8,4,2.16,0
user1433,1955,2556,340,1,0,1,8,4,0.76,0
user1434,1277,3600,326,1,1,0,8,4,0.35,0
user1435,3610,4554,500,0,0,0,8,4,0.79,0
user1436,3194,1636,160,0,0,0,8,4,1.95,0
user1437,4088,834,409,1,1,1,8,4,4.9,0
user1438,666,2789,114,0,1,1,8,4,0.24,0
user1439,9308,2816,13,0,1,0,8,4,3.31,0
user1440,5138,733,431,1,1,0,8,4,7.01,0
user1441,6890,1618,405,1,1,0,8,4,4.26,0
user1442,7715,4696,90,1,0,1,8,4,1.64,0
user1443,3477,2744,457,0,0,0,8,4,1.27,0
user1444,6279,2590,49,1,0,1,8,4,2.42,0
user1445,9141,2195,199,0,0,1,8,4,4.16,0
user1446,1826,1939,438,0,0,0,8,4,0.94,0
user1447,1873,2231,446,1,1,1,8,4,0.84,0
user1448,8342,3847,167,0,1,0,8,4,2.17,0
user1449,9517,2126,160,1,0,0,8,4,4.48,0
user1450,8081,2946,427,0,1,0,8,4,2.74,0
user1451,8903,3210,408,1,1,0,8,4,2.77,0
user1452,6982,4548,460,1,1,1,8,4,1.54,0
user1453,9970,1343,260,1,0,1,8,4,7.42,0
user1454,3827,4650,229,1,1,1,8,4,0.82,0
user1455,5226,3443,132,0,1,1,8,4,1.52,0
user1456,541,1739,263,1,0,1,8,4,0.31,0
user1457,117,4957,178,0,0,0,8,4,0.02,1
user1458,8542,4805,471,0,1,1,8,4,1.78,0
user1459,8244,1711,134,0,0,1,8,4,4.82,0
user1460,162,3139,329,1,0,0,8,4,0.05,0
user1461,8807,2511,164,0,0,0,8,4,3.51,0
user1462,3859,2481,79,1,0,0,8,4,1.56,0
user1463,3400,3780,145,1,1,1,8,4,0.9,0
user1464,7227,2582,254,1,0,1,8,4,2.8,0
user1465,1891,3223,270,1,1,1,8,4,0.59,0
user1466,1144,3269,293,0,0,1,8,4,0.35,0
user1467,6795,3778,327,1,1,0,8,4,1.8,0
user1468,6916,1947,311,0,1,1,8,4,3.55,0
user1469,7555,2521,366,1,0,0,8,4,3.0,0
user1470,9532,1200,97,0,0,0,8,4,7.94,0
user1471,4810,627,451,0,0,0,8,4,7.67,0
user1472,4732,4243,288,0,1,0,8,4,1.12,0
user1473,2764,3162,343,1,0,1,8,4,0.87,0
user1474,4812,4530,83,0,1,1,8,4,1.06,0
user1475,5837,3591,181,0,1,0,8,4,1.63,0
user1476,5608,3942,225,0,1,1,8,4,1.42,0
user1477,6159,3221,196,0,1,0,8,4,1.91,0
user1478,9912,1389,17,1,1,1,8,4,7.14,0
user1479,4690,2217,389,1,0,0,8,4,2.12,0
user1480,8366,845,102,0,0,0,8,4,9.9,0
user1481,4461,4083,140,0,0,1,8,4,1.09,0
user1482,8789,1243,327,1,1,1,8,4,7.07,0
user1483,4037,1077,322,1,1,1,8,4,3.75,0
user1484,4200,313,223,1,1,0,8,4,13.42,0
user1485,9723,4755,477,0,0,0,8,4,2.04,0
user1486,8419,4496,399,1,0,1,8,4,1.87,0
user1487,1716,307,360,0,0,0,8,4,5.59,0
user1488,7925,1853,125,1,0,0,8,4,4.28,0
user1489,2263,4086,326,1,0,0,8,4,0.55,0
user1490,5577,2988,49,1,0,0,8,4,1.87,0
user1491,2502,2385,227,0,0,0,8,4,1.05,0
user1492,429,4223,287,1,1,0,8,4,0.1,0
user1493,3114,2422,110,0,1,1,8,4,1.29,0
user1494,5871,4257,187,0,0,1,8,4,1.38,0
user1495,7177,4312,61,0,1,0,8,4,1.66,0
user1496,458,226,212,1,0,1,8,4,2.03,0
user1497,4144,1025,377,0,0,1,8,4,4.04,0
user1498,5889,1298,23,0,1,0,8,4,4.54,0
user1499,6169,838,218,0,0,0,8,4,7.36,0
user1500,1086,1696,110,0,1,0,8,4,0.64,0
user1501,6205,4804,170,0,0,0,8,4,1.29,0
user1502,5550,11,275,1,1,0,8,4,504.55,0
user1503,930,1707,331,1,1,1,8,4,0.54,0
user1504,3996,2296,489,1,0,0,8,4,1.74,0
user1505,3334,2706,499,1,1,1,8,4,1.23,0
user1506,3279,1240,118,0,1,0,8,4,2.64,0
user1507,2960,2184,488,1,0,1,8,4,1.36,0
user1508,4095,4868,393,0,0,1,8,4,0.84,0
user1509,8162,802,326,1,0,1,8,4,10.18,0
user1510,7613,2685,64,1,1,0,8,4,2.84,0
user1511,5103,3867,175,1,0,1,8,4,1.32,0
user1512,3730,3899,500,0,1,0,8,4,0.96,0
user1513,7908,1945,464,0,0,0,8,4,4.07,0
user1514,9812,1321,175,0,0,0,8,4,7.43,0
user1515,835,3481,179,0,1,1,8,4,0.24,0
user1516,3583,3523,227,0,1,0,8,4,1.02,0
user1517,5473,4181,368,0,0,0,8,4,1.31,0
user1518,5890,3364,248,1,1,0,8,4,1.75,0
user1519,4818,4401,386,1,1,1,8,4,1.09,0
user1520,1642,3097,163,1,1,0,8,4,0.53,0
user1521,9611,1004,171,0,1,0,8,4,9.57,0
user1522,3791,957,220,0,0,1,8,4,3.96,0
user1523,171,1848,55,0,1,0,8,4,0.09,0
user1524,4830,2398,406,0,1,1,8,4,2.01,0
user1525,366,3687,400,0,1,0,8,4,0.1,0
user1526,535,857,395,1,0,0,8,4,0.62,0
user1527,9669,2039,125,0,1,0,8,4,4.74,0
user1528,1614,4255,335,1,0,0,8,4,0.38,0
user1529,8653,2415,126,0,1,1,8,4,3.58,0
user1530,4782,729,22,1,0,0,8,4,6.56,0
user1531,8806,2973,30,0,1,0,8,4,2.96,0
user1532,9230,3535,251,1,1,0,8,4,2.61,0
user1533,8430,420,230,1,1,0,8,4,20.07,0
user1534,3104,4802,40,0,1,1,8,4,0.65,0
user1535,1019,2665,188,0,0,0,8,4,0.38,0
user1536,1887,4150,93,0,0,0,8,4,0.45,0
user1537,8179,4997,345,0,1,0,8,4,1.64,0
user1538,3140,2138,8,0,1,1,8,4,1.47,0
user1539,4622,3148,73,0,0,1,8,4,1.47,0
user1540,485,4980,353,1,1,1,8,4,0.1,0
user1541,8720,1967,343,1,1,1,8,4,4.43,0
user1542,5821,4223,172,0,0,0,8,4,1.38,0
user1543,5409,4140,59,0,1,0,8,4,1.31,0
user1544,2269,3762,469,0,0,0,8,4,0.6,0
user1545,9431,516,380,0,1,0,8,4,18.28,0
user1546,7960,1398,276,1,0,1,8,4,5.69,0
user1547,6638,3171,30,1,1,1,8,4,2.09,0
user1548,3907,241,92,0,1,0,8,4,16.21,0
user1549,7954,2283,67,0,1,1,8,4,3.48,0
user1550,5925,2865,270,0,0,1,8,4,2.07,0
user1551,2810,3374,466,0,1,0,8,4,0.83,0
user1552,7544,3238,163,1,0,0,8,4,2.33,0
user1553,8265,3424,98,0,0,0,8,4,2.41,0
user1554,5155,1522,209,0,1,1,8,4,3.39,0
user1555,4637,3833,496,0,0,0,8,4,1.21,0
user1556,7183,2282,155,0,1,1,8,4,3.15,0
user1557,5124,2682,403,1,0,1,8,4,1.91,0
user1558,9216,3018,440,1,0,1,8,4,3.05,0
user1559,6782,2906,416,1,0,1,8,4,2.33,0
user1560,6766,4903,140,0,1,1,8,4,1.38,0
user1561,9341,1891,291,1,1,0,8,4,4.94,0
user1562,4501,1027,468,1,0,1,8,4,4.38,0
user1563,923,2824,451,0,1,0,8,4,0.33,0
user1564,1356,1601,406,1,1,1,8,4,0.85,0
user1565,8385,2078,315,0,1,1,8,4,4.04,0
user1566,5614,4629,112,0,1,1,8,4,1.21,0
user1567,2149,3543,448,1,0,0,8,4,0.61,0
user1568,8491,4060,159,1,1,0,8,4,2.09,0
user1569,7940,4389,295,1,1,1,8,4,1.81,0
user1570,2517,3271,281,1,0,0,8,4,0.77,0
user1571,5706,4342,484,1,1,0,8,4,1.31,0
user1572,4180,1860,337,1,1,1,8,4,2.25,0
user1573,919,3964,415,0,1,0,8,4,0.23,0
user1574,9318,4400,361,1,1,0,8,4,2.12,0
user1575,3146,3803,161,1,0,1,8,4,0.83,0
user1576,9907,2707,54,0,0,0,8,4,3.66,0
user1577,3785,4063,89,0,1,0,8,4,0.93,0
user1578,2797,4691,174,1,1,0,8,4,0.6,0
user1579,4351,3934,253,1,1,0,8,4,1.11,0
user1580,3274,1057,18,0,0,1,8,4,3.1,0
user1581,5802,4535,491,1,1,1,8,4,1.28,0
user1582,3797,2263,398,0,0,0,8,4,1.68,0
user1583,8239,3418,451,0,1,0,8,4,2.41,0
user1584,8063,2404,346,0,1,1,8,4,3.35,0
user1585,7623,4576,6,1,0,1,8,4,1.67,0
user1586,9423,2595,17,0,0,0,8,4,3.63,0
user1587,8840,575,47,1,0,1,8,4,15.37,0
user1588,5428,4328,65,0,1,0,8,4,1.25,0
user1589,3616,4496,162,1,1,1,8,4,0.8,0
user1590,5504,2013,88,1,0,1,8,4,2.73,0
user1591,71,2365,43,0,0,0,8,4,0.03,1
user1592,1394,2963,365,1,0,1,8,4,0.47,0
user1593,7476,2750,227,1,1,0,8,4,2.72,0
user1594,2312,2654,250,0,0,0,8,4,0.87,0
user1595,8945,2900,377,1,0,0,8,4,3.08,0
user1596,5713,2686,314,0,0,0,8,4,2.13,0
user1597,4088,4929,92,1,0,1,8,4,0.83,0
user1598,1656,1695,28,0,0,1,8,4,0.98,0
user1599,8227,578,415,1,1,0,8,4,14.23,0
user1600,8553,2746,462,0,0,0,8,4,3.11,0
user1601,1616,682,48,0,0,1,8,4,2.37,0
user1602,2014,4589,367,1,0,1,8,4,0.44,0
user1603,3367,4880,439,0,0,0,8,4,0.69,0
user1604,3668,2775,283,1,1,0,8,4,1.32,0
user1605,3467,4411,328,0,0,0,8,4,0.79,0
user1606,4639,2073,486,1,1,0,8,4,2.24,0
user1607,5395,1791,150,1,1,1,8,4,3.01,0
user1608,2181,1278,347,1,0,0,8,4,1.71,0
user1609,3382,3035,396,1,0,0,8,4,1.11,0
user1610,7986,557,272,0,1,1,8,4,14.34,0
user1611,3059,2186,276,1,1,0,8,4,1.4,0
user1612,665,2383,449,1,1,1,8,4,0.28,0
user1613,6004,2044,279,0,0,0,8,4,2.94,0
user1614,2075,173,231,1,1,0,8,4,11.99,0
user1615,3669,15,88,1,1,1,8,4,244.6,0
user1616,7271,916,295,1,1,1,8,4,7.94,0
user1617,9041,1015,69,1,0,0,8,4,8.91,0
user1618,1867,4599,175,0,0,0,8,4,0.41,0
user1619,1026,4264,75,1,1,1,8,4,0.24,0
user1620,7856,2646,354,0,0,0,8,4,2.97,0
user1621,7819,1093,247,0,0,0,8,4,7.15,0
user1622,1554,4661,149,1,1,1,8,4,0.33,0
user1623,7022,1310,16,1,1,1,8,4,5.36,0
user1624,5529,4373,202,1,0,1,8,4,1.26,0
user1625,1316,2888,196,1,0,0,8,4,0.46,0
user1626,5326,2295,407,0,1,1,8,4,2.32,0
user1627,6914,184,485,1,0,1,8,4,37.58,0
user1628,9793,3580,197,0,1,1,8,4,2.74,0
user1629,9778,3854,22,0,0,1,8,4,2.54,0
user1630,2392,739,56,0,1,0,8,4,3.24,0
user1631,1549,2238,475,0,0,0,8,4,0.69,0
user1632,2799,2102,364,1,1,1,8,4,1.33,0
user1633,1838,2904,310,1,1,1,8,4,0.63,0
user1634,1358,3652,457,1,1,1,8,4,0.37,0
user1635,2026,3119,96,1,1,1,8,4,0.65,0
user1636,5949,4793,277,0,0,1,8,4,1.24,0
user1637,4856,1905,71,0,0,0,8,4,2.55,0
user1638,6362,1235,194,1,1,0,8,4,5.15,0
user1639,8855,4747,176,0,0,0,8,4,1.87,0
user1640,8492,4069,424,0,0,1,8,4,2.09,0
user1641,6661,3716,373,1,0,1,8,4,1.79,0
user1642,8822,4185,458,0,0,1,8,4,2.11,0
user1643,5682,3472,158,1,1,1,8,4,1.64,0
user1644,3863,4625,441,0,1,1,8,4,0.84,0
user1645,4320,915,367,1,1,0,8,4,4.72,0
user1646,8220,1204,119,0,0,1,8,4,6.83,0
user1647,8293,483,413,0,1,1,8,4,17.17,0
user1648,8935,724,349,0,0,1,8,4,12.34,0
user1649,3195,416,147,0,0,0,8,4,7.68,0
user1650,6159,4545,168,1,1,1,8,4,1.36,0
user1651,6387,2421,419,0,1,0,8,4,2.64,0
user1652,7711,2118,409,1,0,1,8,4,3.64,0
user1653,2536,4364,168,0,0,0,8,4,0.58,0
user1654,8055,4487,186,1,0,0,8,4,1.8,0
user1655,7828,2097,442,1,0,1,8,4,3.73,0
user1656,1104,2367,414,1,0,1,8,4,0.47,0
user1657,46,1094,434,0,1,0,8,4,0.04,1
user1658,9296,2438,390,0,1,0,8,4,3.81,0
user1659,6048,4630,309,1,0,1,8,4,1.31,0
user1660,2243,2988,88,1,1,1,8,4,0.75,0
user1661,2244,929,407,0,1,0,8,4,2.42,0
user1662,9203,3266,209,0,1,1,8,4,2.82,0
user1663,2872,1464,279,0,0,0,8,4,1.96,0
user1664,8949,3020,364,1,0,1,8,4,2.96,0
user1665,5963,3454,240,0,0,0,8,4,1.73,0
user1666,9875,2086,168,1,1,0,8,4,4.73,0
user1667,5127,3732,358,1,0,1,8,4,1.37,0
user1668,9632,3205,439,0,0,1,8,4,3.01,0
user1669,5404,3508,14,1,1,1,8,4,1.54,0
user1670,7479,2511,184,1,0,1,8,4,2.98,0
user1671,7001,802,179,1,1,1,8,4,8.73,0
user1672,6182,2923,401,0,0,0,8,4,2.11,0
user1673,740,2865,471,1,0,0,8,4,0.26,0
user1674,8826,2845,190,0,1,0,8,4,3.1,0
user1675,2211,3547,147,0,0,1,8,4,0.62,0
user1676,6774,3031,403,1,1,0,8,4,2.23,0
user1677,5681,106,440,0,1,0,8,4,53.59,0
user1678,9179,2157,87,1,1,0,8,4,4.26,0
user1679,3607,2788,91,0,0,0,8,4,1.29,0
user1680,5431,4590,415,0,1,0,8,4,1.18,0
user1681,9629,464,133,0,1,1,8,4,20.75,0
user1682,2838,2722,334,1,0,0,8,4,1.04,0
user1683,1110,4205,301,1,1,1,8,4,0.26,0
user1684,7090,140,97,1,1,1,8,4,50.64,0
user1685,4471,1759,496,0,0,1,8,4,2.54,0
user1686,2219,1252,162,0,1,1,8,4,1.77,0
user1687,3864,4344,281,0,1,0,8,4,0.89,0
user1688,4145,511,92,0,1,1,8,4,8.11,0
user1689,5895,3111,456,0,0,0,8,4,1.89,0
user1690,4953,796,60,0,0,0,8,4,6.22,0
user1691,5343,872,43,0,0,0,8,4,6.13,0
user1692,2894,1983,135,0,1,1,8,4,1.46,0
user1693,3692,4664,129,1,0,0,8,4,0.79,0
user1694,9315,2481,497,1,1,0,8,4,3.75,0
user1695,6388,1228,347,0,1,1,8,4,5.2,0
user1696,6268,4387,330,1,1,1,8,4,1.43,0
user1697,9251,805,460,0,0,0,8,4,11.49,0
user1698,1395,351,79,1,0,1,8,4,3.97,0
user1699,2350,1860,497,0,1,1,8,4,1.26,0
user1700,8132,1618,243,0,1,0,8,4,5.03,0
user1701,4174,651,446,1,0,0,8,4,6.41,0
user1702,4304,1336,259,0,1,0,8,4,3.22,0
user1703,6161,4657,463,1,0,0,8,4,1.32,0
user1704,9073,3330,60,0,0,0,8,4,2.72,0
user1705,9192,3928,129,1,1,0,8,4,2.34,0
user1706,4033,4434,17,1,0,1,8,4,0.91,0
user1707,5890,3256,266,0,1,1,8,4,1.81,0
user1708,4027,2323,181,0,0,1,8,4,1.73,0
user1709,1922,3137,83,0,1,0,8,4,0.61,0
user1710,3988,3928,29,0,1,0,8,4,1.02,0
user1711,4086,3008,414,1,1,1,8,4,1.36,0
user1712,6595,2618,69,1,1,1,8,4,2.52,0
user1713,9509,2890,497,0,1,0,8,4,3.29,0
user1714,76,4217,80,1,1,0,8,4,0.02,0
user1715,4766,49,397,1,1,1,8,4,97.27,0
user1716,624,2799,345,0,1,1,8,4,0.22,0
user1717,6320,2732,259,0,0,1,8,4,2.31,0
user1718,9099,3980,43,1,1,1,8,4,2.29,0
user1719,466,2636,315,0,1,1,8,4,0.18,0
user1720,2711,1125,405,0,0,0,8,4,2.41,0
user1721,2577,3426,140,0,1,0,8,4,0.75,0
user1722,2355,485,160,0,0,0,8,4,4.86,0
user1723,5980,2594,330,0,0,0,8,4,2.31,0
user1724,5379,3351,192,0,0,1,8,4,1.61,0
user1725,5246,1961,276,1,0,1,8,4,2.68,0
user1726,4565,3980,455,0,1,1,8,4,1.15,0
user1727,2808,2343,434,1,0,0,8,4,1.2,0
user1728,8743,2132,102,1,0,1,8,4,4.1,0
user1729,9153,1458,458,0,1,1,8,4,6.28,0
user1730,3107,1692,336,1,0,1,8,4,1.84,0
user1731,8191,4823,147,1,1,1,8,4,1.7,0
user1732,7001,2041,418,0,0,0,8,4,3.43,0
user1733,6602,2942,344,1,0,1,8,4,2.24,0
user1734,3483,2403,207,0,0,0,8,4,1.45,0
user1735,2165,1706,156,0,1,0,8,4,1.27,0
user1736,4069,3850,447,0,0,0,8,4,1.06,0
user1737,9907,1556,325,1,0,1,8,4,6.37,0
user1738,2818,4562,408,1,1,1,8,4,0.62,0
user1739,2565,541,13,0,0,1,8,4,4.74,0
user1740,8287,4537,177,0,0,1,8,4,1.83,0
user1741,6381,3631,172,1,1,1,8,4,1.76,0
user1742,3045,311,94,0,0,0,8,4,9.79,0
user1743,4903,2571,115,0,0,0,8,4,1.91,0
user1744,4670,3532,216,1,0,0,8,4,1.32,0
user1745,3407,4411,417,0,1,1,8,4,0.77,0
user1746,8961,4436,438,1,1,0,8,4,2.02,0
user1747,1184,4253,342,1,0,0,8,4,0.28,0
user1748,3024,4640,485,1,1,0,8,4,0.65,0
user1749,2679,3415,58,1,1,0,8,4,0.78,0
user1750,8626,1694,500,0,1,1,8,4,5.09,0
user1751,4907,4441,307,0,1,1,8,4,1.1,0
user1752,6225,1788,175,1,0,0,8,4,3.48,0
user1753,927,3991,465,1,0,1,8,4,0.23,0
user1754,2199,2959,250,0,1,1,8,4,0.74,0
user1755,5621,1655,140,1,0,0,8,4,3.4,0
user1756,7942,1070,430,0,0,0,8,4,7.42,0
user1757,7710,3894,305,0,1,0,8,4,1.98,0
user1758,3346,1475,163,0,0,0,8,4,2.27,0
user1759,6821,4745,215,1,0,0,8,4,1.44,0
user1760,5283,4552,324,0,1,1,8,4,1.16,0
user1761,3048,1223,150,1,1,0,8,4,2.49,0
user1762,5207,17,45,0,0,0,8,4,306.29,0
user1763,4623,4537,461,0,0,0,8,4,1.02,0
user1764,7205,4777,101,1,1,1,8,4,1.51,0
user1765,8534,4990,385,1,1,1,8,4,1.71,0
user1766,3252,2824,256,0,0,1,8,4,1.15,0
user1767,4698,1901,254,1,1,0,8,4,2.47,0
user1768,4453,3767,241,0,1,0,8,4,1.18,0
user1769,5603,2932,13,0,0,0,8,4,1.91,0
user1770,5579,1429,423,0,1,0,8,4,3.9,0
user1771,8126,48,204,0,0,1,8,4,169.29,0
user1772,9728,4652,208,1,1,1,8,4,2.09,0
user1773,1652,3327,307,1,0,0,8,4,0.5,0
user1774,6296,1255,128,1,0,1,8,4,5.02,0
user1775,3044,1460,486,0,0,0,8,4,2.08,0
user1776,2647,3818,326,1,1,0,8,4,0.69,0
user1777,6313,3070,111,0,0,1,8,4,2.06,0
user1778,4214,499,474,1,1,0,8,4,8.44,0
user1779,228,4473,146,1,0,1,8,4,0.05,0
user1780,3039,4133,125,1,0,0,8,4,0.74,0
user1781,9815,1259,482,1,1,1,8,4,7.8,0
user1782,6242,3313,321,1,1,0,8,4,1.88,0
user1783,1322,1544,131,1,0,0,8,4,0.86,0
user1784,663,797,294,0,1,1,8,4,0.83,0
user1785,6496,3715,498,0,1,1,8,4,1.75,0
user1786,2554,1696,459,1,1,0,8,4,1.51,0
user1787,6689,3802,469,1,1,0,8,4,1.76,0
user1788,938,440,35,0,1,0,8,4,2.13,0
user1789,8298,1049,25,0,1,1,8,4,7.91,0
user1790,64,3113,225,1,1,0,8,4,0.02,0
user1791,3545,3667,491,0,0,1,8,4,0.97,0
user1792,6155,4498,286,0,1,0,8,4,1.37,0
user1793,828,4450,2,0,0,1,8,4,0.19,0
user1794,6023,4379,317,0,0,1,8,4,1.38,0
user1795,1002,3953,230,1,1,1,8,4,0.25,0
user1796,4030,3171,106,1,1,0,8,4,1.27,0
user1797,2600,19,433,1,0,1,8,4,136.84,0
user1798,6596,3313,402,1,0,0,8,4,1.99,0
user1799,3082,4553,414,1,0,1,8,4,0.68,0
user1800,8842,3109,352,0,0,0,8,4,2.84,0
user1801,4796,4782,272,1,0,0,8,4,1.0,0
user1802,9062,4475,444,0,1,0,8,4,2.03,0
user1803,5786,3140,456,0,0,0,8,4,1.84,0
user1804,4620,4710,439,1,1,1,8,4,0.98,0
user1805,7441,3576,65,0,1,0,8,4,2.08,0
user1806,3624,3847,54,1,0,0,8,4,0.94,0
user1807,2816,3982,72,1,0,0,8,4,0.71,0
user1808,5121,1523,435,0,0,1,8,4,3.36,0
user1809,4532,4203,136,0,0,1,8,4,1.08,0
user1810,9329,281,62,0,0,0,8,4,33.2,0
user1811,6169,2404,447,1,0,0,8,4,2.57,0
user1812,2436,1169,98,0,0,1,8,4,2.08,0
user1813,3989,947,151,1,0,1,8,4,4.21,0
user1814,3866,1061,349,1,0,1,8,4,3.64,0
user1815,8470,563,296,1,1,0,8,4,15.04,0
user1816,1606,683,145,1,0,0,8,4,2.35,0
user1817,7354,1160,360,1,0,0,8,4,6.34,0
user1818,5501,41,12,0,0,0,8,4,134.17,0
user1819,8787,2837,194,0,1,0,8,4,3.1,0
user1820,7256,117,262,0,0,0,8,4,62.02,0
user1821,7090,4014,252,0,1,1,8,4,1.77,0
user1822,4804,4914,88,0,1,0,8,4,0.98,0
user1823,7451,1155,312,0,0,1,8,4,6.45,0
user1824,4655,3552,241,0,1,1,8,4,1.31,0
user1825,8956,3589,286,0,1,1,8,4,2.5,0
user1826,4176,3385,129,0,1,0,8,4,1.23,0
user1827,978,3713,5,1,1,1,8,4,0.26,0
user1828,1292,1335,269,0,0,0,8,4,0.97,0
user1829,1029,4007,326,0,1,0,8,4,0.26,0
user1830,1926,280,168,0,0,0,8,4,6.88,0
user1831,9643,4161,209,0,1,1,8,4,2.32,0
user1832,3209,451,124,1,1,0,8,4,7.12,0
user1833,8780,801,455,1,0,0,8,4,10.96,0
user1834,6434,2580,120,0,1,1,8,4,2.49,0
user1835,7825,347,17,0,1,1,8,4,22.55,0
user1836,2572,3742,389,1,1,0,8,4,0.69,0
user1837,6180,2186,112,0,0,1,8,4,2.83,0
user1838,9423,132,262,0,0,1,8,4,71.39,0
user1839,6477,3803,145,1,0,0,8,4,1.7,0
user1840,8637,2138,251,0,0,1,8,4,4.04,0
user1841,2751,3237,486,0,0,0,8,4,0.85,0
user1842,8205,542,317,1,1,0,8,4,15.14,0
user1843,3910,2739,44,0,0,0,8,4,1.43,0
user1844,3540,4263,394,0,1,1,8,4,0.83,0
user1845,4333,4672,311,0,0,1,8,4,0.93,0
user1846,3975,3202,87,0,1,1,8,4,1.24,0
user1847,655,4693,457,0,1,1,8,4,0.14,0
user1848,8741,3380,205,0,1,0,8,4,2.59,0
user1849,8583,2569,333,1,1,1,8,4,3.34,0
user1850,7848,3089,448,1,1,0,8,4,2.54,0
user1851,9558,1847,146,1,1,1,8,4,5.17,0
user1852,1885,1607,117,1,0,0,8,4,1.17,0
user1853,3467,87,315,0,0,0,8,4,39.85,0
user1854,2413,1588,108,0,1,1,8,4,1.52,0
user1855,303,1317,25,0,0,1,8,4,0.23,0
user1856,1069,1253,442,1,1,0,8,4,0.85,0
user1857,9186,1509,252,0,1,0,8,4,6.09,0
user1858,6764,920,169,1,1,1,8,4,7.35,0
user1859,7563,2038,136,1,0,1,8,4,3.71,0
user1860,5604,378,463,1,0,1,8,4,14.83,0
user1861,3974,3082,330,1,0,0,8,4,1.29,0
user1862,6486,919,344,0,1,0,8,4,7.06,0
user1863,1237,2966,453,1,0,0,8,4,0.42,0
user1864,3337,2873,143,0,1,1,8,4,1.16,0
user1865,9264,1791,343,1,1,1,8,4,5.17,0
user1866,5805,3871,13,0,0,0,8,4,1.5,0
user1867,8387,4998,161,1,1,0,8,4,1.68,0
user1868,9561,2491,311,1,0,1,8,4,3.84,0
user1869,6440,4011,58,1,0,1,8,4,1.61,0
user1870,6390,2307,147,0,1,1,8,4,2.77,0
user1871,727,156,234,1,0,0,8,4,4.66,0
user1872,5457,405,226,1,0,0,8,4,13.47,0
user1873,2638,4711,230,1,0,0,8,4,0.56,0
user1874,6692,4688,144,0,0,1,8,4,1.43,0
user1875,7935,3548,21,0,0,1,8,4,2.24,0
user1876,8579,4995,34,1,0,0,8,4,1.72,0
user1877,5098,3270,156,1,1,1,8,4,1.56,0
user1878,7707,2593,474,1,0,1,8,4,2.97,0
user1879,3675,4495,84,0,0,1,8,4,0.82,0
user1880,9350,580,22,1,0,0,8,4,16.12,0
user1881,9604,1079,223,1,1,0,8,4,8.9,0
user1882,3416,620,346,1,0,1,8,4,5.51,0
user1883,4943,2709,217,1,0,0,8,4,1.82,0
user1884,1667,373,415,1,1,0,8,4,4.47,0
user1885,3735,3561,150,0,1,0,8,4,1.05,0
user1886,6463,1647,153,0,1,0,8,4,3.92,0
user1887,9981,2221,425,1,0,0,8,4,4.49,0
user1888,147,2984,483,1,1,0,8,4,0.05,0
user1889,3095,4150,61,1,0,1,8,4,0.75,0
user1890,3794,2588,119,1,0,1,8,4,1.47,0
user1891,262,3453,77,1,0,0,8,4,0.08,0
user1892,3733,1762,201,0,0,0,8,4,2.12,0
user1893,928,4254,362,1,1,0,8,4,0.22,0
user1894,5237,3959,10,0,1,0,8,4,1.32,0
user1895,4270,1505,412,0,0,0,8,4,2.84,0
user1896,4729,3186,19,1,1,1,8,4,1.48,0
user1897,6949,3375,253,0,0,0,8,4,2.06,0
user1898,6218,182,305,1,1,1,8,4,34.16,0
user1899,8397,4410,237,1,1,1,8,4,1.9,0
user1900,9720,4362,382,0,0,0,8,4,2.23,0
user1901,2351,1195,156,0,1,0,8,4,1.97,0
user1902,4299,2159,121,1,0,0,8,4,1.99,0
user1903,6945,4232,434,0,1,1,8,4,1.64,0
user1904,8028,4271,8,0,0,0,8,4,1.88,1
user1905,8369,3678,182,1,0,0,8,4,2.28,0
user1906,9185,4433,296,0,1,1,8,4,2.07,0
user1907,8656,4221,56,0,0,1,8,4,2.05,0
user1908,683,2556,74,0,1,0,8,4,0.27,0
user1909,1684,4907,393,0,0,0,8,4,0.34,0
user1910,9,2020,194,1,0,0,8,4,0.0,1
user1911,7815,1266,124,1,0,1,8,4,6.17,0
user1912,9078,3027,202,0,0,0,8,4,3.0,0
user1913,3296,1184,345,0,0,0,8,4,2.78,0
user1914,6055,1084,284,0,1,1,8,4,5.59,0
user1915,7049,3107,185,1,0,1,8,4,2.27,0
user1916,2948,1805,222,0,0,1,8,4,1.63,0
user1917,3807,3017,31,0,1,1,8,4,1.26,0
user1918,9087,2450,442,1,0,0,8,4,3.71,0
user1919,5441,4876,93,1,0,1,8,4,1.12,0
user1920,5514,2723,230,1,1,0,8,4,2.02,0
user1921,4336,4105,468,1,1,1,8,4,1.06,0
user1922,7456,1581,285,1,0,0,8,4,4.72,0
user1923,1367,2916,113,1,0,0,8,4,0.47,0
user1924,5141,1423,296,0,1,0,8,4,3.61,0
user1925,2226,837,461,1,0,0,8,4,2.66,0
user1926,1907,4990,141,1,1,1,8,4,0.38,0
user1927,9279,114,492,1,0,0,8,4,81.39,0
user1928,4573,4792,455,0,0,1,8,4,0.95,0
user1929,2710,4111,196,0,1,0,8,4,0.66,0
user1930,4326,2438,257,0,0,0,8,4,1.77,0
user1931,1809,4216,49,1,0,0,8,4,0.43,0
user1932,5589,4522,180,1,0,1,8,4,1.24,0
user1933,2147,4698,385,1,1,1,8,4,0.46,0
user1934,1685,1301,487,0,0,0,8,4,1.3,0
user1935,7632,2613,125,1,0,0,8,4,2.92,0
user1936,7054,4598,250,1,0,0,8,4,1.53,0
user1937,6942,1,397,1,0,1,8,4,6942.0,0
user1938,1638,2228,78,0,1,1,8,4,0.74,0
user1939,1790,1578,373,1,0,1,8,4,1.13,0
user1940,8789,2320,190,0,1,0,8,4,3.79,0
user1941,9240,2648,268,1,0,1,8,4,3.49,0
user1942,438,1000,76,1,0,0,8,4,0.44,0
user1943,6806,1262,81,0,1,0,8,4,5.39,0
user1944,4702,1613,319,0,0,1,8,4,2.92,0
user1945,16,4038,418,0,1,1,8,4,0.0,0
user1946,5245,762,20,1,1,0,8,4,6.88,0
user1947,7368,4796,85,0,1,1,8,4,1.54,0
user1948,9729,2857,180,0,0,0,8,4,3.41,0
user1949,9407,4284,177,1,1,1,8,4,2.2,0
user1950,5409,1979,310,1,1,0,8,4,2.73,0
user1951,7102,1842,224,0,1,0,8,4,3.86,0
user1952,5246,710,39,0,0,1,8,4,7.39,0
user1953,2603,972,324,0,0,0,8,4,2.68,0
user1954,8100,3599,25,0,1,1,8,4,2.25,0
user1955,3726,4982,143,0,0,1,8,4,0.75,0
user1956,4410,4738,454,0,1,1,8,4,0.93,0
user1957,1202,2184,67,1,1,1,8,4,0.55,0
user1958,3330,3544,462,0,0,1,8,4,0.94,0
user1959,8449,212,366,1,1,0,8,4,39.85,0
user1960,4247,858,467,1,0,1,8,4,4.95,0
user1961,2451,4643,153,0,0,1,8,4,0.53,0
user1962,3396,4066,428,1,1,0,8,4,0.84,0
user1963,9289,2147,224,1,0,0,8,4,4.33,0
user1964,9653,4451,489,0,1,0,8,4,2.17,0
user1965,6013,2606,360,1,1,1,8,4,2.31,0
user1966,172,3345,178,1,1,0,8,4,0.05,0
user1967,2162,4938,304,1,1,0,8,4,0.44,0
user1968,264,3396,84,0,1,0,8,4,0.08,0
user1969,8723,2497,158,1,1,0,8,4,3.49,0
user1970,1584,778,103,1,1,0,8,4,2.04,0
user1971,8287,1815,333,1,0,0,8,4,4.57,0
user1972,2924,1371,429,1,0,0,8,4,2.13,0
user1973,2672,2961,154,1,0,1,8,4,0.9,0
user1974,2406,1524,89,1,1,0,8,4,1.58,0
user1975,6798,2812,263,0,1,0,8,4,2.42,0
user1976,3404,1944,148,0,1,1,8,4,1.75,0
user1977,523,2108,99,1,0,0,8,4,0.25,0
user1978,1834,4951,39,1,1,0,8,4,0.37,0
user1979,7306,3787,300,1,0,1,8,4,1.93,0
user1980,7174,1932,2,1,0,0,8,4,3.71,0
user1981,3714,1321,304,0,1,0,8,4,2.81,0
user1982,3754,3626,233,0,1,0,8,4,1.04,0
user1983,7029,3079,159,0,1,0,8,4,2.28,0
user1984,133,3746,235,1,1,0,8,4,0.04,0
user1985,5856,847,41,1,0,1,8,4,6.91,0
user1986,4018,3718,242,1,0,0,8,4,1.08,0
user1987,7985,4566,476,0,1,0,8,4,1.75,0
user1988,1560,928,384,0,1,0,8,4,1.68,0
user1989,2109,4988,219,1,1,1,8,4,0.42,0
user1990,2810,4090,86,1,1,1,8,4,0.69,0
user1991,765,4657,410,0,1,0,8,4,0.16,0
user1992,4117,4987,165,1,1,0,8,4,0.83,0
user1993,9365,1798,130,0,1,0,8,4,5.21,0
user1994,1323,1859,183,0,1,0,8,4,0.71,0
user1995,3363,1551,423,0,0,0,8,4,2.17,0
user1996,6677,1567,291,0,1,0,8,4,4.26,0
user1997,5229,1645,193,1,0,1,8,4,3.18,0
user1998,4636,65,165,0,1,1,8,4,71.32,0
user1999,1797,3313,295,1,1,0,8,4,0.54,0
user2000,2386,4771,481,1,0,1,8,4,0.5,0
user2001,9291,1986,495,0,1,0,8,4,4.68,0
user2002,5812,4530,90,0,0,0,8,4,1.28,0
user2003,2448,3800,343,1,0,0,8,4,0.64,0
user2004,4515,2571,126,1,1,1,8,4,1.76,0
user2005,3102,2006,264,0,0,1,8,4,1.55,0
user2006,2281,1731,362,1,0,1,8,4,1.32,0
user2007,8384,2906,272,1,1,0,8,4,2.89,0
user2008,2056,978,156,1,1,1,8,4,2.1,0
user2009,620,4104,114,1,1,1,8,4,0.15,0
user2010,1769,3487,477,1,1,0,8,4,0.51,0
user2011,8702,810,201,1,1,1,8,4,10.74,0
user2012,4216,371,223,1,0,1,8,4,11.36,0
user2013,6123,4825,53,1,1,1,8,4,1.27,0
user2014,3265,379,204,0,1,1,8,4,8.61,0
user2015,5359,2275,166,0,0,1,8,4,2.36,0
user2016,8931,1745,157,0,0,1,8,4,5.12,0
user2017,2715,4142,414,1,1,1,8,4,0.66,0
user2018,7345,4494,220,0,0,0,8,4,1.63,0
user2019,7629,2767,28,0,1,1,8,4,2.76,0
user2020,7264,3708,462,1,0,1,8,4,1.96,0
user2021,8755,1073,401,0,0,0,8,4,8.16,0
user2022,2113,3521,415,0,1,1,8,4,0.6,0
user2023,1609,3588,314,1,1,0,8,4,0.45,0
user2024,2123,556,329,0,0,1,8,4,3.82,0
user2025,8522,4911,235,1,1,0,8,4,1.74,0
user2026,3282,3250,6,1,0,0,8,4,1.01,0
user2027,4216,2883,380,0,0,1,8,4,1.46,0
user2028,4653,1212,499,0,1,0,8,4,3.84,0
user2029,861,2211,14,0,0,1,8,4,0.39,0
user2030,6950,4464,136,0,1,0,8,4,1.56,0
user2031,3908,6,290,0,0,1,8,4,651.33,0
user2032,1272,1532,8,1,1,1,8,4,0.83,0
user2033,3222,356,173,0,0,1,8,4,9.05,0
user2034,2219,2530,32,0,1,1,8,4,0.88,0
user2035,6526,2533,176,0,0,0,8,4,2.58,0
user2036,3027,2358,61,1,0,1,8,4,1.28,0
user2037,8925,2452,395,1,1,0,8,4,3.64,0
user2038,5620,3178,341,1,0,1,8,4,1.77,0
user2039,9327,1605,22,1,1,0,8,4,5.81,0
user2040,5930,1735,132,1,1,1,8,4,3.42,0
user2041,3250,4941,53,1,0,1,8,4,0.66,0
user2042,3562,3761,469,1,1,0,8,4,0.95,0
user2043,1248,912,496,0,0,1,8,4,1.37,0
user2044,5483,698,390,1,1,0,8,4,7.86,0
user2045,9185,2536,277,0,1,1,8,4,3.62,0
user2046,5382,4110,259,0,0,1,8,4,1.31,0
user2047,1670,2818,306,0,0,0,8,4,0.59,0
user2048,7818,1119,309,0,0,0,8,4,6.99,0
user2049,7233,3801,107,1,1,1,8,4,1.9,0
user2050,6259,757,493,1,1,0,8,4,8.27,0
user2051,1826,783,153,1,1,0,8,4,2.33,0
user2052,7822,2517,259,0,1,1,8,4,3.11,0
user2053,4946,348,303,0,0,0,8,4,14.21,0
user2054,6387,4180,422,1,1,1,8,4,1.53,0
user2055,1277,1582,23,1,1,1,8,4,0.81,0
user2056,317,1533,359,0,0,1,8,4,0.21,0
user2057,6274,1416,343,0,0,1,8,4,4.43,0
user2058,5379,2370,226,0,1,1,8,4,2.27,0
user2059,7075,3941,462,0,1,0,8,4,1.8,0
user2060,1498,2530,243,0,1,0,8,4,0.59,0
user2061,1898,1494,146,0,0,1,8,4,1.27,0
user2062,9148,4689,104,1,0,0,8,4,1.95,0
user2063,7468,1193,450,1,0,1,8,4,6.26,0
user2064,6769,2474,465,0,1,1,8,4,2.74,0
user2065,4632,1795,278,1,0,1,8,4,2.58,0
user2066,1193,2956,131,1,1,0,8,4,0.4,0
user2067,5726,2914,73,1,0,1,8,4,1.96,0
user2068,1521,4215,8,1,1,1,8,4,0.36,0
user2069,6691,612,161,1,1,0,8,4,10.93,0
user2070,7403,3835,212,1,0,0,8,4,1.93,0
user2071,283,364,495,1,0,0,8,4,0.78,0
user2072,4411,1858,360,0,0,0,8,4,2.37,0
user2073,2917,3813,353,0,1,1,8,4,0.77,0
user2074,9622,4702,47,0,0,0,8,4,2.05,0
user2075,8900,426,175,0,0,1,8,4,20.89,0
user2076,9434,2542,293,1,0,1,8,4,3.71,0
user2077,4728,1229,221,0,0,0,8,4,3.85,0
user2078,8935,2704,431,1,0,0,8,4,3.3,0
user2079,2414,2429,301,0,0,0,8,4,0.99,0
user2080,5337,276,80,1,1,0,8,4,19.34,0
user2081,9679,1754,478,1,1,0,8,4,5.52,0
user2082,1009,1269,58,1,1,1,8,4,0.8,0
user2083,431,2999,309,0,1,0,8,4,0.14,0
user2084,3075,2810,252,0,0,0,8,4,1.09,0
user2085,2824,2837,224,1,0,0,8,4,1.0,0
user2086,5581,3532,37,0,0,0,8,4,1.58,0
user2087,4330,1006,95,1,0,0,8,4,4.3,0
user2088,5432,787,103,0,1,1,8,4,6.9,0
user2089,1434,1568,152,0,1,1,8,4,0.91,0
user2090,7146,2621,351,0,1,1,8,4,2.73,0
user2091,1354,4367,494,0,1,1,8,4,0.31,0
user2092,6373,2577,188,0,1,1,8,4,2.47,0
user2093,6217,3899,483,0,0,0,8,4,1.59,0
user2094,3625,2343,399,0,0,0,8,4,1.55,0
user2095,7054,75,209,0,0,1,8,4,94.05,0
user2096,4795,1336,166,1,1,0,8,4,3.59,0
user2097,449,1610,223,1,1,1,8,4,0.28,0
user2098,6790,904,490,1,0,0,8,4,7.51,0
user2099,3614,259,380,1,0,0,8,4,13.95,0
user2100,2925,4403,36,1,1,0,8,4,0.66,0
user2101,4010,491,208,0,1,1,8,4,8.17,0
user2102,7653,4405,32,0,1,1,8,4,1.74,0
user2103,9835,1474,351,0,1,1,8,4,6.67,0
user2104,9316,256,435,0,1,1,8,4,36.39,0
user2105,7701,3661,75,1,0,1,8,4,2.1,0
user2106,3868,3191,177,1,0,0,8,4,1.21,0
user2107,9759,1654,384,0,0,0,8,4,5.9,0
user2108,4049,2040,240,1,0,1,8,4,1.98,0
user2109,6177,1756,220,0,0,1,8,4,3.52,0
user2110,5551,1184,136,0,0,1,8,4,4.69,0
user2111,7905,321,3,0,0,1,8,4,24.63,0
user2112,2126,2881,191,0,1,0,8,4,0.74,0
user2113,1608,140,73,0,0,1,8,4,11.49,0
user2114,6074,462,152,0,1,1,8,4,13.15,0
user2115,875,4635,48,1,1,0,8,4,0.19,0
user2116,2756,4747,178,1,0,1,8,4,0.58,0
user2117,674,3869,244,0,0,1,8,4,0.17,0
user2118,7830,1852,395,0,0,0,8,4,4.23,0
user2119,4600,2988,279,1,1,0,8,4,1.54,0
user2120,1668,923,313,0,0,1,8,4,1.81,0
user2121,9423,1256,322,1,1,1,8,4,7.5,0
user2122,1250,1414,258,0,0,0,8,4,0.88,0
user2123,1309,4654,31,0,1,1,8,4,0.28,0
user2124,7283,856,346,1,0,0,8,4,8.51,0
user2125,7644,2084,160,1,1,0,8,4,3.67,0
user2126,1204,3538,447,0,0,0,8,4,0.34,0
user2127,3770,4145,220,0,0,1,8,4,0.91,0
user2128,466,3236,238,0,1,0,8,4,0.14,0
user2129,2037,2446,190,0,0,1,8,4,0.83,0
user2130,3153,1747,342,0,0,0,8,4,1.8,0
user2131,2498,1358,310,1,1,0,8,4,1.84,0
user2132,960,3577,446,1,1,0,8,4,0.27,0
user2133,7225,644,243,1,1,1,8,4,11.22,0
user2134,3029,4589,287,1,1,0,8,4,0.66,0
user2135,6866,310,61,0,0,0,8,4,22.15,0
user2136,6091,4626,256,0,1,1,8,4,1.32,0
user2137,8793,4306,401,1,1,0,8,4,2.04,0
user2138,8896,4858,184,0,1,0,8,4,1.83,0
user2139,6406,2399,204,1,1,0,8,4,2.67,0
user2140,1112,1844,259,0,1,1,8,4,0.6,0
user2141,6813,1739,388,0,0,1,8,4,3.92,0
user2142,2004,4564,301,0,1,1,8,4,0.44,0
user2143,6093,544,362,0,0,0,8,4,11.2,0
user2144,325,1231,153,1,1,1,8,4,0.26,0
user2145,223,4571,211,1,1,0,8,4,0.05,0
user2146,9908,1251,438,0,1,1,8,4,7.92,0
user2147,4914,1356,200,0,1,0,8,4,3.62,0
user2148,657,1722,13,0,1,1,8,4,0.38,0
user2149,7114,3299,2,0,0,1,8,4,2.16,0
user2150,6141,4908,409,1,1,0,8,4,1.25,0
user2151,6794,1124,81,1,0,1,8,4,6.04,0
user2152,3948,2005,241,0,0,0,8,4,1.97,0
user2153,2543,2206,487,0,0,1,8,4,1.15,0
user2154,9950,998,85,1,0,0,8,4,9.97,0
user2155,8018,3575,279,1,0,1,8,4,2.24,0
user2156,3598,872,337,1,1,0,8,4,4.13,0
user2157,9150,3885,385,0,0,1,8,4,2.36,0
user2158,5928,1948,56,0,1,0,8,4,3.04,0
user2159,5567,1788,21,0,0,0,8,4,3.11,0
user2160,4078,584,293,0,0,0,8,4,6.98,0
user2161,2890,1328,403,1,0,0,8,4,2.18,0
user2162,10,4946,148,1,1,0,8,4,0.0,0
user2163,4700,2875,132,1,1,1,8,4,1.63,0
user2164,9280,2714,100,1,0,0,8,4,3.42,0
user2165,4186,3814,84,0,0,0,8,4,1.1,0
user2166,5652,4847,103,1,0,1,8,4,1.17,0
user2167,8405,375,420,0,1,1,8,4,22.41,0
user2168,2516,2482,84,0,0,0,8,4,1.01,0
user2169,7445,1036,343,1,0,1,8,4,7.19,0
user2170,6459,870,63,1,0,1,8,4,7.42,0
user2171,9010,3256,381,1,0,1,8,4,2.77,0
user2172,1894,1053,185,1,1,1,8,4,1.8,0
user2173,6485,177,168,0,0,0,8,4,36.64,0
user2174,7188,302,56,1,1,0,8,4,23.8,0
user2175,2481,1828,135,1,1,0,8,4,1.36,0
user2176,4238,1140,494,1,1,1,8,4,3.72,0
user2177,6880,3411,230,1,0,1,8,4,2.02,0
user2178,1841,2010,43,0,0,1,8,4,0.92,0
user2179,7547,3664,322,0,0,1,8,4,2.06,0
user2180,9625,3161,96,1,1,1,8,4,3.04,0
user2181,6516,456,10,1,0,0,8,4,14.29,0
user2182,3082,3054,313,1,1,0,8,4,1.01,0
user2183,1589,4552,197,0,1,0,8,4,0.35,0
user2184,7352,3276,325,1,0,1,8,4,2.24,0
user2185,8120,4611,464,1,1,1,8,4,1.76,0
user2186,2819,4942,102,0,0,1,8,4,0.57,0
user2187,704,179,494,1,0,0,8,4,3.93,0
user2188,5386,4918,36,1,1,0,8,4,1.1,0
user2189,5978,1036,16,0,0,0,8,4,5.77,0
user2190,7837,3214,378,1,0,0,8,4,2.44,0
user2191,4824,1735,437,0,1,0,8,4,2.78,0
user2192,4755,4069,208,0,1,1,8,4,1.17,0
user2193,9212,125,362,1,0,0,8,4,73.7,0
user2194,2868,3426,174,1,0,0,8,4,0.84,0
user2195,9251,2610,446,0,1,0,8,4,3.54,0
user2196,7358,273,92,1,0,1,8,4,26.95,0
user2197,993,224,431,1,0,1,8,4,4.43,0
user2198,1527,1896,262,0,1,0,8,4,0.81,0
user2199,9558,120,400,1,0,0,8,4,79.65,0
user2200,4024,706,49,1,1,0,8,4,5.7,0
user2201,5771,3546,145,1,0,1,8,4,1.63,0
user2202,5568,4342,300,0,1,1,8,4,1.28,0
user2203,3784,2197,310,0,1,0,8,4,1.72,0
user2204,8334,1235,132,0,0,1,8,4,6.75,0
user2205,4984,2761,46,0,0,1,8,4,1.81,0
user2206,7602,2404,414,0,1,0,8,4,3.16,0
user2207,7733,625,92,0,1,1,8,4,12.37,0
user2208,9611,2432,28,1,1,1,8,4,3.95,0
user2209,974,37,219,1,0,1,8,4,26.32,0
user2210,922,1185,261,1,1,0,8,4,0.78,0
user2211,3371,952,244,1,1,0,8,4,3.54,0
user2212,3918,64,228,1,1,0,8,4,61.22,0
user2213,864,3150,73,0,0,1,8,4,0.27,0
user2214,6627,1574,81,0,0,0,8,4,4.21,0
user2215,627,3497,5,0,1,1,8,4,0.18,0
user2216,8628,840,354,1,1,0,8,4,10.27,0
user2217,1921,4161,148,1,0,1,8,4,0.46,0
user2218,5915,1105,326,1,0,1,8,4,5.35,0
user2219,3235,1032,412,1,0,0,8,4,3.13,0
user2220,4612,3382,14,1,0,1,8,4,1.36,0
user2221,5567,1366,223,1,1,1,8,4,4.08,0
user2222,7497,3943,159,1,0,1,8,4,1.9,0
user2223,7192,4816,242,1,0,0,8,4,1.49,0
user2224,6810,1262,496,1,0,1,8,4,5.4,0
user2225,9895,1534,257,1,0,0,8,4,6.45,0
user2226,719,4705,319,1,1,1,8,4,0.15,0
user2227,323,2037,466,1,0,1,8,4,0.16,0
user2228,3019,444,447,0,1,1,8,4,6.8,0
user2229,8841,3147,418,0,1,1,8,4,2.81,0
user2230,2875,4497,381,0,1,0,8,4,0.64,0
user2231,1660,4570,347,0,0,1,8,4,0.36,0
user2232,8453,4990,117,0,0,0,8,4,1.69,0
user2233,1563,796,300,1,0,0,8,4,1.96,0
user2234,642,2727,53,0,0,0,8,4,0.24,0
user2235,520,862,79,0,1,1,8,4,0.6,0
user2236,3092,1388,86,1,0,0,8,4,2.23,0
user2237,4327,2933,37,1,1,1,8,4,1.48,0
user2238,2504,488,425,0,1,1,8,4,5.13,0
user2239,5221,2099,261,0,1,0,8,4,2.49,0
user2240,4990,1358,293,0,0,1,8,4,3.67,0
user2241,260,2270,85,0,0,1,8,4,0.11,0
user2242,952,3905,468,0,0,1,8,4,0.24,0
user2243,2718,1480,78,1,0,1,8,4,1.84,0
user2244,2725,4295,28,1,1,0,8,4,0.63,0
user2245,4924,2121,199,1,0,0,8,4,2.32,0
user2246,7856,412,360,1,1,0,8,4,19.07,0
user2247,2647,120,176,0,0,0,8,4,22.06,0
user2248,8163,3729,125,1,1,0,8,4,2.19,0
user2249,8023,3231,303,0,0,0,8,4,2.48,0
user2250,8735,1247,336,0,0,0,8,4,7.0,0
user2251,2231,1762,460,0,0,0,8,4,1.27,0
user2252,976,1225,105,0,0,1,8,4,0.8,0
user2253,3601,1077,432,0,1,0,8,4,3.34,0
user2254,8198,2312,342,1,1,0,8,4,3.55,0
user2255,6311,4220,269,0,1,1,8,4,1.5,0
user2256,7973,126,384,1,0,0,8,4,63.28,0
user2257,9016,4062,372,0,1,1,8,4,2.22,0
user2258,4526,1018,467,1,0,0,8,4,4.45,0
user2259,2969,2781,157,1,0,0,8,4,1.07,0
user2260,8958,2174,188,1,0,0,8,4,4.12,0
user2261,9099,1656,125,0,0,1,8,4,5.49,0
user2262,6470,3596,347,0,1,0,8,4,1.8,0
user2263,9707,2857,144,1,1,1,8,4,3.4,0
user2264,3790,3024,286,0,0,0,8,4,1.25,0
user2265,3512,2050,186,1,1,1,8,4,1.71,0
user2266,6969,3240,69,1,1,0,8,4,2.15,0
user2267,6941,751,305,0,1,0,8,4,9.24,0
user2268,1844,4677,367,1,0,0,8,4,0.39,0
user2269,8015,3421,454,0,1,0,8,4,2.34,0
user2270,6514,1360,331,0,1,0,8,4,4.79,0
user2271,6459,2542,368,1,1,0,8,4,2.54,0
user2272,3926,1365,106,1,1,1,8,4,2.88,0
user2273,4232,132,17,1,0,0,8,4,32.06,0
user2274,1652,3266,362,0,0,1,8,4,0.51,0
user2275,5779,3902,162,0,1,1,8,4,1.48,0
user2276,8110,650,493,0,1,1,8,4,12.48,0
user2277,1767,1129,53,0,0,1,8,4,1.57,0
user2278,1754,2493,92,1,0,0,8,4,0.7,0
user2279,2834,2553,418,0,1,1,8,4,1.11,0
user2280,8322,622,422,1,0,1,8,4,13.38,0
user2281,9609,4492,319,0,1,0,8,4,2.14,0
user2282,2928,845,291,1,1,0,8,4,3.47,0
user2283,4841,323,232,1,0,0,8,4,14.99,0
user2284,2329,1741,149,0,0,1,8,4,1.34,0
user2285,8138,778,243,1,1,1,8,4,10.46,0
user2286,1928,2341,107,1,1,0,8,4,0.82,0
user2287,2374,3475,444,0,1,0,8,4,0.68,0
user2288,1461,3983,78,1,0,0,8,4,0.37,0
user2289,8986,4130,494,1,1,1,8,4,2.18,0
user2290,8602,958,485,0,0,0,8,4,8.98,0
user2291,2959,1923,183,0,0,0,8,4,1.54,0
user2292,8575,1739,123,0,0,0,8,4,4.93,0
user2293,2282,2349,65,1,1,0,8,4,0.97,0
user2294,6389,1042,417,0,1,0,8,4,6.13,0
user2295,1692,872,371,0,1,1,8,4,1.94,0
user2296,6098,3828,233,1,1,0,8,4,1.59,0
user2297,6648,4693,396,0,0,0,8,4,1.42,0
user2298,1411,4884,447,0,0,1,8,4,0.29,0
user2299,6762,875,488,1,0,0,8,4,7.73,0
user2300,2014,2044,364,1,0,0,8,4,0.99,0
user2301,6763,4923,482,0,1,0,8,4,1.37,0
user2302,4679,4270,123,1,1,1,8,4,1.1,0
user2303,6135,3681,365,1,1,1,8,4,1.67,0
user2304,186,2057,24,1,0,1,8,4,0.09,0
user2305,7563,740,483,0,1,1,8,4,10.22,0
user2306,3654,3823,280,1,1,0,8,4,0.96,0
user2307,9169,3289,9,0,1,0,8,4,2.79,0
user2308,4604,3238,157,0,1,0,8,4,1.42,0
user2309,7468,4681,123,1,0,0,8,4,1.6,0
user2310,4408,129,74,0,0,0,8,4,34.17,0
user2311,4778,1797,223,0,1,0,8,4,2.66,0
user2312,8443,4473,441,1,0,1,8,4,1.89,0
user2313,6385,1856,225,0,1,0,8,4,3.44,0
user2314,6466,3770,324,0,1,1,8,4,1.72,0
user2315,7946,2769,250,0,1,1,8,4,2.87,0
user2316,178,1886,12,0,0,0,8,4,0.09,1
user2317,3717,3361,315,1,1,0,8,4,1.11,0
user2318,7123,4943,299,1,0,0,8,4,1.44,0
user2319,4620,4949,127,0,1,1,8,4,0.93,0
user2320,2230,305,314,0,0,0,8,4,7.31,0
user2321,4789,1529,337,1,1,0,8,4,3.13,0
user2322,6566,4190,352,0,1,1,8,4,1.57,0
user2323,7396,3292,158,0,0,0,8,4,2.25,0
user2324,2710,3220,388,0,1,0,8,4,0.84,0
user2325,5766,1321,345,1,0,1,8,4,4.36,0
user2326,6224,3401,191,0,0,0,8,4,1.83,0
user2327,3362,2830,145,1,0,0,8,4,1.19,0
user2328,8649,4300,72,1,1,1,8,4,2.01,0
user2329,2878,3831,430,1,0,0,8,4,0.75,0
user2330,1878,2490,4,1,1,1,8,4,0.75,0
user2331,4449,3317,161,1,0,1,8,4,1.34,0
user2332,4048,3590,146,0,0,0,8,4,1.13,0
user2333,4838,1527,132,0,0,0,8,4,3.17,0
user2334,4610,99,121,1,0,1,8,4,46.57,0
user2335,6820,4097,435,0,1,1,8,4,1.66,0
user2336,554,2373,80,1,0,0,8,4,0.23,0
user2337,7527,3617,331,1,1,1,8,4,2.08,0
user2338,3522,4861,60,0,0,1,8,4,0.72,0
user2339,8205,427,334,1,0,0,8,4,19.22,0
user2340,6085,851,475,1,0,0,8,4,7.15,0
user2341,3526,3976,406,0,1,0,8,4,0.89,0
user2342,716,2611,191,1,0,1,8,4,0.27,0
user2343,1843,4712,27,1,0,1,8,4,0.39,0
user2344,9159,2811,439,0,1,1,8,4,3.26,0
user2345,2121,305,57,0,0,1,8,4,6.95,0
user2346,710,1890,182,1,0,1,8,4,0.38,0
user2347,1221,1199,356,0,0,1,8,4,1.02,0
user2348,4546,9,264,1,0,0,8,4,505.11,0
user2349,6533,1322,130,0,1,0,8,4,4.94,0
user2350,8030,672,227,0,1,1,8,4,11.95,0
user2351,8666,4057,441,1,0,1,8,4,2.14,0
user2352,6097,4462,86,1,0,1,8,4,1.37,0
user2353,3786,3820,138,1,0,1,8,4,0.99,0
user2354,7939,4436,462,1,1,1,8,4,1.79,0
user2355,2305,3976,179,0,1,0,8,4,0.58,0
user2356,5793,2648,66,0,1,1,8,4,2.19,0
user2357,7330,1845,206,0,0,1,8,4,3.97,0
user2358,7674,1266,370,0,1,0,8,4,6.06,0
user2359,1014,3347,488,1,1,1,8,4,0.3,0
user2360,4592,3865,125,1,0,0,8,4,1.19,0
user2361,7672,1348,414,1,0,1,8,4,5.69,0
user2362,8724,1872,11,1,1,1,8,4,4.66,0
user2363,6927,473,243,1,1,1,8,4,14.64,0
user2364,286,4440,28,0,1,0,8,4,0.06,0
user2365,6993,834,384,0,0,1,8,4,8.38,0
user2366,4699,3301,212,1,0,0,8,4,1.42,0
user2367,2071,668,198,1,1,1,8,4,3.1,0
user2368,9839,2083,107,1,1,0,8,4,4.72,0
user2369,12,2985,141,1,0,0,8,4,0.0,1
user2370,9051,2790,255,1,0,1,8,4,3.24,0
user2371,9735,2886,250,1,0,1,8,4,3.37,0
user2372,1443,4800,64,1,1,0,8,4,0.3,0
user2373,4746,1404,407,0,0,1,8,4,3.38,0
user2374,5964,2896,190,1,1,1,8,4,2.06,0
user2375,8522,87,470,0,1,0,8,4,97.95,0
user2376,1402,1888,125,0,0,0,8,4,0.74,0
user2377,2311,1725,100,1,1,0,8,4,1.34,0
user2378,8822,2322,250,1,1,0,8,4,3.8,0
user2379,2227,4971,76,1,1,0,8,4,0.45,0
user2380,1090,1136,107,0,0,0,8,4,0.96,0
user2381,5544,117,408,0,1,0,8,4,47.38,0
user2382,6774,3214,386,1,0,0,8,4,2.11,0
user2383,3274,1458,54,0,0,1,8,4,2.25,0
user2384,3646,2195,100,0,0,0,8,4,1.66,0
user2385,4373,3238,399,0,0,1,8,4,1.35,0
user2386,9812,1148,147,1,1,1,8,4,8.55,0
user2387,2998,4778,500,1,0,1,8,4,0.63,0
user2388,6762,1781,6,1,1,0,8,4,3.8,0
user2389,3885,2213,319,1,1,1,8,4,1.76,0
user2390,558,4200,10,1,0,0,8,4,0.13,0
user2391,9162,1356,489,1,1,1,8,4,6.76,0
user2392,921,4341,324,0,0,1,8,4,0.21,0
user2393,1452,782,410,0,0,0,8,4,1.86,0
user2394,6819,1149,431,1,1,0,8,4,5.93,0
user2395,6750,912,374,0,1,0,8,4,7.4,0
user2396,5584,1225,30,0,0,0,8,4,4.56,0
user2397,8934,4680,476,0,1,1,8,4,1.91,0
user2398,4022,2920,58,1,0,1,8,4,1.38,0
user2399,1852,2123,10,1,1,0,8,4,0.87,0
user2400,7636,3269,28,0,1,0,8,4,2.34,0
user2401,9994,292,451,1,1,1,8,4,34.23,0
user2402,2037,1128,305,0,0,1,8,4,1.81,0
user2403,3429,4536,146,0,0,0,8,4,0.76,0
user2404,7755,2515,36,0,0,1,8,4,3.08,0
user2405,420,4123,473,1,1,0,8,4,0.1,0
user2406,8583,540,500,0,0,1,8,4,15.89,0
user2407,9867,2758,70,1,1,1,8,4,3.58,0
user2408,1272,3515,148,1,1,0,8,4,0.36,0
user2409,1375,951,497,0,1,1,8,4,1.45,0
user2410,3077,1917,146,1,0,0,8,4,1.61,0
user2411,2952,1701,246,0,0,0,8,4,1.74,0
user2412,1187,3251,65,1,1,1,8,4,0.37,0
user2413,3588,1950,215,1,0,1,8,4,1.84,0
user2414,3653,3015,218,1,1,1,8,4,1.21,0
user2415,7250,895,148,1,0,1,8,4,8.1,0
user2416,7496,156,367,1,1,1,8,4,48.05,0
user2417,9933,970,365,0,1,1,8,4,10.24,0
user2418,3561,3511,240,1,1,0,8,4,1.01,0
user2419,51,921,285,0,1,1,8,4,0.06,0
user2420,275,3357,237,0,0,1,8,4,0.08,0
user2421,9382,1359,448,0,0,1,8,4,6.9,0
user2422,9514,2865,440,0,1,0,8,4,3.32,0
user2423,3682,197,132,1,1,0,8,4,18.69,0
user2424,2453,1509,303,1,0,0,8,4,1.63,0
user2425,5925,1835,358,1,0,0,8,4,3.23,0
user2426,866,4346,159,1,0,0,8,4,0.2,0
user2427,91,3029,471,0,1,1,8,4,0.03,0
user2428,8758,2418,271,0,1,1,8,4,3.62,0
user2429,5,3379,461,0,0,0,8,4,0.0,1
user2430,8559,1897,280,1,1,0,8,4,4.51,0
user2431,1433,2756,218,0,1,1,8,4,0.52,0
user2432,5420,2784,200,1,0,0,8,4,1.95,0
user2433,2626,24,477,1,0,0,8,4,109.42,0
user2434,3971,1895,439,0,0,1,8,4,2.1,0
user2435,3140,4395,255,1,0,1,8,4,0.71,0
user2436,3216,2185,113,1,0,0,8,4,1.47,0
user2437,5534,68,429,1,0,1,8,4,81.38,0
user2438,2941,2367,404,0,1,0,8,4,1.24,0
user2439,5116,330,248,0,1,1,8,4,15.5,0
user2440,2724,3985,46,0,0,0,8,4,0.68,0
user2441,9255,2255,113,0,1,1,8,4,4.1,0
user2442,3387,1290,54,0,1,0,8,4,2.63,0
user2443,6267,840,337,1,0,1,8,4,7.46,0
user2444,8670,4601,8,1,0,1,8,4,1.88,0
user2445,7063,211,5,1,1,0,8,4,33.47,0
user2446,8179,2038,223,1,0,1,8,4,4.01,0
user2447,6268,4633,268,0,1,0,8,4,1.35,0
user2448,4215,2860,401,0,1,0,8,4,1.47,0
user2449,5738,1471,280,1,1,1,8,4,3.9,0
user2450,2628,3278,200,1,1,1,8,4,0.8,0
user2451,2411,2250,378,1,1,1,8,4,1.07,0
user2452,9397,1244,357,0,1,1,8,4,7.55,0
user2453,246,2631,499,1,0,0,8,4,0.09,0
user2454,4518,2804,483,1,0,0,8,4,1.61,0
user2455,1347,1322,340,0,0,1,8,4,1.02,0
user2456,9426,816,201,1,1,1,8,4,11.55,0
user2457,9283,4725,134,0,0,0,8,4,1.96,0
user2458,5596,1761,128,1,1,0,8,4,3.18,0
user2459,965,2513,113,1,1,1,8,4,0.38,0
user2460,3306,3343,118,1,1,0,8,4,0.99,0
user2461,7906,3803,266,0,0,0,8,4,2.08,0
user2462,5735,1841,315,1,1,1,8,4,3.12,0
user2463,8291,1821,461,1,1,0,8,4,4.55,0
user2464,7208,4314,89,1,0,1,8,4,1.67,0
user2465,760,4031,468,1,0,0,8,4,0.19,0
user2466,3167,1857,392,0,1,1,8,4,1.71,0
user2467,6029,3058,190,1,0,0,8,4,1.97,0
user2468,4640,647,87,1,0,0,8,4,7.17,0
user2469,4720,4307,98,0,0,1,8,4,1.1,0
user2470,7275,1741,63,0,0,0,8,4,4.18,0
user2471,415,3245,58,1,0,1,8,4,0.13,0
user2472,2315,4611,49,0,1,0,8,4,0.5,0
user2473,7477,3126,170,0,1,1,8,4,2.39,0
user2474,6299,4938,144,0,0,1,8,4,1.28,0
user2475,9049,1763,110,0,1,0,8,4,5.13,0
user2476,7554,4980,381,1,1,0,8,4,1.52,0
user2477,3399,4967,382,1,0,0,8,4,0.68,0
user2478,7886,3382,150,0,0,1,8,4,2.33,0
user2479,1855,4554,85,0,0,0,8,4,0.41,0
user2480,1443,3561,8,1,1,0,8,4,0.41,0
user2481,8322,1156,478,1,1,1,8,4,7.2,0
user2482,370,4955,433,0,1,1,8,4,0.07,0
user2483,1746,820,319,1,0,0,8,4,2.13,0
user2484,1059,3490,385,0,1,0,8,4,0.3,0
user2485,5234,884,272,0,1,1,8,4,5.92,0
user2486,1519,1242,129,1,0,0,8,4,1.22,0
user2487,2176,4006,220,1,0,0,8,4,0.54,0
user2488,817,4057,298,1,1,0,8,4,0.2,0
user2489,2280,1066,284,0,1,1,8,4,2.14,0
user2490,8837,4973,299,0,1,1,8,4,1.78,0
user2491,8112,119,102,0,1,1,8,4,68.17,0
user2492,9419,1762,111,0,0,0,8,4,5.35,0
user2493,5553,2191,188,0,0,0,8,4,2.53,0
user2494,2265,39,480,0,0,1,8,4,58.08,0
user2495,1208,1133,233,1,1,1,8,4,1.07,0
user2496,9299,632,150,1,1,0,8,4,14.71,0
user2497,7673,3790,343,1,0,1,8,4,2.02,0
user2498,1345,2449,448,1,1,0,8,4,0.55,0
user2499,2545,4801,272,0,1,0,8,4,0.53,0
user2500,8057,1635,117,0,0,0,8,4,4.93,0
user2501,6116,4506,249,0,0,1,8,4,1.36,0
user2502,1193,4117,145,1,1,0,8,4,0.29,0
user2503,2014,4859,191,0,0,0,8,4,0.41,0
user2504,2856,2606,448,0,0,0,8,4,1.1,0
user2505,2692,4445,269,1,1,1,8,4,0.61,0
user2506,3254,2861,411,1,1,1,8,4,1.14,0
user2507,671,394,459,1,1,1,8,4,1.7,0
user2508,9486,3660,65,0,0,0,8,4,2.59,0
user2509,3272,4800,441,1,0,1,8,4,0.68,0
user2510,3130,4512,323,1,1,0,8,4,0.69,0
user2511,9357,3939,468,1,0,1,8,4,2.38,0
user2512,4841,1640,286,0,0,1,8,4,2.95,0
user2513,8105,1458,335,1,1,0,8,4,5.56,0
user2514,9251,1255,489,0,0,1,8,4,7.37,0
user2515,3537,3763,28,0,1,0,8,4,0.94,0
user2516,7657,4709,294,1,1,0,8,4,1.63,0
user2517,1777,866,298,0,1,0,8,4,2.05,0
user2518,2685,854,340,0,1,1,8,4,3.14,0
user2519,7232,3231,264,1,1,1,8,4,2.24,0
user2520,8208,3875,395,0,1,0,8,4,2.12,0
user2521,3466,1255,65,0,0,0,8,4,2.76,0
user2522,7691,1452,287,0,0,1,8,4,5.3,0
user2523,2443,1003,102,1,1,0,8,4,2.44,0
user2524,932,771,28,1,0,1,8,4,1.21,0
user2525,3048,4950,348,1,1,1,8,4,0.62,0
user2526,3920,1547,186,1,0,1,8,4,2.53,0
user2527,9718,349,463,1,0,1,8,4,27.85,0
user2528,1264,1588,187,1,1,1,8,4,0.8,0
user2529,562,1731,97,0,1,1,8,4,0.32,0
user2530,6843,171,102,1,0,1,8,4,40.02,0
user2531,5763,1068,26,0,0,1,8,4,5.4,0
user2532,3352,2688,155,0,0,0,8,4,1.25,0
user2533,6625,28,446,1,1,1,8,4,236.61,0
user2534,7186,3632,212,0,0,0,8,4,1.98,0
user2535,9983,1411,219,0,1,0,8,4,7.08,0
user2536,5638,2472,83,1,1,1,8,4,2.28,0
user2537,7401,3229,101,0,0,1,8,4,2.29,0
user2538,1451,358,214,0,0,0,8,4,4.05,0
user2539,2601,29,245,1,0,1,8,4,89.69,0
user2540,8609,806,440,1,0,0,8,4,10.68,0
user2541,7558,4066,440,0,1,1,8,4,1.86,0
user2542,9836,2074,500,0,1,0,8,4,4.74,0
user2543,9329,4984,88,0,0,1,8,4,1.87,0
user2544,4562,1117,302,1,0,0,8,4,4.08,0
user2545,7171,3774,324,1,0,0,8,4,1.9,0
user2546,9214,1867,497,1,0,1,8,4,4.94,0
user2547,7288,525,417,0,1,1,8,4,13.88,0
user2548,2955,3555,107,1,0,1,8,4,0.83,0
user2549,3208,4208,264,0,0,0,8,4,0.76,0
user2550,5685,2434,478,1,1,1,8,4,2.34,0
user2551,7527,1356,117,1,1,1,8,4,5.55,0
user2552,6324,2210,9,1,0,1,8,4,2.86,0
user2553,3191,1946,175,1,0,0,8,4,1.64,0
user2554,4004,4994,442,0,0,0,8,4,0.8,0
user2555,4252,2918,322,0,0,0,8,4,1.46,0
user2556,5301,3583,92,1,0,0,8,4,1.48,0
user2557,402,3175,393,0,1,0,8,4,0.13,0
user2558,1573,835,464,1,0,0,8,4,1.88,0
user2559,2403,3507,134,1,0,1,8,4,0.69,0
user2560,5676,4305,165,0,0,1,8,4,1.32,0
user2561,1237,2165,132,0,0,1,8,4,0.57,0
user2562,5893,4399,208,1,0,0,8,4,1.34,0
user2563,1035,1183,253,1,1,0,8,4,0.87,0
user2564,3003,2017,254,0,0,1,8,4,1.49,0
user2565,9486,2707,453,1,0,1,8,4,3.5,0
user2566,450,1926,499,1,1,1,8,4,0.23,0
user2567,5803,1066,6,0,1,0,8,4,5.44,0
user2568,9864,221,265,1,0,0,8,4,44.63,0
user2569,6704,769,198,0,1,1,8,4,8.72,0
user2570,8263,3641,439,0,1,1,8,4,2.27,0
user2571,3121,1604,423,0,0,0,8,4,1.95,0
user2572,372,813,205,1,1,1,8,4,0.46,0
user2573,5158,2282,311,1,1,0,8,4,2.26,0
user2574,4032,4295,377,0,0,0,8,4,0.94,0
user2575,5575,3310,162,1,0,1,8,4,1.68,0
user2576,2333,2711,439,0,0,1,8,4,0.86,0
user2577,1655,3829,340,0,1,0,8,4,0.43,0
user2578,4349,4388,383,0,0,1,8,4,0.99,0
user2579,8060,1495,371,0,0,0,8,4,5.39,0
user2580,8655,483,221,0,1,0,8,4,17.92,0
user2581,200,1021,118,1,0,0,8,4,0.2,0
user2582,4567,1947,21,0,0,0,8,4,2.35,0
user2583,7484,788,158,1,0,1,8,4,9.5,0
user2584,7073,1972,144,0,1,1,8,4,3.59,0
user2585,3687,3240,311,1,0,1,8,4,1.14,0
user2586,1685,4308,332,1,1,1,8,4,0.39,0
user2587,4944,2702,228,0,0,0,8,4,1.83,0
user2588,985,3887,253,1,1,1,8,4,0.25,0
user2589,5752,1561,496,1,0,0,8,4,3.68,0
user2590,4530,3229,98,0,1,1,8,4,1.4,0
user2591,1243,169,282,0,0,0,8,4,7.36,0
user2592,7286,1166,277,0,0,1,8,4,6.25,0
user2593,3594,1658,191,0,1,1,8,4,2.17,0
user2594,3463,2718,161,0,1,1,8,4,1.27,0
user2595,2558,2084,93,1,0,0,8,4,1.23,0
user2596,1779,4425,352,0,1,0,8,4,0.4,0
user2597,8388,1220,388,1,1,1,8,4,6.88,0
user2598,266,326,268,0,1,1,8,4,0.82,0
user2599,327,1488,477,0,1,1,8,4,0.22,0
user2600,5481,1922,335,1,1,0,8,4,2.85,0
user2601,3052,822,56,0,1,0,8,4,3.71,0
user2602,6525,278,404,1,0,1,8,4,23.47,0
user2603,1336,1893,70,1,0,0,8,4,0.71,0
user2604,6453,3057,140,0,1,0,8,4,2.11,0
user2605,8323,2256,17,0,1,1,8,4,3.69,0
user2606,5222,3785,389,1,0,0,8,4,1.38,0
user2607,6286,1496,192,1,0,1,8,4,4.2,0
user2608,9943,554,100,0,1,0,8,4,17.95,0
user2609,5754,4631,211,0,0,1,8,4,1.24,0
user2610,6086,3288,432,0,0,1,8,4,1.85,0
user2611,2445,3020,231,1,0,1,8,4,0.81,0
user2612,7546,168,351,0,0,0,8,4,44.92,0
user2613,4496,2166,233,0,0,1,8,4,2.08,0
user2614,1984,1710,321,0,1,0,8,4,1.16,0
user2615,1206,3397,269,0,0,1,8,4,0.36,0
user2616,5163,1682,222,1,1,1,8,4,3.07,0
user2617,2888,164,281,1,0,1,8,4,17.61,0
user2618,5432,2545,189,0,1,0,8,4,2.13,0
user2619,5649,262,152,1,1,1,8,4,21.56,0
user2620,4089,2184,123,0,0,0,8,4,1.87,0
user2621,6535,1676,330,1,0,0,8,4,3.9,0
user2622,4986,4686,382,1,1,1,8,4,1.06,0
user2623,4095,4149,152,1,0,1,8,4,0.99,0
user2624,9247,752,136,1,0,0,8,4,12.3,0
user2625,3483,3668,98,1,1,1,8,4,0.95,0
user2626,8587,1538,346,0,0,1,8,4,5.58,0
user2627,3948,1619,177,1,1,1,8,4,2.44,0
user2628,6114,1533,173,1,1,1,8,4,3.99,0
user2629,2204,3518,408,1,1,0,8,4,0.63,0
user2630,7969,1646,44,1,1,0,8,4,4.84,0
user2631,5671,2063,27,0,1,0,8,4,2.75,0
user2632,7296,4854,262,1,0,1,8,4,1.5,0
user2633,3764,2734,43,1,1,1,8,4,1.38,0
user2634,6538,4218,205,0,0,0,8,4,1.55,0
user2635,2996,3819,272,0,0,1,8,4,0.78,0
user2636,2121,2768,64,1,0,1,8,4,0.77,0
user2637,3552,4826,448,0,1,0,8,4,0.74,0
user2638,5613,1929,242,0,1,0,8,4,2.91,0
user2639,758,1233,91,0,1,0,8,4,0.61,0
user2640,1340,4902,184,0,0,1,8,4,0.27,0
user2641,4630,1045,496,0,1,0,8,4,4.43,0
user2642,2136,324,374,0,1,0,8,4,6.59,0
user2643,9126,1296,333,0,0,1,8,4,7.04,0
user2644,3477,2905,125,1,1,1,8,4,1.2,0
user2645,8537,4501,117,0,0,0,8,4,1.9,0
user2646,7603,847,13,1,1,0,8,4,8.98,0
user2647,4318,747,494,0,1,0,8,4,5.78,0
user2648,2544,3859,211,0,0,0,8,4,0.66,0
user2649,2024,3507,324,0,1,0,8,4,0.58,0
user2650,3674,4913,362,1,0,1,8,4,0.75,0
user2651,4391,2160,18,0,1,0,8,4,2.03,0
user2652,4724,3697,74,1,1,1,8,4,1.28,0
user2653,8004,3672,449,0,0,0,8,4,2.18,0
user2654,1510,2803,461,1,0,0,8,4,0.54,0
user2655,8327,1226,277,1,0,1,8,4,6.79,0
user2656,8114,3704,160,1,0,0,8,4,2.19,0
user2657,7533,2257,403,1,0,1,8,4,3.34,0
user2658,7713,4582,35,0,0,1,8,4,1.68,0
user2659,678,1333,47,0,1,0,8,4,0.51,0
user2660,691,2153,179,0,0,1,8,4,0.32,0
user2661,1527,1572,224,1,0,0,8,4,0.97,0
user2662,1905,1642,49,1,1,0,8,4,1.16,0
user2663,2156,2765,219,0,1,0,8,4,0.78,0
user2664,6210,4359,23,0,0,1,8,4,1.42,0
user2665,4311,4399,233,0,0,1,8,4,0.98,0
user2666,5910,3054,481,0,1,0,8,4,1.94,0
user2667,317,2361,18,1,0,0,8,4,0.13,0
user2668,7137,3832,330,0,0,1,8,4,1.86,0
user2669,6071,2528,267,1,0,0,8,4,2.4,0
user2670,5771,1270,439,1,1,1,8,4,4.54,0
user2671,1256,2556,460,1,0,1,8,4,0.49,0
user2672,8807,1934,408,1,1,1,8,4,4.55,0
user2673,2557,3834,378,0,1,0,8,4,0.67,0
user2674,2210,3011,220,0,0,1,8,4,0.73,0
user2675,2556,4999,268,0,0,1,8,4,0.51,0
user2676,4566,2295,467,1,0,0,8,4,1.99,0
user2677,7123,4507,259,0,0,1,8,4,1.58,0
user2678,1323,1897,240,1,1,1,8,4,0.7,0
user2679,6608,301,156,0,0,0,8,4,21.95,0
user2680,5336,4861,90,0,1,0,8,4,1.1,0
user2681,5875,4171,48,1,1,1,8,4,1.41,0
user2682,4486,1560,351,0,0,1,8,4,2.88,0
user2683,7057,3595,398,1,0,1,8,4,1.96,0
user2684,4816,1947,69,0,0,0,8,4,2.47,0
user2685,9418,2128,128,0,1,1,8,4,4.43,0
user2686,2754,688,249,1,0,1,8,4,4.0,0
user2687,6172,1976,59,1,1,0,8,4,3.12,0
user2688,4763,4359,153,1,0,0,8,4,1.09,0
user2689,2776,2086,383,0,1,0,8,4,1.33,0
user2690,8981,3805,47,1,0,1,8,4,2.36,0
user2691,6987,4605,116,0,1,1,8,4,1.52,0
user2692,6067,1660,415,0,1,0,8,4,3.65,0
user2693,2831,1872,370,0,1,1,8,4,1.51,0
user2694,7752,4597,182,0,0,0,8,4,1.69,0
user2695,4710,2514,65,1,1,0,8,4,1.87,0
user2696,3281,2222,107,1,0,0,8,4,1.48,0
user2697,9114,2672,393,0,1,0,8,4,3.41,0
user2698,7341,4756,131,0,1,1,8,4,1.54,0
user2699,1540,670,413,0,0,0,8,4,2.3,0
user2700,2790,561,336,0,0,0,8,4,4.97,0
user2701,2070,3929,58,0,0,0,8,4,0.53,0
user2702,3007,2322,380,0,0,0,8,4,1.3,0
user2703,4176,2756,493,0,0,0,8,4,1.52,0
user2704,4884,2839,242,1,1,0,8,4,1.72,0
user2705,5388,483,336,0,0,0,8,4,11.16,0
user2706,9574,4150,16,0,0,0,8,4,2.31,0
user2707,249,959,80,1,0,0,8,4,0.26,0
user2708,4539,304,92,1,0,0,8,4,14.93,0
user2709,5078,1205,406,0,1,1,8,4,4.21,0
user2710,7921,3316,444,1,0,1,8,4,2.39,0
user2711,7260,3955,482,1,1,1,8,4,1.84,0
user2712,390,1296,9,1,1,1,8,4,0.3,0
user2713,215,770,44,1,1,0,8,4,0.28,0
user2714,4412,1404,272,1,0,0,8,4,3.14,0
user2715,7413,1174,93,0,0,0,8,4,6.31,0
user2716,1957,1596,183,1,0,0,8,4,1.23,0
user2717,9553,2704,27,0,0,0,8,4,3.53,0
user2718,1574,311,456,0,0,0,8,4,5.06,0
user2719,5210,2124,341,1,0,1,8,4,2.45,0
user2720,3242,4535,20,0,1,1,8,4,0.71,0
user2721,6258,299,282,1,0,1,8,4,20.93,0
user2722,9697,3638,190,1,1,0,8,4,2.67,0
user2723,6998,3904,96,1,1,0,8,4,1.79,0
user2724,2377,261,314,1,0,0,8,4,9.11,0
user2725,3295,1476,266,1,0,1,8,4,2.23,0
user2726,7893,115,331,0,1,0,8,4,68.63,0
user2727,5106,4995,414,0,0,1,8,4,1.02,0
user2728,6346,2502,352,0,1,0,8,4,2.54,0
user2729,4174,220,221,1,0,1,8,4,18.97,0
user2730,2870,2941,473,0,1,0,8,4,0.98,0
user2731,8154,3512,309,0,0,1,8,4,2.32,0
user2732,8258,1390,86,1,1,1,8,4,5.94,0
user2733,4991,3364,369,0,0,0,8,4,1.48,0
user2734,8280,2350,371,1,1,1,8,4,3.52,0
user2735,2496,1304,469,0,0,0,8,4,1.91,0
user2736,1955,4666,21,0,0,1,8,4,0.42,0
user2737,3686,1089,17,1,1,1,8,4,3.38,0
user2738,4100,3918,141,1,0,0,8,4,1.05,0
user2739,4275,1646,443,1,0,1,8,4,2.6,0
user2740,436,510,390,0,1,1,8,4,0.85,0
user2741,5245,1777,70,0,1,1,8,4,2.95,0
user2742,1460,4776,484,0,0,1,8,4,0.31,0
user2743,5418,2284,387,0,0,1,8,4,2.37,0
user2744,4518,2745,83,1,1,1,8,4,1.65,0
user2745,7403,2241,339,0,0,0,8,4,3.3,0
user2746,7417,2192,117,1,0,1,8,4,3.38,0
user2747,9337,1559,4,0,1,0,8,4,5.99,0
user2748,5912,1928,0,1,1,1,8,4,3.07,0
user2749,1145,3883,121,0,1,0,8,4,0.29,0
user2750,974,2061,146,1,1,1,8,4,0.47,0
user2751,650,1259,20,1,0,1,8,4,0.52,0
user2752,2559,3152,490,0,1,0,8,4,0.81,0
user2753,6486,3840,159,1,1,0,8,4,1.69,0
user2754,8730,4982,286,1,1,0,8,4,1.75,0
user2755,4505,233,156,0,1,0,8,4,19.33,0
user2756,6860,3186,475,0,1,0,8,4,2.15,0
user2757,5405,2592,303,1,1,0,8,4,2.09,0
user2758,8534,2979,482,1,0,0,8,4,2.86,0
user2759,7141,2913,31,1,1,0,8,4,2.45,0
user2760,4738,1181,39,1,1,1,8,4,4.01,0
user2761,544,369,93,1,1,0,8,4,1.47,0
user2762,6394,428,378,1,1,1,8,4,14.94,0
user2763,2055,3391,39,0,0,1,8,4,0.61,0
user2764,5441,4974,391,1,0,0,8,4,1.09,0
user2765,2775,4032,44,1,0,1,8,4,0.69,0
user2766,8075,3632,51,1,0,1,8,4,2.22,0
user2767,5627,3840,64,0,1,1,8,4,1.47,0
user2768,8654,288,80,1,1,1,8,4,30.05,0
user2769,5505,3109,261,1,0,1,8,4,1.77,0
user2770,7969,1427,136,1,0,0,8,4,5.58,0
user2771,2372,250,137,0,1,0,8,4,9.49,0
user2772,3243,4077,155,0,0,1,8,4,0.8,0
user2773,2085,4361,460,1,0,0,8,4,0.48,0
user2774,8350,2313,0,0,0,1,8,4,3.61,0
user2775,3999,891,22,1,0,1,8,4,4.49,0
user2776,926,3169,2,0,1,1,8,4,0.29,0
user2777,1280,2841,211,0,0,1,8,4,0.45,0
user2778,5295,933,171,0,0,0,8,4,5.68,0
user2779,2092,4329,121,1,0,1,8,4,0.48,0
user2780,562,1149,161,1,1,0,8,4,0.49,0
user2781,9571,4177,362,1,0,1,8,4,2.29,0
user2782,9630,1174,226,1,0,1,8,4,8.2,0
user2783,9023,2162,376,1,1,0,8,4,4.17,0
user2784,5575,615,200,1,1,0,8,4,9.07,0
user2785,9299,2294,368,0,0,0,8,4,4.05,0
user2786,2973,1135,473,1,1,1,8,4,2.62,0
user2787,9214,3005,240,1,1,0,8,4,3.07,0
user2788,7321,3665,360,1,1,0,8,4,2.0,0
user2789,2910,4077,115,1,0,0,8,4,0.71,0
user2790,6790,3100,358,0,0,1,8,4,2.19,0
user2791,7699,3277,419,1,0,1,8,4,2.35,0
user2792,2803,2594,230,1,1,1,8,4,1.08,0
user2793,4247,3151,355,1,1,1,8,4,1.35,0
user2794,6303,2061,99,0,1,0,8,4,3.06,0
user2795,3154,2051,77,0,1,1,8,4,1.54,0
user2796,7198,1447,371,0,1,0,8,4,4.97,0
user2797,9159,4530,275,1,1,0,8,4,2.02,0
user2798,7672,3657,388,1,1,0,8,4,2.1,0
user2799,4312,425,277,0,1,0,8,4,10.15,0
user2800,1630,152,172,1,0,0,8,4,10.72,0
user2801,4023,1387,463,0,0,1,8,4,2.9,0
user2802,8804,958,68,1,0,0,8,4,9.19,0
user2803,7508,2487,444,0,0,0,8,4,3.02,0
user2804,3737,670,155,1,0,1,8,4,5.58,0
user2805,8628,1931,294,1,1,0,8,4,4.47,0
user2806,9872,74,91,1,1,0,8,4,133.41,0
user2807,3612,1040,184,1,1,1,8,4,3.47,0
user2808,9562,1977,236,0,1,0,8,4,4.84,0
user2809,3669,3547,405,1,1,0,8,4,1.03,0
user2810,5302,1869,10,0,1,1,8,4,2.84,0
user2811,5162,2689,218,0,0,1,8,4,1.92,0
user2812,5191,3617,357,0,0,1,8,4,1.44,0
user2813,1253,3962,247,1,1,1,8,4,0.32,0
user2814,844,733,213,1,0,1,8,4,1.15,0
user2815,1689,99,115,0,1,1,8,4,17.06,0
user2816,6750,232,92,1,1,0,8,4,29.09,0
user2817,8607,1648,121,1,0,0,8,4,5.22,0
user2818,101,547,53,0,1,0,8,4,0.18,0
user2819,4835,3434,85,0,1,0,8,4,1.41,0
user2820,5959,2847,210,1,0,0,8,4,2.09,0
user2821,5561,2581,310,0,0,0,8,4,2.15,0
user2822,8889,3653,346,1,0,0,8,4,2.43,0
user2823,4148,213,109,1,1,0,8,4,19.47,0
user2824,1914,520,84,0,1,1,8,4,3.68,0
user2825,2415,497,397,0,1,1,8,4,4.86,0
user2826,1412,4114,157,1,1,1,8,4,0.34,0
user2827,4600,1705,120,1,1,0,8,4,2.7,0
user2828,4770,2828,212,1,1,0,8,4,1.69,0
user2829,196,3354,308,0,1,1,8,4,0.06,0
user2830,9388,2181,231,1,0,1,8,4,4.3,0
user2831,1527,4868,286,1,1,0,8,4,0.31,0
user2832,6703,2791,103,0,1,1,8,4,2.4,0
user2833,971,3421,246,1,1,1,8,4,0.28,0
user2834,2288,3892,124,1,0,0,8,4,0.59,0
user2835,5358,2169,129,1,0,0,8,4,2.47,0
user2836,431,1416,233,1,0,1,8,4,0.3,0
user2837,9612,3307,14,1,0,0,8,4,2.91,0
user2838,1318,3384,315,0,1,1,8,4,0.39,0
user2839,8544,1834,54,0,0,1,8,4,4.66,0
user2840,4853,1690,373,1,1,0,8,4,2.87,0
user2841,8692,252,50,1,0,0,8,4,34.49,0
user2842,9042,576,233,0,1,1,8,4,15.7,0
user2843,670,4699,479,0,0,0,8,4,0.14,0
user2844,4048,3747,263,0,1,0,8,4,1.08,0
user2845,4510,2059,304,1,1,0,8,4,2.19,0
user2846,5163,3831,351,0,0,1,8,4,1.35,0
user2847,9601,1309,326,1,0,1,8,4,7.33,0
user2848,850,4495,72,1,1,1,8,4,0.19,0
user2849,5021,1792,9,0,1,1,8,4,2.8,0
user2850,9738,2691,455,0,1,0,8,4,3.62,0
user2851,9717,4150,459,0,0,0,8,4,2.34,0
user2852,9536,2578,393,0,0,0,8,4,3.7,0
user2853,6715,1776,364,0,0,1,8,4,3.78,0
user2854,529,1058,485,0,0,0,8,4,0.5,0
user2855,5042,1991,403,0,1,1,8,4,2.53,0
user2856,8965,2606,13,0,1,0,8,4,3.44,0
user2857,5776,1479,218,1,1,0,8,4,3.91,0
user2858,9250,3498,219,1,1,0,8,4,2.64,0
user2859,8272,3096,7,1,1,0,8,4,2.67,0
user2860,8193,1371,100,0,0,1,8,4,5.98,0
user2861,8945,3108,318,1,1,1,8,4,2.88,0
user2862,336,1861,242,1,0,0,8,4,0.18,0
user2863,5736,2194,128,1,1,0,8,4,2.61,0
user2864,6881,4147,59,0,0,0,8,4,1.66,0
user2865,3773,3327,114,0,1,1,8,4,1.13,0
user2866,4438,2359,430,0,0,0,8,4,1.88,0
user2867,6903,3226,346,0,1,0,8,4,2.14,0
user2868,2598,3501,103,1,1,0,8,4,0.74,0
user2869,4599,10,215,1,0,1,8,4,459.9,0
user2870,7808,2737,390,0,0,0,8,4,2.85,0
user2871,1626,1001,239,1,1,0,8,4,1.62,0
user2872,8234,3570,254,0,1,1,8,4,2.31,0
user2873,5714,1481,405,1,1,0,8,4,3.86,0
user2874,3144,4847,240,1,1,0,8,4,0.65,0
user2875,7777,2157,416,0,0,0,8,4,3.61,0
user2876,5346,2436,112,0,1,1,8,4,2.19,0
user2877,4016,4696,293,0,0,0,8,4,0.86,0
user2878,5596,2880,133,1,0,1,8,4,1.94,0
user2879,2691,2158,335,0,0,0,8,4,1.25,0
user2880,4475,2198,439,0,0,0,8,4,2.04,0
user2881,8195,3168,45,0,1,1,8,4,2.59,0
user2882,3946,2255,180,1,0,0,8,4,1.75,0
user2883,9168,3497,428,0,1,1,8,4,2.62,0
user2884,2932,2286,25,1,1,0,8,4,1.28,0
user2885,258,4018,329,0,0,0,8,4,0.06,1
user2886,5865,3132,154,0,1,1,8,4,1.87,0
user2887,1263,1982,374,1,1,0,8,4,0.64,0
user2888,5845,1620,485,1,0,0,8,4,3.61,0
user2889,5244,146,446,1,1,1,8,4,35.92,0
user2890,5697,2029,236,1,1,0,8,4,2.81,0
user2891,3449,2812,125,1,1,0,8,4,1.23,0
user2892,7314,1038,405,0,0,1,8,4,7.05,0
user2893,7380,3068,264,1,1,1,8,4,2.41,0
user2894,2006,1960,122,1,0,0,8,4,1.02,0
user2895,6465,3860,408,0,0,0,8,4,1.67,0
user2896,2769,1759,7,0,0,0,8,4,1.57,1
user2897,5747,1024,419,1,0,1,8,4,5.61,0
user2898,5781,1175,20,0,0,0,8,4,4.92,0
user2899,9253,4972,14,1,1,0,8,4,1.86,0
user2900,9084,4992,307,1,0,1,8,4,1.82,0
user2901,9712,967,44,0,0,1,8,4,10.04,0
user2902,8257,4628,421,1,0,0,8,4,1.78,0
user2903,89,931,332,0,1,0,8,4,0.1,0
user2904,3575,2333,373,0,0,0,8,4,1.53,0
user2905,9806,3692,282,1,0,0,8,4,2.66,0
user2906,7873,1044,395,1,0,0,8,4,7.54,0
user2907,910,4146,361,1,0,0,8,4,0.22,0
user2908,6733,1346,422,1,1,0,8,4,5.0,0
user2909,2176,2623,487,0,1,1,8,4,0.83,0
user2910,1570,4984,34,0,0,1,8,4,0.32,0
user2911,4808,2077,360,1,1,0,8,4,2.31,0
user2912,5291,99,456,0,0,0,8,4,53.44,0
user2913,1307,568,427,0,0,1,8,4,2.3,0
user2914,7910,4085,117,0,1,1,8,4,1.94,0
user2915,7956,829,341,0,1,1,8,4,9.6,0
user2916,9093,2339,123,0,1,1,8,4,3.89,0
user2917,5251,930,242,1,1,0,8,4,5.65,0
user2918,4293,1323,163,1,0,0,8,4,3.24,0
user2919,4725,4960,212,1,1,0,8,4,0.95,0
user2920,1117,1107,377,0,1,1,8,4,1.01,0
user2921,3637,2491,291,0,0,1,8,4,1.46,0
user2922,2400,4177,157,1,1,1,8,4,0.57,0
user2923,3288,4329,368,1,0,0,8,4,0.76,0
user2924,7874,3874,183,0,1,0,8,4,2.03,0
user2925,4325,3031,157,1,0,0,8,4,1.43,0
user2926,3098,1946,70,0,1,0,8,4,1.59,0
user2927,6457,3838,241,1,1,1,8,4,1.68,0
user2928,2756,3511,450,1,1,0,8,4,0.78,0
user2929,5064,2699,55,0,0,1,8,4,1.88,0
user2930,2900,505,311,0,1,1,8,4,5.74,0
user2931,4675,1658,312,0,1,0,8,4,2.82,0
user2932,6815,3617,466,1,0,0,8,4,1.88,0
user2933,4544,3891,112,0,1,1,8,4,1.17,0
user2934,6092,4154,27,1,1,1,8,4,1.47,0
user2935,1869,3646,304,1,0,0,8,4,0.51,0
user2936,3990,3790,215,0,0,0,8,4,1.05,0
user2937,4782,2972,56,1,0,1,8,4,1.61,0
user2938,3722,883,120,1,1,1,8,4,4.22,0
user2939,127,3420,132,0,0,0,8,4,0.04,1
user2940,6004,3056,100,1,1,0,8,4,1.96,0
user2941,7270,517,14,0,0,1,8,4,14.06,0
user2942,2364,1022,261,1,0,1,8,4,2.31,0
user2943,5304,2809,156,1,0,0,8,4,1.89,0
user2944,4005,2102,337,0,1,1,8,4,1.91,0
user2945,4860,4566,358,0,0,1,8,4,1.06,0
user2946,6345,540,287,0,0,1,8,4,11.75,0
user2947,6574,4593,477,0,1,0,8,4,1.43,0
user2948,5173,2562,95,0,1,0,8,4,2.02,0
user2949,2082,1486,144,1,1,1,8,4,1.4,0
user2950,1091,324,75,0,0,0,8,4,3.37,0
user2951,6698,2938,278,0,0,0,8,4,2.28,0
user2952,1725,3460,154,1,1,1,8,4,0.5,0
user2953,7904,1572,473,0,1,1,8,4,5.03,0
user2954,4342,639,469,1,1,0,8,4,6.79,0
user2955,2470,1555,294,1,1,1,8,4,1.59,0
user2956,4366,3705,101,1,0,0,8,4,1.18,0
user2957,9957,4529,434,0,0,1,8,4,2.2,0
user2958,1120,217,206,0,1,1,8,4,5.16,0
user2959,8892,2992,304,1,1,1,8,4,2.97,0
user2960,6502,4064,168,0,0,1,8,4,1.6,0
user2961,2271,732,484,1,0,1,8,4,3.1,0
user2962,8626,3975,103,1,0,1,8,4,2.17,0
user2963,2159,2965,451,0,1,1,8,4,0.73,0
user2964,5275,2124,202,1,0,1,8,4,2.48,0
user2965,9588,4861,148,1,1,0,8,4,1.97,0
user2966,7408,791,149,0,1,1,8,4,9.37,0
user2967,7692,2105,252,1,0,0,8,4,3.65,0
user2968,1319,1878,27,0,0,0,8,4,0.7,0
user2969,6226,3725,333,1,0,1,8,4,1.67,0
user2970,9478,1066,216,0,1,1,8,4,8.89,0
user2971,3041,1592,21,0,0,1,8,4,1.91,0
user2972,5616,2305,176,0,1,0,8,4,2.44,0
user2973,6710,3657,292,0,0,0,8,4,1.83,0
user2974,8572,23,266,0,0,0,8,4,372.7,0
user2975,1678,2717,71,0,1,0,8,4,0.62,0
user2976,5353,1579,422,1,0,1,8,4,3.39,0
user2977,6723,1319,429,0,0,0,8,4,5.1,0
user2978,8352,4245,140,1,1,0,8,4,1.97,0
user2979,5628,2347,427,1,0,0,8,4,2.4,0
user2980,3692,4298,55,0,0,0,8,4,0.86,0
user2981,6854,3182,264,1,0,1,8,4,2.15,0
user2982,1469,2967,446,1,1,0,8,4,0.5,0
user2983,4425,254,69,0,1,0,8,4,17.42,0
user2984,4435,2571,127,1,0,1,8,4,1.73,0
user2985,9163,42,99,1,1,0,8,4,218.17,0
user2986,3765,913,379,1,0,1,8,4,4.12,0
user2987,4737,4457,468,1,1,0,8,4,1.06,0
user2988,6187,1799,154,0,1,0,8,4,3.44,0
user2989,9687,1761,400,1,1,0,8,4,5.5,0
user2990,2465,298,112,1,0,1,8,4,8.27,0
user2991,3813,3395,307,1,1,0,8,4,1.12,0
user2992,7063,1611,269,0,1,1,8,4,4.38,0
user2993,3051,4627,59,0,1,1,8,4,0.66,0
user2994,1239,4851,88,1,1,0,8,4,0.26,0
user2995,5531,2241,480,0,0,0,8,4,2.47,0
user2996,6287,1966,0,1,1,1,8,4,3.2,0
user2997,8150,3553,80,0,0,0,8,4,2.29,0
user2998,207,4898,492,1,0,1,8,4,0.04,0
user2999,3709,1032,21,1,0,0,8,4,3.59,0
user3000,6198,4090,364,1,1,1,8,4,1.52,0
user3001,7312,4738,97,0,0,0,8,4,1.54,0
user3002,6481,2175,310,1,1,0,8,4,2.98,0
user3003,7438,4965,206,1,0,0,8,4,1.5,0
user3004,1920,4733,369,0,1,0,8,4,0.41,0
user3005,7972,1985,201,0,0,1,8,4,4.02,0
user3006,5259,2518,397,0,1,0,8,4,2.09,0
user3007,1426,4080,243,0,1,1,8,4,0.35,0
user3008,592,1479,69,0,1,0,8,4,0.4,0
user3009,5026,2193,26,1,0,0,8,4,2.29,0
user3010,2640,3999,143,1,0,1,8,4,0.66,0
user3011,5756,1217,205,0,0,0,8,4,4.73,0
user3012,9530,4240,458,1,1,1,8,4,2.25,0
user3013,7676,3457,218,1,0,0,8,4,2.22,0
user3014,7095,3229,441,1,0,1,8,4,2.2,0
user3015,1304,3952,396,0,0,1,8,4,0.33,0
user3016,1525,4225,89,0,1,1,8,4,0.36,0
user3017,3284,4937,360,1,0,0,8,4,0.67,0
user3018,1866,3381,336,0,1,1,8,4,0.55,0
user3019,4403,100,225,1,1,0,8,4,44.03,0
user3020,8948,867,115,1,0,0,8,4,10.32,0
user3021,9381,1319,361,1,1,0,8,4,7.11,0
user3022,6728,3802,94,0,0,0,8,4,1.77,0
user3023,469,3842,51,0,0,1,8,4,0.12,0
user3024,7062,348,27,1,0,0,8,4,20.29,0
user3025,7460,820,211,1,1,1,8,4,9.1,0
user3026,5617,2645,143,1,1,0,8,4,2.12,0
user3027,1487,1961,341,1,0,0,8,4,0.76,0
user3028,6324,361,309,1,1,0,8,4,17.52,0
user3029,9735,1327,208,0,1,0,8,4,7.34,0
user3030,6718,4638,274,1,0,1,8,4,1.45,0
user3031,9175,727,309,1,0,1,8,4,12.62,0
user3032,5269,3441,301,1,0,1,8,4,1.53,0
user3033,8350,1608,272,1,1,0,8,4,5.19,0
user3034,4047,1763,388,0,1,1,8,4,2.3,0
user3035,2728,788,208,1,1,1,8,4,3.46,0
user3036,8807,4260,96,1,0,1,8,4,2.07,0
user3037,5505,1546,105,0,0,0,8,4,3.56,0
user3038,4303,3736,53,0,1,1,8,4,1.15,0
user3039,2918,4966,155,1,1,1,8,4,0.59,0
user3040,9591,2536,234,1,1,1,8,4,3.78,0
user3041,9397,2787,116,0,0,1,8,4,3.37,0
user3042,5154,298,488,0,1,0,8,4,17.3,0
user3043,5339,1182,199,0,0,1,8,4,4.52,0
user3044,859,1966,463,0,0,0,8,4,0.44,0
user3045,7718,785,8,1,1,0,8,4,9.83,0
user3046,7140,3679,57,1,0,0,8,4,1.94,0
user3047,8281,4415,264,1,0,0,8,4,1.88,0
user3048,6286,3236,78,1,1,1,8,4,1.94,0
user3049,306,3964,209,1,1,0,8,4,0.08,0
user3050,4987,2160,365,0,0,1,8,4,2.31,0
user3051,6580,3601,422,1,0,0,8,4,1.83,0
user3052,3028,344,63,0,1,1,8,4,8.8,0
user3053,5016,4243,394,1,1,1,8,4,1.18,0
user3054,7628,3088,0,0,1,1,8,4,2.47,0
user3055,7640,3809,329,0,0,0,8,4,2.01,0
user3056,1651,2350,478,0,0,0,8,4,0.7,0
user3057,7984,92,76,0,1,0,8,4,86.78,0
user3058,9619,2339,463,1,1,0,8,4,4.11,0
user3059,373,2929,183,0,0,0,8,4,0.13,0
user3060,2466,1891,490,1,0,1,8,4,1.3,0
user3061,7622,758,166,1,0,0,8,4,10.06,0
user3062,8035,3946,153,0,0,1,8,4,2.04,0
user3063,3511,1010,283,0,1,0,8,4,3.48,0
user3064,6030,4780,219,1,0,1,8,4,1.26,0
user3065,8417,2215,293,0,1,1,8,4,3.8,0
user3066,4840,1003,399,1,0,0,8,4,4.83,0
user3067,1526,4171,368,0,0,1,8,4,0.37,0
user3068,5430,3311,319,0,0,0,8,4,1.64,0
user3069,1574,736,282,0,0,1,8,4,2.14,0
user3070,1165,4527,163,1,1,1,8,4,0.26,0
user3071,4467,1037,277,0,0,1,8,4,4.31,0
user3072,7416,324,188,1,0,1,8,4,22.89,0
user3073,6834,4451,284,0,0,0,8,4,1.54,0
user3074,2732,1682,65,0,1,0,8,4,1.62,0
user3075,4907,1448,201,0,0,0,8,4,3.39,0
user3076,9574,135,415,1,1,0,8,4,70.92,0
user3077,5845,3324,280,1,0,1,8,4,1.76,0
user3078,1899,3021,487,0,0,1,8,4,0.63,0
user3079,3251,3589,412,0,0,1,8,4,0.91,0
user3080,7663,1100,153,0,0,0,8,4,6.97,0
user3081,3557,1651,75,0,0,1,8,4,2.15,0
user3082,3009,3442,230,0,1,1,8,4,0.87,0
user3083,1451,2566,194,0,0,0,8,4,0.57,0
user3084,2704,2758,13,1,1,1,8,4,0.98,0
user3085,8947,4853,76,0,0,0,8,4,1.84,0
user3086,9711,2039,78,0,0,1,8,4,4.76,0
user3087,471,1780,385,0,1,1,8,4,0.26,0
user3088,7482,1886,13,0,1,0,8,4,3.97,0
user3089,3652,3571,297,0,1,1,8,4,1.02,0
user3090,7442,2728,405,1,0,0,8,4,2.73,0
user3091,3030,2857,471,1,1,0,8,4,1.06,0
user3092,8847,1015,342,0,1,1,8,4,8.72,0
user3093,6643,4961,111,1,1,1,8,4,1.34,0
user3094,575,4136,468,0,1,0,8,4,0.14,0
user3095,6307,40,378,0,1,1,8,4,157.68,0
user3096,4156,696,268,1,1,1,8,4,5.97,0
user3097,364,3099,167,1,1,0,8,4,0.12,0
user3098,4183,2630,213,1,1,0,8,4,1.59,0
user3099,2794,4998,191,0,1,0,8,4,0.56,0
user3100,7195,757,220,0,0,1,8,4,9.5,0
user3101,1879,3309,36,1,0,0,8,4,0.57,0
user3102,2878,4095,89,1,0,1,8,4,0.7,0
user3103,7117,1023,244,0,1,1,8,4,6.96,0
user3104,9242,2342,446,1,1,0,8,4,3.95,0
user3105,8035,4379,386,1,1,1,8,4,1.83,0
user3106,2581,1815,1,1,0,0,8,4,1.42,0
user3107,2876,3895,402,0,0,1,8,4,0.74,0
user3108,1705,1689,75,1,1,1,8,4,1.01,0
user3109,6286,3864,55,0,0,0,8,4,1.63,0
user3110,2875,3822,73,1,1,0,8,4,0.75,0
user3111,8030,161,250,0,0,0,8,4,49.88,0
user3112,7120,379,28,1,0,1,8,4,18.79,0
user3113,7878,4389,285,0,0,1,8,4,1.79,0
user3114,6125,1400,73,1,1,1,8,4,4.38,0
user3115,1,1039,492,0,1,0,8,4,0.0,1
user3116,8066,1399,430,1,0,1,8,4,5.77,0
user3117,9417,4060,288,0,0,0,8,4,2.32,0
user3118,5234,4064,90,0,1,1,8,4,1.29,0
user3119,5364,2985,242,1,1,1,8,4,1.8,0
user3120,1933,941,451,1,0,0,8,4,2.05,0
user3121,1483,3671,3,0,1,1,8,4,0.4,0
user3122,1632,4054,183,1,0,1,8,4,0.4,0
user3123,985,1216,409,0,1,1,8,4,0.81,0
user3124,593,1602,61,0,0,1,8,4,0.37,0
user3125,6451,3556,145,0,1,1,8,4,1.81,0
user3126,6771,88,278,0,1,0,8,4,76.94,0
user3127,9051,4770,414,0,1,0,8,4,1.9,0
user3128,373,1508,178,0,1,1,8,4,0.25,0
user3129,5694,2036,157,1,0,1,8,4,2.8,0
user3130,6388,504,222,1,0,1,8,4,12.67,0
user3131,1343,4603,105,0,1,0,8,4,0.29,0
user3132,2762,2975,117,0,0,0,8,4,0.93,0
user3133,4451,4615,208,0,1,0,8,4,0.96,0
user3134,6796,1621,26,1,0,1,8,4,4.19,0
user3135,2042,4855,37,1,0,0,8,4,0.42,0
user3136,5116,1090,5,0,0,0,8,4,4.69,1
user3137,151,4795,286,1,0,1,8,4,0.03,0
user3138,4521,4011,288,0,1,0,8,4,1.13,0
user3139,4727,4382,244,0,1,1,8,4,1.08,0
user3140,4602,410,326,0,1,1,8,4,11.22,0
user3141,4803,1398,269,1,1,1,8,4,3.44,0
user3142,9464,1555,75,1,0,1,8,4,6.09,0
user3143,2395,3368,65,1,0,0,8,4,0.71,0
user3144,2389,4758,117,1,0,1,8,4,0.5,0
user3145,4875,3074,204,0,1,0,8,4,1.59,0
user3146,810,391,158,1,1,1,8,4,2.07,0
user3147,9367,2037,331,1,1,0,8,4,4.6,0
user3148,9044,1821,405,1,1,1,8,4,4.97,0
user3149,6884,3734,297,1,0,0,8,4,1.84,0
user3150,3151,171,143,1,0,1,8,4,18.43,0
user3151,4636,4234,104,1,1,0,8,4,1.09,0
user3152,9380,839,196,1,1,1,8,4,11.18,0
user3153,5627,13,157,1,1,0,8,4,432.85,0
user3154,844,712,416,1,1,0,8,4,1.19,0
user3155,5967,4180,418,0,0,1,8,4,1.43,0
user3156,6707,3715,406,1,0,0,8,4,1.81,0
user3157,1668,1061,396,0,1,1,8,4,1.57,0
user3158,9401,1051,77,0,0,0,8,4,8.94,0
user3159,3232,3925,117,1,1,0,8,4,0.82,0
user3160,9318,3613,316,1,1,0,8,4,2.58,0
user3161,9225,46,24,0,1,0,8,4,200.54,0
user3162,5810,3488,279,0,1,1,8,4,1.67,0
user3163,7964,143,347,0,1,1,8,4,55.69,0
user3164,6634,427,488,0,0,1,8,4,15.54,0
user3165,8427,611,452,1,0,0,8,4,13.79,0
user3166,7316,4471,469,0,0,0,8,4,1.64,0
user3167,6568,3389,394,1,0,1,8,4,1.94,0
user3168,7940,4990,482,1,0,1,8,4,1.59,0
user3169,5240,481,230,1,0,1,8,4,10.89,0
user3170,2253,1270,201,1,0,1,8,4,1.77,0
user3171,6602,296,281,0,1,1,8,4,22.3,0
user3172,3447,4336,386,1,0,0,8,4,0.79,0
user3173,1174,3563,148,1,1,0,8,4,0.33,0
user3174,5788,1385,230,0,1,0,8,4,4.18,0
user3175,4247,169,178,0,0,1,8,4,25.13,0
user3176,2698,1358,80,1,0,0,8,4,1.99,0
user3177,4880,4290,361,1,0,1,8,4,1.14,0
user3178,5699,2935,443,1,1,1,8,4,1.94,0
user3179,6857,4031,150,1,1,0,8,4,1.7,0
user3180,9633,1276,91,0,1,0,8,4,7.55,0
user3181,3224,1902,29,1,0,1,8,4,1.7,0
user3182,6236,4907,202,0,0,1,8,4,1.27,0
user3183,8617,3377,489,0,1,1,8,4,2.55,0
user3184,1794,4753,366,1,0,0,8,4,0.38,0
user3185,1648,972,384,1,0,1,8,4,1.7,0
user3186,169,3368,361,1,1,0,8,4,0.05,0
user3187,1844,3065,144,1,1,0,8,4,0.6,0
user3188,6986,4211,296,0,0,1,8,4,1.66,0
user3189,9757,4961,257,0,0,0,8,4,1.97,0
user3190,8518,4530,168,1,1,0,8,4,1.88,0
user3191,7004,3232,237,1,0,1,8,4,2.17,0
user3192,2163,4457,357,1,1,0,8,4,0.49,0
user3193,8311,2802,140,1,1,1,8,4,2.97,0
user3194,1697,3073,492,0,1,1,8,4,0.55,0
user3195,8038,1235,48,1,0,1,8,4,6.51,0
user3196,8656,263,131,1,0,1,8,4,32.91,0
user3197,7737,2058,497,0,0,0,8,4,3.76,0
user3198,2945,1239,243,0,1,0,8,4,2.38,0
user3199,7368,1555,491,1,1,0,8,4,4.74,0
user3200,6148,2435,320,0,1,1,8,4,2.52,0
user3201,3597,4518,274,0,0,1,8,4,0.8,0
user3202,5893,2750,49,0,1,0,8,4,2.14,0
user3203,2831,3056,58,1,1,0,8,4,0.93,0
user3204,9589,3185,252,1,0,1,8,4,3.01,0
user3205,3396,2847,402,1,1,0,8,4,1.19,0
user3206,1829,4681,198,1,1,0,8,4,0.39,0
user3207,6913,2175,47,1,0,0,8,4,3.18,0
user3208,8513,264,330,1,1,1,8,4,32.25,0
user3209,9817,1431,427,0,1,0,8,4,6.86,0
user3210,9375,2120,84,0,1,1,8,4,4.42,0
user3211,1587,4204,396,0,1,1,8,4,0.38,0
user3212,4352,4215,219,0,0,0,8,4,1.03,0
user3213,3503,4054,66,0,1,1,8,4,0.86,0
user3214,6032,4078,242,1,0,0,8,4,1.48,0
user3215,878,4560,367,1,1,0,8,4,0.19,0
user3216,7796,4191,227,1,0,0,8,4,1.86,0
user3217,1871,4226,153,1,0,1,8,4,0.44,0
user3218,8038,597,381,1,1,0,8,4,13.46,0
user3219,7614,1547,357,0,1,0,8,4,4.92,0
user3220,729,2487,48,1,1,0,8,4,0.29,0
user3221,9145,2110,32,0,1,1,8,4,4.33,0
user3222,260,1114,142,1,1,1,8,4,0.23,0
user3223,545,1943,80,1,1,0,8,4,0.28,0
user3224,9349,579,467,0,1,0,8,4,16.15,0
user3225,6702,2887,197,0,0,1,8,4,2.32,0
user3226,9087,3768,234,0,0,0,8,4,2.41,0
user3227,8436,972,463,1,1,1,8,4,8.68,0
user3228,5203,3511,316,0,1,0,8,4,1.48,0
user3229,5420,3790,496,0,0,1,8,4,1.43,0
user3230,6798,3517,124,1,1,1,8,4,1.93,0
user3231,2779,2816,89,1,0,1,8,4,0.99,0
user3232,737,3288,439,0,0,0,8,4,0.22,0
user3233,4546,4724,262,0,0,0,8,4,0.96,0
user3234,8110,4626,459,1,1,0,8,4,1.75,0
user3235,410,775,291,1,1,0,8,4,0.53,0
user3236,6876,4201,299,1,0,1,8,4,1.64,0
user3237,4472,4441,284,1,0,0,8,4,1.01,0
user3238,6102,718,174,0,1,0,8,4,8.5,0
user3239,3129,1975,101,1,0,1,8,4,1.58,0
user3240,5337,1278,250,0,1,1,8,4,4.18,0
user3241,3782,312,493,1,1,1,8,4,12.12,0
user3242,1441,2990,444,1,1,1,8,4,0.48,0
user3243,250,2197,89,0,0,1,8,4,0.11,0
user3244,5961,2289,154,0,1,0,8,4,2.6,0
user3245,8840,2815,24,1,0,1,8,4,3.14,0
user3246,8024,1501,402,0,0,1,8,4,5.35,0
user3247,4392,2147,112,1,0,0,8,4,2.05,0
user3248,7004,522,418,0,1,1,8,4,13.42,0
user3249,7204,65,131,0,1,0,8,4,110.83,0
user3250,9344,858,415,1,0,0,8,4,10.89,0
user3251,6111,4208,95,0,0,0,8,4,1.45,0
user3252,8363,642,498,1,0,1,8,4,13.03,0
user3253,8430,2082,286,1,1,1,8,4,4.05,0
user3254,5255,4604,74,0,1,0,8,4,1.14,0
user3255,2232,2683,464,0,0,0,8,4,0.83,0
user3256,8063,4298,206,0,0,1,8,4,1.88,0
user3257,3493,2828,143,0,0,1,8,4,1.24,0
user3258,657,601,193,0,0,0,8,4,1.09,0
user3259,6195,3880,417,0,0,1,8,4,1.6,0
user3260,7968,2369,80,1,1,1,8,4,3.36,0
user3261,3228,2840,355,1,0,1,8,4,1.14,0
user3262,3116,2213,253,0,1,1,8,4,1.41,0
user3263,1888,1187,405,0,0,0,8,4,1.59,0
user3264,2067,745,178,0,0,0,8,4,2.77,0
user3265,8632,4974,253,0,1,1,8,4,1.74,0
user3266,8311,502,64,1,0,1,8,4,16.56,0
user3267,6289,1220,148,0,0,1,8,4,5.15,0
user3268,2535,2287,149,1,1,0,8,4,1.11,0
user3269,2582,2702,63,1,0,0,8,4,0.96,0
user3270,9880,3402,255,1,0,1,8,4,2.9,0
user3271,8398,2246,463,0,0,0,8,4,3.74,0
user3272,258,1253,66,0,1,0,8,4,0.21,0
user3273,4858,2302,313,0,0,0,8,4,2.11,0
user3274,6637,4946,328,1,1,1,8,4,1.34,0
user3275,9185,4016,84,1,1,0,8,4,2.29,0
user3276,8593,1112,150,0,1,0,8,4,7.73,0
user3277,4598,66,436,0,1,1,8,4,69.67,0
user3278,1605,2339,338,0,0,0,8,4,0.69,0
user3279,4559,1356,59,1,1,1,8,4,3.36,0
user3280,5077,3908,406,0,0,1,8,4,1.3,0
user3281,8548,3823,405,1,1,0,8,4,2.24,0
user3282,605,642,299,0,1,1,8,4,0.94,0
user3283,717,4580,225,0,1,1,8,4,0.16,0
user3284,4660,1030,377,0,0,1,8,4,4.52,0
user3285,854,2223,298,0,1,0,8,4,0.38,0
user3286,3569,1929,328,1,1,1,8,4,1.85,0
user3287,6295,2173,141,0,0,1,8,4,2.9,0
user3288,6680,4783,268,0,1,1,8,4,1.4,0
user3289,8499,4800,57,0,0,0,8,4,1.77,0
user3290,2496,4520,325,1,1,1,8,4,0.55,0
user3291,8848,1220,392,1,1,0,8,4,7.25,0
user3292,5442,3698,384,0,1,0,8,4,1.47,0
user3293,3804,4935,219,0,1,1,8,4,0.77,0
user3294,2616,2936,55,1,0,1,8,4,0.89,0
user3295,3898,762,433,0,0,1,8,4,5.12,0
user3296,1648,4675,386,0,0,1,8,4,0.35,0
user3297,6772,1291,305,0,1,1,8,4,5.25,0
user3298,9922,4806,6,0,1,0,8,4,2.06,0
user3299,5587,2085,242,1,0,0,8,4,2.68,0
user3300,7599,2802,179,0,0,1,8,4,2.71,0
user3301,5028,1566,45,1,1,0,8,4,3.21,0
user3302,6152,1035,487,1,1,0,8,4,5.94,0
user3303,2299,3420,215,1,1,0,8,4,0.67,0
user3304,7758,450,486,1,1,0,8,4,17.24,0
user3305,6364,654,240,0,0,0,8,4,9.73,0
user3306,7491,1656,194,0,0,0,8,4,4.52,0
user3307,6828,4298,98,1,0,1,8,4,1.59,0
user3308,4793,4420,419,0,1,1,8,4,1.08,0
user3309,4433,4281,349,0,0,0,8,4,1.04,0
user3310,5546,1414,386,1,0,1,8,4,3.92,0
user3311,7405,2152,253,1,0,1,8,4,3.44,0
user3312,7490,261,423,0,0,0,8,4,28.7,0
user3313,3946,2328,397,0,1,1,8,4,1.7,0
user3314,9170,2828,341,1,1,0,8,4,3.24,0
user3315,5841,3242,247,1,0,1,8,4,1.8,0
user3316,1271,4634,314,0,1,1,8,4,0.27,0
user3317,3626,1918,229,1,0,1,8,4,1.89,0
user3318,5406,1761,214,1,0,1,8,4,3.07,0
user3319,8366,3206,176,1,0,1,8,4,2.61,0
user3320,8190,4551,193,1,0,1,8,4,1.8,0
user3321,1020,2613,470,0,1,1,8,4,0.39,0
user3322,6511,3996,272,0,1,1,8,4,1.63,0
user3323,7659,3744,411,0,0,1,8,4,2.05,0
user3324,6785,3529,282,1,1,0,8,4,1.92,0
user3325,2606,2080,125,0,0,1,8,4,1.25,0
user3326,3445,846,38,0,0,1,8,4,4.07,0
user3327,5942,651,332,1,0,1,8,4,9.13,0
user3328,7864,4577,411,1,1,0,8,4,1.72,0
user3329,5002,227,167,0,1,1,8,4,22.04,0
user3330,2211,4178,373,1,0,0,8,4,0.53,0
user3331,9150,1656,138,0,0,0,8,4,5.53,0
user3332,8946,198,37,1,1,0,8,4,45.18,0
user3333,2303,3072,25,0,1,1,8,4,0.75,0
user3334,6602,4317,496,1,1,0,8,4,1.53,0
user3335,8340,1061,431,0,1,0,8,4,7.86,0
user3336,9868,2470,331,0,1,1,8,4,4.0,0
user3337,5339,4680,332,0,0,1,8,4,1.14,0
user3338,2327,1255,452,1,1,0,8,4,1.85,0
user3339,5573,3382,472,0,0,0,8,4,1.65,0
user3340,7517,293,219,0,1,1,8,4,25.66,0
user3341,8583,4518,288,0,1,1,8,4,1.9,0
user3342,7387,1040,454,1,0,0,8,4,7.1,0
user3343,508,3788,315,0,1,1,8,4,0.13,0
user3344,35,4659,151,0,1,1,8,4,0.01,0
user3345,3681,2799,107,0,0,1,8,4,1.32,0
user3346,3143,4956,389,1,1,1,8,4,0.63,0
user3347,3007,1929,146,1,1,0,8,4,1.56,0
user3348,1032,2255,350,0,0,0,8,4,0.46,0
user3349,3285,3506,240,1,0,0,8,4,0.94,0
user3350,4458,4325,116,1,0,0,8,4,1.03,0
user3351,9551,3958,264,0,0,0,8,4,2.41,0
user3352,982,2890,353,0,1,0,8,4,0.34,0
user3353,2391,1273,96,0,0,0,8,4,1.88,0
user3354,4624,379,61,0,1,0,8,4,12.2,0
user3355,7709,943,478,1,1,1,8,4,8.17,0
user3356,5958,1482,313,1,0,0,8,4,4.02,0
user3357,5191,4073,231,1,1,0,8,4,1.27,0
user3358,9963,274,41,0,1,0,8,4,36.36,0
user3359,9265,3302,432,0,1,1,8,4,2.81,0
user3360,8360,2666,360,0,1,1,8,4,3.14,0
user3361,9016,246,70,1,1,1,8,4,36.65,0
user3362,6058,3705,159,1,1,0,8,4,1.64,0
user3363,6385,1377,110,1,0,0,8,4,4.64,0
user3364,7918,150,210,1,0,1,8,4,52.79,0
user3365,3442,4535,480,1,0,1,8,4,0.76,0
user3366,4246,2036,392,1,0,0,8,4,2.09,0
user3367,7356,1807,191,1,0,1,8,4,4.07,0
user3368,2454,2310,172,1,0,0,8,4,1.06,0
user3369,8100,3479,62,1,0,0,8,4,2.33,0
user3370,9645,4391,30,1,0,0,8,4,2.2,0
user3371,2347,426,137,1,0,0,8,4,5.51,0
user3372,3717,3458,52,0,1,0,8,4,1.07,0
user3373,6434,4032,48,0,1,0,8,4,1.6,0
user3374,3396,1555,182,1,1,1,8,4,2.18,0
user3375,3708,3456,327,0,0,1,8,4,1.07,0
user3376,4875,17,14,0,1,0,8,4,286.76,0
user3377,552,737,26,0,1,1,8,4,0.75,0
user3378,9811,2955,7,0,0,0,8,4,3.32,1
user3379,3547,750,133,1,1,1,8,4,4.73,0
user3380,8427,4239,414,0,1,1,8,4,1.99,0
user3381,3388,4638,158,1,1,0,8,4,0.73,0
user3382,8567,3082,231,1,1,0,8,4,2.78,0
user3383,8594,4137,361,1,1,0,8,4,2.08,0
user3384,263,2993,302,0,1,1,8,4,0.09,0
user3385,1255,252,429,0,0,1,8,4,4.98,0
user3386,2727,942,193,1,1,0,8,4,2.89,0
user3387,7472,3265,362,0,0,1,8,4,2.29,0
user3388,9837,2025,313,0,1,1,8,4,4.86,0
user3389,7872,53,29,0,0,0,8,4,148.53,0
user3390,1314,998,410,0,0,1,8,4,1.32,0
user3391,2288,838,235,1,1,1,8,4,2.73,0
user3392,9049,2502,387,1,1,1,8,4,3.62,0
user3393,9382,2231,78,1,0,1,8,4,4.21,0
user3394,7911,3136,445,0,1,1,8,4,2.52,0
user3395,7657,3333,233,1,0,1,8,4,2.3,0
user3396,8234,2931,336,1,0,1,8,4,2.81,0
user3397,8774,4975,208,0,0,0,8,4,1.76,0
user3398,3129,4328,467,1,0,0,8,4,0.72,0
user3399,2149,1649,207,1,0,1,8,4,1.3,0
user3400,7933,2949,484,1,1,1,8,4,2.69,0
user3401,9119,4584,287,0,1,0,8,4,1.99,0
user3402,5570,2138,345,1,1,1,8,4,2.61,0
user3403,8007,1258,74,1,1,1,8,4,6.36,0
user3404,8040,2823,446,1,1,1,8,4,2.85,0
user3405,9662,3227,135,0,0,1,8,4,2.99,0
user3406,5739,1367,360,1,1,0,8,4,4.2,0
user3407,8609,4642,348,1,0,1,8,4,1.85,0
user3408,1387,1753,412,1,0,1,8,4,0.79,0
user3409,6039,3173,132,0,1,0,8,4,1.9,0
user3410,509,4703,353,0,1,1,8,4,0.11,0
user3411,4769,2412,35,0,0,0,8,4,1.98,0
user3412,1562,1561,166,0,0,1,8,4,1.0,0
user3413,4509,3168,325,0,0,0,8,4,1.42,0
user3414,4518,751,411,0,1,1,8,4,6.02,0
user3415,6490,4065,57,1,0,0,8,4,1.6,0
user3416,2703,930,411,0,1,1,8,4,2.91,0
user3417,6295,3525,294,0,0,1,8,4,1.79,0
user3418,5814,3785,53,1,1,0,8,4,1.54,0
user3419,4140,4752,87,1,0,0,8,4,0.87,0
user3420,8265,350,58,1,0,1,8,4,23.61,0
user3421,4640,2275,271,0,1,0,8,4,2.04,0
user3422,8424,4974,376,0,1,0,8,4,1.69,0
user3423,451,334,136,0,1,0,8,4,1.35,0
user3424,1167,471,494,0,1,1,8,4,2.48,0
user3425,1487,1726,411,1,0,1,8,4,0.86,0
user3426,7200,1916,287,0,0,0,8,4,3.76,0
user3427,6851,1180,301,0,1,0,8,4,5.81,0
user3428,8281,1722,156,0,0,0,8,4,4.81,0
user3429,6712,61,429,1,1,1,8,4,110.03,0
user3430,4614,99,39,0,1,1,8,4,46.61,0
user3431,8958,1460,190,0,1,1,8,4,6.14,0
user3432,7972,1038,225,0,0,0,8,4,7.68,0
user3433,5987,3262,202,0,1,0,8,4,1.84,0
user3434,6759,235,490,1,0,0,8,4,28.76,0
user3435,3144,3353,336,0,0,0,8,4,0.94,0
user3436,1691,2148,198,0,0,1,8,4,0.79,0
user3437,2599,1557,438,1,0,1,8,4,1.67,0
user3438,4191,1546,287,0,0,1,8,4,2.71,0
user3439,3635,3643,292,1,1,1,8,4,1.0,0
user3440,2398,260,78,0,0,0,8,4,9.22,0
user3441,7434,4436,323,1,0,1,8,4,1.68,0
user3442,2685,308,142,0,1,0,8,4,8.72,0
user3443,1048,935,219,0,0,1,8,4,1.12,0
user3444,8849,1824,22,0,0,1,8,4,4.85,0
user3445,3294,1131,26,0,0,0,8,4,2.91,0
user3446,3695,1195,423,0,0,0,8,4,3.09,0
user3447,905,2297,18,0,0,1,8,4,0.39,0
user3448,3555,3145,87,0,0,1,8,4,1.13,0
user3449,7568,2472,434,0,0,1,8,4,3.06,0
user3450,802,996,499,0,0,1,8,4,0.81,0
user3451,8454,3771,172,1,1,0,8,4,2.24,0
user3452,54,1988,330,1,1,0,8,4,0.03,0
user3453,8230,657,148,1,1,0,8,4,12.53,0
user3454,3199,3078,185,0,0,0,8,4,1.04,0
user3455,7655,682,330,1,0,1,8,4,11.22,0
user3456,5647,3565,196,1,0,0,8,4,1.58,0
user3457,3956,1027,403,1,0,1,8,4,3.85,0
user3458,916,788,310,0,0,1,8,4,1.16,0
user3459,3190,3835,186,1,0,1,8,4,0.83,0
user3460,8102,4447,125,1,0,1,8,4,1.82,0
user3461,9874,3094,115,1,1,0,8,4,3.19,0
user3462,8463,4122,342,1,1,1,8,4,2.05,0
user3463,9926,2048,87,1,0,1,8,4,4.85,0
user3464,6141,1593,374,0,0,1,8,4,3.85,0
user3465,7647,63,180,1,1,1,8,4,121.38,0
user3466,8639,4202,281,0,1,0,8,4,2.06,0
user3467,8751,1811,26,1,0,1,8,4,4.83,0
user3468,9560,4954,275,0,1,1,8,4,1.93,0
user3469,948,4782,162,0,1,0,8,4,0.2,0
user3470,2211,4486,29,1,0,0,8,4,0.49,0
user3471,9307,1399,231,1,1,1,8,4,6.65,0
user3472,8434,551,186,0,1,0,8,4,15.31,0
user3473,1059,4310,363,1,0,1,8,4,0.25,0
user3474,859,3271,373,0,1,1,8,4,0.26,0
user3475,5594,4058,347,0,0,1,8,4,1.38,0
user3476,6103,595,3,0,0,0,8,4,10.26,0
user3477,2844,792,257,0,1,0,8,4,3.59,0
user3478,4883,3707,189,1,1,1,8,4,1.32,0
user3479,4965,2860,175,1,0,0,8,4,1.74,0
user3480,1330,4323,340,0,0,1,8,4,0.31,0
user3481,8792,4429,69,1,0,0,8,4,1.99,0
user3482,1870,1868,463,1,1,1,8,4,1.0,0
user3483,7160,1718,207,1,0,0,8,4,4.17,0
user3484,3488,4637,292,1,1,0,8,4,0.75,0
user3485,2083,1829,266,1,1,0,8,4,1.14,0
user3486,3684,616,354,0,0,0,8,4,5.98,0
user3487,8731,1415,156,0,0,0,8,4,6.17,0
user3488,8220,799,365,0,1,1,8,4,10.29,0
user3489,6880,2300,463,1,1,0,8,4,2.99,0
user3490,3832,1024,26,0,1,1,8,4,3.74,0
user3491,5475,1924,202,1,0,0,8,4,2.85,0
user3492,134,2409,156,0,0,0,8,4,0.06,1
user3493,6827,4463,245,0,0,1,8,4,1.53,0
user3494,9333,2386,0,1,1,0,8,4,3.91,0
user3495,2052,4518,62,1,0,0,8,4,0.45,0
user3496,1410,2807,286,0,0,0,8,4,0.5,0
user3497,787,760,210,1,1,0,8,4,1.04,0
user3498,8736,1787,324,0,0,1,8,4,4.89,0
user3499,9142,1317,462,0,0,1,8,4,6.94,0
user3500,3013,427,346,0,0,0,8,4,7.06,0
user3501,2923,1810,394,0,1,0,8,4,1.61,0
user3502,3251,668,247,0,1,0,8,4,4.87,0
user3503,5339,3761,94,1,0,1,8,4,1.42,0
user3504,9963,2821,49,0,1,0,8,4,3.53,0
user3505,2913,865,412,0,0,0,8,4,3.37,0
user3506,3010,1448,126,1,0,0,8,4,2.08,0
user3507,3372,2329,145,1,1,1,8,4,1.45,0
user3508,949,4498,150,1,1,1,8,4,0.21,0
user3509,7358,302,314,1,0,1,8,4,24.36,0
user3510,4504,1792,403,0,0,1,8,4,2.51,0
user3511,9500,1209,484,1,0,1,8,4,7.86,0
user3512,6023,2261,287,1,1,1,8,4,2.66,0
user3513,53,1746,476,0,0,1,8,4,0.03,1
user3514,618,2155,25,0,1,0,8,4,0.29,0
user3515,488,4509,242,1,0,0,8,4,0.11,0
user3516,6400,3720,269,0,1,0,8,4,1.72,0
user3517,28,2626,191,1,1,1,8,4,0.01,0
user3518,1646,3378,297,0,1,1,8,4,0.49,0
user3519,6378,1995,363,1,1,1,8,4,3.2,0
user3520,9315,4241,320,1,1,0,8,4,2.2,0
user3521,3580,1840,153,1,0,1,8,4,1.95,0
user3522,8431,1470,462,0,1,0,8,4,5.74,0
user3523,2349,2188,299,0,1,0,8,4,1.07,0
user3524,2927,2437,308,0,1,0,8,4,1.2,0
user3525,7991,2298,433,0,0,1,8,4,3.48,0
user3526,3195,3233,272,0,0,1,8,4,0.99,0
user3527,4776,3192,136,0,1,1,8,4,1.5,0
user3528,1031,2919,330,1,0,0,8,4,0.35,0
user3529,6855,952,394,1,0,0,8,4,7.2,0
user3530,3576,3824,383,1,1,0,8,4,0.94,0
user3531,7242,3680,257,1,1,0,8,4,1.97,0
user3532,4756,1339,365,1,1,0,8,4,3.55,0
user3533,6652,1185,128,1,0,1,8,4,5.61,0
user3534,537,1793,393,1,1,1,8,4,0.3,0
user3535,4892,3352,180,1,0,1,8,4,1.46,0
user3536,7511,486,243,1,1,0,8,4,15.45,0
user3537,6396,670,292,1,0,1,8,4,9.55,0
user3538,1423,4685,372,1,0,0,8,4,0.3,0
user3539,1607,4358,383,1,0,1,8,4,0.37,0
user3540,7749,1350,383,0,1,0,8,4,5.74,0
user3541,3610,3496,311,0,1,0,8,4,1.03,0
user3542,9250,894,37,1,0,0,8,4,10.35,0
user3543,3773,2621,499,0,1,0,8,4,1.44,0
user3544,7310,3997,464,0,1,0,8,4,1.83,0
user3545,5800,3846,292,0,1,1,8,4,1.51,0
user3546,7944,2406,125,0,1,1,8,4,3.3,0
user3547,6381,726,462,0,0,0,8,4,8.79,0
user3548,4680,3617,429,1,0,1,8,4,1.29,0
user3549,693,4236,298,0,0,0,8,4,0.16,0
user3550,1365,4074,432,1,1,1,8,4,0.34,0
user3551,4976,2915,445,0,0,0,8,4,1.71,0
user3552,2795,2247,107,0,1,1,8,4,1.24,0
user3553,6162,4897,242,0,1,0,8,4,1.26,0
user3554,4145,3940,254,1,1,1,8,4,1.05,0
user3555,8707,4164,354,1,0,0,8,4,2.09,0
user3556,1666,2504,408,0,1,0,8,4,0.67,0
user3557,8174,2561,140,1,0,1,8,4,3.19,0
user3558,8002,1189,104,0,0,0,8,4,6.73,0
user3559,7579,194,239,1,0,0,8,4,39.07,0
user3560,7533,792,390,1,0,1,8,4,9.51,0
user3561,867,2488,239,0,0,0,8,4,0.35,0
user3562,597,4299,171,1,0,1,8,4,0.14,0
user3563,3343,4680,335,1,0,0,8,4,0.71,0
user3564,8515,2448,70,1,0,0,8,4,3.48,0
user3565,6277,723,232,1,0,1,8,4,8.68,0
user3566,2137,1559,393,0,0,1,8,4,1.37,0
user3567,5647,3433,169,1,1,1,8,4,1.64,0
user3568,3140,3595,370,1,0,1,8,4,0.87,0
user3569,7368,2174,395,1,0,1,8,4,3.39,0
user3570,9192,4782,229,0,0,1,8,4,1.92,0
user3571,4949,3781,140,1,1,0,8,4,1.31,0
user3572,7665,3630,392,0,0,1,8,4,2.11,0
user3573,913,515,202,1,0,1,8,4,1.77,0
user3574,2432,814,144,1,1,0,8,4,2.99,0
user3575,7778,20,437,0,0,1,8,4,388.9,0
user3576,6948,2691,333,0,1,1,8,4,2.58,0
user3577,4773,4838,234,0,1,0,8,4,0.99,0
user3578,8486,3219,268,0,0,1,8,4,2.64,0
user3579,5174,4029,186,0,1,1,8,4,1.28,0
user3580,7239,2486,241,0,0,1,8,4,2.91,0
user3581,6364,4897,215,1,1,1,8,4,1.3,0
user3582,6556,1268,119,0,0,0,8,4,5.17,0
user3583,3348,3187,493,1,0,0,8,4,1.05,0
user3584,670,614,88,0,0,0,8,4,1.09,0
user3585,2052,1906,448,1,1,0,8,4,1.08,0
user3586,2363,2451,154,0,0,0,8,4,0.96,0
user3587,8469,1033,267,0,0,0,8,4,8.2,0
user3588,6319,4027,167,0,1,0,8,4,1.57,0
user3589,5469,4116,281,0,1,1,8,4,1.33,0
user3590,9609,3844,421,0,0,1,8,4,2.5,0
user3591,6734,4239,180,1,0,1,8,4,1.59,0
user3592,401,1663,101,1,0,0,8,4,0.24,0
user3593,1381,1298,65,1,0,1,8,4,1.06,0
user3594,7683,3496,320,0,1,0,8,4,2.2,0
user3595,7890,4306,294,0,1,1,8,4,1.83,0
user3596,1583,3001,196,0,0,1,8,4,0.53,0
user3597,7409,3026,378,1,0,0,8,4,2.45,0
user3598,541,4814,168,0,0,0,8,4,0.11,0
user3599,2021,215,183,1,1,1,8,4,9.4,0
user3600,4941,4049,189,1,1,1,8,4,1.22,0
user3601,880,3269,45,1,0,0,8,4,0.27,0
user3602,759,4618,332,1,1,0,8,4,0.16,0
user3603,8507,498,379,0,1,1,8,4,17.08,0
user3604,8973,1390,96,0,1,1,8,4,6.46,0
user3605,7424,4640,289,1,0,0,8,4,1.6,0
user3606,9787,3091,103,0,1,0,8,4,3.17,0
user3607,6728,3866,356,1,1,0,8,4,1.74,0
user3608,5396,4959,265,1,0,1,8,4,1.09,0
user3609,7724,3521,3,1,0,0,8,4,2.19,0
user3610,1626,1376,102,1,0,1,8,4,1.18,0
user3611,1969,1125,69,1,0,0,8,4,1.75,0
user3612,3716,308,264,0,1,1,8,4,12.06,0
user3613,6151,1502,249,0,0,1,8,4,4.1,0
user3614,2968,3909,436,0,0,0,8,4,0.76,0
user3615,1264,3501,343,1,0,0,8,4,0.36,0
user3616,4729,4047,363,0,1,1,8,4,1.17,0
user3617,3321,990,200,1,1,1,8,4,3.35,0
user3618,8112,1723,162,1,1,1,8,4,4.71,0
user3619,8126,2622,483,1,1,1,8,4,3.1,0
user3620,731,2613,425,0,0,0,8,4,0.28,0
user3621,7714,3693,179,0,0,0,8,4,2.09,0
user3622,1626,854,283,0,0,0,8,4,1.9,0
user3623,4361,1472,292,1,0,1,8,4,2.96,0
user3624,1583,4769,302,1,1,1,8,4,0.33,0
user3625,7914,354,326,1,1,0,8,4,22.36,0
user3626,4071,2561,240,1,1,0,8,4,1.59,0
user3627,6451,2725,495,0,1,1,8,4,2.37,0
user3628,9846,3215,449,0,1,0,8,4,3.06,0
user3629,5558,408,39,1,0,0,8,4,13.62,0
user3630,9758,1693,364,1,1,1,8,4,5.76,0
user3631,172,942,33,0,1,0,8,4,0.18,0
user3632,4572,3659,182,1,1,0,8,4,1.25,0
user3633,1930,3818,432,0,0,1,8,4,0.51,0
user3634,8332,4742,373,0,1,0,8,4,1.76,0
user3635,6367,4502,42,0,0,1,8,4,1.41,0
user3636,5098,4453,370,0,0,0,8,4,1.14,0
user3637,843,3358,159,1,0,0,8,4,0.25,0
user3638,4934,2298,33,0,1,0,8,4,2.15,0
user3639,4826,1091,298,1,0,1,8,4,4.42,0
user3640,255,4202,12,0,1,0,8,4,0.06,0
user3641,1957,2927,414,0,1,1,8,4,0.67,0
user3642,713,3894,248,0,1,0,8,4,0.18,0
user3643,8985,2979,333,0,0,1,8,4,3.02,0
user3644,5024,642,215,0,0,1,8,4,7.83,0
user3645,5666,2721,164,1,0,0,8,4,2.08,0
user3646,4085,813,405,1,0,1,8,4,5.02,0
user3647,4588,4736,238,0,0,0,8,4,0.97,0
user3648,675,3404,470,1,0,1,8,4,0.2,0
user3649,6322,3820,394,1,0,1,8,4,1.65,0
user3650,8734,4152,468,1,1,0,8,4,2.1,0
user3651,4125,2801,180,0,1,0,8,4,1.47,0
user3652,7883,840,490,0,0,0,8,4,9.38,0
user3653,9015,2161,129,1,1,1,8,4,4.17,0
user3654,1160,1595,97,0,1,0,8,4,0.73,0
user3655,4047,1459,38,0,0,1,8,4,2.77,0
user3656,3928,3791,37,1,0,1,8,4,1.04,0
user3657,3730,547,78,1,1,1,8,4,6.82,0
user3658,4908,578,157,0,1,1,8,4,8.49,0
user3659,1210,3743,462,0,0,0,8,4,0.32,0
user3660,7281,38,120,0,0,0,8,4,191.61,0
user3661,1011,4092,302,0,1,1,8,4,0.25,0
user3662,730,4931,37,1,1,0,8,4,0.15,0
user3663,300,1031,252,0,1,1,8,4,0.29,0
user3664,5378,14,176,0,1,0,8,4,384.14,0
user3665,8743,3827,124,1,1,1,8,4,2.28,0
user3666,9202,977,440,0,1,0,8,4,9.42,0
user3667,4301,1598,434,1,1,1,8,4,2.69,0
user3668,2969,4782,259,0,0,1,8,4,0.62,0
user3669,3044,4854,442,1,0,1,8,4,0.63,0
user3670,3954,4188,278,0,1,0,8,4,0.94,0
user3671,8512,4823,136,0,0,1,8,4,1.76,0
user3672,5472,753,328,1,0,1,8,4,7.27,0
user3673,5400,4272,343,1,1,0,8,4,1.26,0
user3674,1432,3967,189,1,1,0,8,4,0.36,0
user3675,1990,1319,73,0,0,0,8,4,1.51,0
user3676,6935,4715,104,1,0,0,8,4,1.47,0
user3677,2437,3239,486,0,0,1,8,4,0.75,0
user3678,7372,3140,225,1,1,1,8,4,2.35,0
user3679,4203,3355,321,1,0,1,8,4,1.25,0
user3680,3760,4002,32,0,0,1,8,4,0.94,0
user3681,6069,3284,438,0,1,0,8,4,1.85,0
user3682,6743,679,115,0,1,1,8,4,9.93,0
user3683,7959,166,4,0,1,1,8,4,47.95,0
user3684,7707,4479,483,0,0,1,8,4,1.72,0
user3685,6570,2793,209,0,0,1,8,4,2.35,0
user3686,399,1224,240,0,0,0,8,4,0.33,0
user3687,5010,1409,216,0,0,1,8,4,3.56,0
user3688,1950,4624,494,1,1,1,8,4,0.42,0
user3689,9051,731,173,0,1,1,8,4,12.38,0
user3690,2902,942,340,1,1,1,8,4,3.08,0
user3691,8442,3110,62,1,1,1,8,4,2.71,0
user3692,6875,1553,4,1,1,0,8,4,4.43,0
user3693,203,4665,89,1,0,0,8,4,0.04,0
user3694,4709,30,51,1,1,0,8,4,156.97,0
user3695,7411,826,326,1,1,1,8,4,8.97,0
user3696,6243,3125,21,1,1,1,8,4,2.0,0
user3697,6751,3866,272,1,0,1,8,4,1.75,0
user3698,1751,1672,100,1,0,0,8,4,1.05,0
user3699,4080,5,290,1,0,0,8,4,816.0,0
user3700,4207,1496,6,1,0,0,8,4,2.81,0
user3701,9799,4242,264,1,1,1,8,4,2.31,0
user3702,201,3268,372,1,1,1,8,4,0.06,0
user3703,7850,4090,290,1,0,0,8,4,1.92,0
user3704,3774,4450,468,0,1,1,8,4,0.85,0
user3705,7573,3104,226,0,1,0,8,4,2.44,0
user3706,2543,3667,380,0,1,1,8,4,0.69,0
user3707,203,2673,388,0,0,0,8,4,0.08,1
user3708,5328,2708,359,0,1,0,8,4,1.97,0
user3709,1555,3968,67,1,0,1,8,4,0.39,0
user3710,757,746,184,0,1,1,8,4,1.01,0
user3711,3732,1364,214,1,0,1,8,4,2.74,0
user3712,2797,2653,328,1,1,0,8,4,1.05,0
user3713,9810,1743,233,1,0,1,8,4,5.63,0
user3714,2701,992,7,0,1,0,8,4,2.72,0
user3715,4730,3600,203,0,1,0,8,4,1.31,0
user3716,2500,2454,339,1,0,1,8,4,1.02,0
user3717,3672,3736,252,1,1,0,8,4,0.98,0
user3718,2978,202,261,0,0,0,8,4,14.74,0
user3719,2153,1155,419,1,1,0,8,4,1.86,0
user3720,6651,574,426,0,1,1,8,4,11.59,0
user3721,3384,4829,449,1,1,0,8,4,0.7,0
user3722,2356,2544,59,1,1,0,8,4,0.93,0
user3723,78,618,47,0,0,0,8,4,0.13,0
user3724,8030,916,338,0,0,0,8,4,8.77,0
user3725,5461,1024,201,1,1,1,8,4,5.33,0
user3726,5815,2443,49,0,1,0,8,4,2.38,0
user3727,7396,4854,265,1,0,1,8,4,1.52,0
user3728,8992,1221,202,1,0,1,8,4,7.36,0
user3729,5392,2603,392,1,0,1,8,4,2.07,0
user3730,8340,3708,258,1,1,1,8,4,2.25,0
user3731,7643,48,180,0,0,0,8,4,159.23,0
user3732,6607,955,383,0,1,0,8,4,6.92,0
user3733,7930,4823,2,1,0,0,8,4,1.64,0
user3734,9576,2370,20,0,1,0,8,4,4.04,0
user3735,4293,2032,417,0,1,0,8,4,2.11,0
user3736,594,4420,49,1,1,0,8,4,0.13,0
user3737,8145,1149,426,1,1,0,8,4,7.09,0
user3738,2329,548,104,0,0,1,8,4,4.25,0
user3739,2297,2834,459,0,0,1,8,4,0.81,0
user3740,6785,3342,264,1,1,0,8,4,2.03,0
user3741,7163,2262,262,1,1,1,8,4,3.17,0
user3742,8333,1331,8,1,0,1,8,4,6.26,0
user3743,2493,2449,255,0,1,0,8,4,1.02,0
user3744,6308,3955,27,1,0,1,8,4,1.59,0
user3745,9081,4309,8,1,1,0,8,4,2.11,0
user3746,943,564,13,1,0,1,8,4,1.67,0
user3747,8574,4065,461,0,1,1,8,4,2.11,0
user3748,3709,1272,290,0,0,0,8,4,2.92,0
user3749,7687,1039,175,1,0,1,8,4,7.4,0
user3750,3228,2761,362,1,0,1,8,4,1.17,0
user3751,7234,3925,177,1,1,0,8,4,1.84,0
user3752,7349,892,102,0,1,1,8,4,8.24,0
user3753,6502,1569,223,0,0,0,8,4,4.14,0
user3754,6249,4675,174,0,1,0,8,4,1.34,0
user3755,6883,1685,166,1,0,0,8,4,4.08,0
user3756,2424,3809,135,0,0,1,8,4,0.64,0
user3757,1315,4418,439,1,0,1,8,4,0.3,0
user3758,9460,550,396,1,1,1,8,4,17.2,0
user3759,4271,237,97,0,1,1,8,4,18.02,0
user3760,82,4424,152,0,1,1,8,4,0.02,0
user3761,2555,2829,368,0,0,0,8,4,0.9,0
user3762,9243,544,52,0,0,1,8,4,16.99,0
user3763,2833,2578,40,1,0,0,8,4,1.1,0
user3764,4701,2363,390,0,1,0,8,4,1.99,0
user3765,2287,2319,432,0,1,0,8,4,0.99,0
user3766,5453,1484,106,0,0,1,8,4,3.67,0
user3767,8311,2904,143,0,1,1,8,4,2.86,0
user3768,1168,3716,75,1,0,0,8,4,0.31,0
user3769,9013,3421,398,0,1,1,8,4,2.63,0
user3770,4944,3914,263,1,0,0,8,4,1.26,0
user3771,1061,1530,0,1,1,1,8,4,0.69,0
user3772,3488,2227,441,0,1,0,8,4,1.57,0
user3773,6796,2704,188,0,1,0,8,4,2.51,0
user3774,8388,4233,122,1,1,0,8,4,1.98,0
user3775,1541,697,217,0,1,1,8,4,2.21,0
user3776,9492,3379,200,1,0,0,8,4,2.81,0
user3777,3202,1167,97,0,1,0,8,4,2.74,0
user3778,9314,2066,179,0,0,0,8,4,4.51,0
user3779,7466,671,478,1,0,1,8,4,11.13,0
user3780,1749,2568,279,1,0,0,8,4,0.68,0
user3781,6755,2773,231,0,0,0,8,4,2.44,0
user3782,6000,2441,397,1,0,1,8,4,2.46,0
user3783,3593,3468,347,1,0,0,8,4,1.04,0
user3784,8860,4615,97,1,1,0,8,4,1.92,0
user3785,1461,1537,422,0,0,0,8,4,0.95,0
user3786,1475,4025,257,0,1,1,8,4,0.37,0
user3787,8332,3868,64,0,0,1,8,4,2.15,0
user3788,1904,4881,373,1,0,0,8,4,0.39,0
user3789,2006,4770,80,1,0,0,8,4,0.42,0
user3790,8025,1791,66,1,1,1,8,4,4.48,0
user3791,9803,1975,469,1,1,0,8,4,4.96,0
user3792,5686,3844,331,1,1,1,8,4,1.48,0
user3793,3386,483,404,1,1,0,8,4,7.01,0
user3794,8286,4900,477,0,1,1,8,4,1.69,0
user3795,7853,2705,350,1,1,1,8,4,2.9,0
user3796,2419,2060,352,1,1,0,8,4,1.17,0
user3797,4529,4780,245,0,1,1,8,4,0.95,0
user3798,7489,3122,388,1,0,0,8,4,2.4,0
user3799,8887,4200,312,0,0,1,8,4,2.12,0
user3800,5294,3052,169,1,0,0,8,4,1.73,0
user3801,1969,935,413,1,0,0,8,4,2.11,0
user3802,9067,3506,194,1,1,1,8,4,2.59,0
user3803,5759,4594,204,0,1,1,8,4,1.25,0
user3804,7688,1079,242,0,1,1,8,4,7.13,0
user3805,564,3245,383,1,1,0,8,4,0.17,0
user3806,7056,3320,492,1,0,1,8,4,2.13,0
user3807,2100,3040,92,1,1,1,8,4,0.69,0
user3808,3812,4196,63,0,1,1,8,4,0.91,0
user3809,3260,3533,243,0,1,1,8,4,0.92,0
user3810,9541,3810,98,0,1,0,8,4,2.5,0
user3811,1615,4370,311,0,1,1,8,4,0.37,0
user3812,5300,2135,241,0,0,1,8,4,2.48,0
user3813,9219,1427,464,1,0,0,8,4,6.46,0
user3814,3771,680,194,0,1,0,8,4,5.55,0
user3815,9457,4783,414,0,0,0,8,4,1.98,0
user3816,9390,1369,28,0,1,1,8,4,6.86,0
user3817,717,2277,165,1,0,0,8,4,0.31,0
user3818,5001,3621,276,1,1,1,8,4,1.38,0
user3819,8013,2091,261,1,0,0,8,4,3.83,0
user3820,8031,4912,472,1,1,1,8,4,1.63,0
user3821,9114,4839,273,0,0,1,8,4,1.88,0
user3822,1386,1088,254,1,1,1,8,4,1.27,0
user3823,7142,3434,12,1,1,1,8,4,2.08,0
user3824,4559,2485,435,1,1,1,8,4,1.83,0
user3825,4368,3420,319,0,0,0,8,4,1.28,0
user3826,4316,4873,9,1,1,0,8,4,0.89,0
user3827,3739,4333,53,0,0,0,8,4,0.86,0
user3828,787,3660,48,1,1,1,8,4,0.22,0
user3829,7230,1581,289,0,0,1,8,4,4.57,0
user3830,49,705,101,0,1,1,8,4,0.07,0
user3831,9425,1524,339,0,1,1,8,4,6.18,0
user3832,2917,4736,7,0,0,0,8,4,0.62,1
user3833,5925,2415,266,0,1,1,8,4,2.45,0
user3834,703,477,62,1,0,0,8,4,1.47,0
user3835,5404,4399,43,1,0,1,8,4,1.23,0
user3836,6130,56,185,0,1,1,8,4,109.46,0
user3837,6776,1603,454,0,1,1,8,4,4.23,0
user3838,3754,1271,175,0,0,1,8,4,2.95,0
user3839,4660,409,301,0,0,0,8,4,11.39,0
user3840,2207,499,204,1,0,0,8,4,4.42,0
user3841,4309,3776,215,1,0,1,8,4,1.14,0
user3842,829,1236,359,1,0,1,8,4,0.67,0
user3843,5042,3296,348,0,1,1,8,4,1.53,0
user3844,4842,4606,176,1,1,0,8,4,1.05,0
user3845,107,1501,109,0,0,1,8,4,0.07,0
user3846,3638,3290,261,0,1,0,8,4,1.11,0
user3847,3757,872,470,0,1,1,8,4,4.31,0
user3848,2361,2270,165,1,0,1,8,4,1.04,0
user3849,4941,4785,106,0,0,0,8,4,1.03,0
user3850,8490,809,45,0,0,1,8,4,10.49,0
user3851,1992,850,97,0,1,1,8,4,2.34,0
user3852,4287,1097,436,1,0,0,8,4,3.91,0
user3853,8295,1084,254,0,0,1,8,4,7.65,0
user3854,6639,1925,186,0,1,0,8,4,3.45,0
user3855,4174,4147,334,0,0,0,8,4,1.01,0
user3856,6723,4696,220,1,0,1,8,4,1.43,0
user3857,567,388,254,0,0,0,8,4,1.46,0
user3858,642,4879,197,0,1,1,8,4,0.13,0
user3859,9939,664,123,0,1,0,8,4,14.97,0
user3860,2166,1036,131,0,0,0,8,4,2.09,0
user3861,3022,4763,360,0,0,0,8,4,0.63,0
user3862,464,4184,453,1,0,0,8,4,0.11,0
user3863,2424,4840,358,1,0,1,8,4,0.5,0
user3864,8281,3638,319,0,1,0,8,4,2.28,0
user3865,7601,859,22,1,0,0,8,4,8.85,0
user3866,1089,3985,128,1,0,1,8,4,0.27,0
user3867,4241,3133,106,1,1,0,8,4,1.35,0
user3868,6486,1346,311,1,0,0,8,4,4.82,0
user3869,8926,2092,243,1,1,1,8,4,4.27,0
user3870,4169,4801,240,1,1,1,8,4,0.87,0
user3871,2796,4019,360,1,1,0,8,4,0.7,0
user3872,1694,4485,254,0,0,1,8,4,0.38,0
user3873,3397,265,1,1,0,0,8,4,12.82,0
user3874,1561,3232,135,0,1,1,8,4,0.48,0
user3875,7832,1106,153,1,1,1,8,4,7.08,0
user3876,1290,3383,356,1,1,1,8,4,0.38,0
user3877,2481,487,55,1,0,1,8,4,5.09,0
user3878,5893,181,123,0,1,0,8,4,32.56,0
user3879,7099,4196,52,0,0,1,8,4,1.69,0
user3880,4000,808,363,1,0,1,8,4,4.95,0
user3881,3364,4565,96,1,1,0,8,4,0.74,0
user3882,7656,987,73,0,0,1,8,4,7.76,0
user3883,3315,2931,153,1,0,0,8,4,1.13,0
user3884,414,1058,485,0,0,1,8,4,0.39,0
user3885,3801,185,207,1,0,0,8,4,20.55,0
user3886,12,2401,84,0,0,0,8,4,0.0,1
user3887,5937,176,122,1,1,0,8,4,33.73,0
user3888,763,664,78,0,1,1,8,4,1.15,0
user3889,2448,2109,52,1,0,0,8,4,1.16,0
user3890,4584,1897,122,1,1,0,8,4,2.42,0
user3891,3881,4850,432,1,0,0,8,4,0.8,0
user3892,9102,328,382,0,0,0,8,4,27.75,0
user3893,4196,1674,340,1,1,0,8,4,2.51,0
user3894,3758,4107,472,0,1,0,8,4,0.92,0
user3895,3093,4686,154,0,0,1,8,4,0.66,0
user3896,1301,3530,232,1,1,1,8,4,0.37,0
user3897,3513,456,246,0,1,1,8,4,7.7,0
user3898,8208,1762,0,0,0,1,8,4,4.66,0
user3899,1974,1410,96,0,0,0,8,4,1.4,0
user3900,4023,667,246,1,1,1,8,4,6.03,0
user3901,5308,3520,367,1,1,1,8,4,1.51,0
user3902,4403,1148,21,0,1,1,8,4,3.84,0
user3903,6383,997,93,0,0,0,8,4,6.4,0
user3904,3058,2783,154,1,1,1,8,4,1.1,0
user3905,9814,3253,158,1,1,1,8,4,3.02,0
user3906,2076,4448,344,1,0,0,8,4,0.47,0
user3907,6271,4077,397,0,1,1,8,4,1.54,0
user3908,8824,3873,351,0,0,1,8,4,2.28,0
user3909,7750,4787,480,0,0,1,8,4,1.62,0
user3910,7976,1739,81,0,0,0,8,4,4.59,0
user3911,2387,3404,248,0,0,0,8,4,0.7,0
user3912,6288,2330,121,0,0,0,8,4,2.7,0
user3913,6531,2316,11,0,1,0,8,4,2.82,0
user3914,3506,4997,151,0,0,0,8,4,0.7,0
user3915,4988,202,384,1,1,0,8,4,24.69,0
user3916,6095,2880,270,1,1,0,8,4,2.12,0
user3917,5457,2619,207,1,0,0,8,4,2.08,0
user3918,3045,299,175,0,0,1,8,4,10.18,0
user3919,7387,2944,105,0,1,0,8,4,2.51,0
user3920,9552,2190,113,1,1,1,8,4,4.36,0
user3921,747,2130,488,0,0,0,8,4,0.35,0
user3922,3987,2497,171,0,1,1,8,4,1.6,0
user3923,4478,1055,227,1,0,0,8,4,4.24,0
user3924,155,1814,409,1,0,0,8,4,0.09,0
user3925,6978,895,294,0,0,1,8,4,7.8,0
user3926,2162,1175,375,1,0,1,8,4,1.84,0
user3927,3155,4658,240,1,1,0,8,4,0.68,0
user3928,911,878,206,0,1,1,8,4,1.04,0
user3929,950,1516,397,0,1,0,8,4,0.63,0
user3930,9636,3695,284,0,0,1,8,4,2.61,0
user3931,5955,4870,243,0,0,0,8,4,1.22,0
user3932,109,3780,233,0,0,0,8,4,0.03,1
user3933,9719,2183,23,1,1,1,8,4,4.45,0
user3934,5831,4651,49,1,1,0,8,4,1.25,0
user3935,3240,4063,357,1,1,0,8,4,0.8,0
user3936,3369,4320,380,1,0,1,8,4,0.78,0
user3937,9332,1176,140,1,1,1,8,4,7.94,0
user3938,7046,4972,21,0,0,0,8,4,1.42,0
user3939,2298,1999,171,1,0,0,8,4,1.15,0
user3940,1091,3057,372,1,0,0,8,4,0.36,0
user3941,8227,4008,169,0,1,0,8,4,2.05,0
user3942,9159,2394,289,0,0,1,8,4,3.83,0
user3943,3961,838,19,1,1,1,8,4,4.73,0
user3944,584,4028,80,0,0,1,8,4,0.14,0
user3945,1040,2490,242,0,0,0,8,4,0.42,0
user3946,7268,412,270,1,1,0,8,4,17.64,0
user3947,4989,1996,151,1,0,1,8,4,2.5,0
user3948,6159,2255,136,1,1,1,8,4,2.73,0
user3949,3076,1267,274,1,1,1,8,4,2.43,0
user3950,5703,1891,198,1,1,1,8,4,3.02,0
user3951,2923,2399,317,1,1,1,8,4,1.22,0
user3952,4607,2581,336,0,1,0,8,4,1.78,0
user3953,2659,1725,125,0,0,1,8,4,1.54,0
user3954,3805,3190,49,0,1,1,8,4,1.19,0
user3955,3966,742,29,0,1,0,8,4,5.35,0
user3956,3295,2712,325,1,0,0,8,4,1.21,0
user3957,7845,3542,7,0,1,0,8,4,2.21,0
user3958,4944,3962,356,0,0,1,8,4,1.25,0
user3959,7753,665,489,0,1,1,8,4,11.66,0
user3960,2495,1299,35,0,0,1,8,4,1.92,0
user3961,1070,3248,480,0,0,1,8,4,0.33,0
user3962,8962,3071,475,0,1,0,8,4,2.92,0
user3963,5598,1413,359,0,1,1,8,4,3.96,0
user3964,3394,978,495,0,1,1,8,4,3.47,0
user3965,8370,3224,310,1,0,1,8,4,2.6,0
user3966,7589,2190,47,1,0,0,8,4,3.47,0
user3967,6173,3974,139,0,0,0,8,4,1.55,0
user3968,1899,176,120,0,0,0,8,4,10.79,0
user3969,3182,2721,130,0,1,1,8,4,1.17,0
user3970,7738,4800,68,0,1,1,8,4,1.61,0
user3971,5105,2606,233,1,1,0,8,4,1.96,0
user3972,9317,4937,105,1,0,0,8,4,1.89,0
user3973,3278,3229,171,0,0,1,8,4,1.02,0
user3974,8608,1891,64,1,0,0,8,4,4.55,0
user3975,9634,1142,131,1,1,0,8,4,8.44,0
user3976,8696,2895,249,0,1,0,8,4,3.0,0
user3977,8140,3114,334,1,1,1,8,4,2.61,0
user3978,9180,249,454,1,0,0,8,4,36.87,0
user3979,9385,2935,54,1,1,1,8,4,3.2,0
user3980,7736,2767,118,0,1,0,8,4,2.8,0
user3981,5040,2124,420,0,0,0,8,4,2.37,0
user3982,4014,1171,436,1,0,0,8,4,3.43,0
user3983,7260,3413,90,0,0,0,8,4,2.13,0
user3984,1281,2282,159,0,1,0,8,4,0.56,0
user3985,2967,602,43,0,1,1,8,4,4.93,0
user3986,3134,3370,118,1,0,1,8,4,0.93,0
user3987,8627,4720,127,1,1,0,8,4,1.83,0
user3988,6175,974,436,1,0,1,8,4,6.34,0
user3989,8754,1127,153,1,0,0,8,4,7.77,0
user3990,6902,475,361,0,1,1,8,4,14.53,0
user3991,5847,183,108,0,1,0,8,4,31.95,0
user3992,1524,2486,19,1,1,0,8,4,0.61,0
user3993,2367,4339,104,0,0,0,8,4,0.55,0
user3994,699,3017,467,1,1,1,8,4,0.23,0
user3995,7086,127,284,0,1,1,8,4,55.8,0
user3996,2962,4857,127,1,1,0,8,4,0.61,0
user3997,7642,2855,113,0,0,0,8,4,2.68,0
user3998,1528,1488,239,0,1,1,8,4,1.03,0
user3999,491,450,254,1,1,1,8,4,1.09,0
user4000,6921,2513,203,1,0,0,8,4,2.75,0
user4001,5224,1386,2,1,1,0,8,4,3.77,0
user4002,5471,4440,429,1,0,0,8,4,1.23,0
user4003,3322,4200,461,1,1,1,8,4,0.79,0
user4004,5715,4788,4,1,1,0,8,4,1.19,0
user4005,4660,513,487,0,1,1,8,4,9.08,0
user4006,3787,1349,157,0,0,1,8,4,2.81,0
user4007,8742,2367,192,1,0,1,8,4,3.69,0
user4008,8941,1356,415,1,0,0,8,4,6.59,0
user4009,3529,627,472,1,0,0,8,4,5.63,0
user4010,1771,809,454,1,0,1,8,4,2.19,0
user4011,8566,4619,18,1,0,1,8,4,1.85,0
user4012,3047,4414,139,1,0,0,8,4,0.69,0
user4013,7604,4777,272,1,1,1,8,4,1.59,0
user4014,61,607,173,1,1,1,8,4,0.1,0
user4015,4112,787,95,0,0,1,8,4,5.22,0
user4016,7925,1696,25,1,1,0,8,4,4.67,0
user4017,1209,2419,63,0,1,1,8,4,0.5,0
user4018,4641,4918,147,0,1,0,8,4,0.94,0
user4019,215,2577,136,0,0,0,8,4,0.08,1
user4020,3248,3268,192,0,1,0,8,4,0.99,0
user4021,4499,1439,271,1,1,0,8,4,3.13,0
user4022,6154,2886,238,1,0,1,8,4,2.13,0
user4023,7648,492,481,1,1,0,8,4,15.54,0
user4024,348,2074,252,0,0,1,8,4,0.17,0
user4025,1994,3623,89,0,0,1,8,4,0.55,0
user4026,5787,1234,169,0,1,1,8,4,4.69,0
user4027,3553,212,25,1,0,0,8,4,16.76,0
user4028,7059,323,201,1,1,1,8,4,21.85,0
user4029,4222,1819,160,1,0,1,8,4,2.32,0
user4030,7854,3597,22,1,0,0,8,4,2.18,0
user4031,3820,2099,206,1,0,0,8,4,1.82,0
user4032,1616,2281,15,1,1,0,8,4,0.71,0
user4033,5914,2956,278,0,1,0,8,4,2.0,0
user4034,8276,4555,217,1,0,1,8,4,1.82,0
user4035,8711,2296,95,1,0,1,8,4,3.79,0
user4036,9258,1026,169,0,0,0,8,4,9.02,0
user4037,7477,3703,157,0,1,0,8,4,2.02,0
user4038,7876,1594,28,1,0,0,8,4,4.94,0
user4039,1099,2378,344,1,0,1,8,4,0.46,0
user4040,6092,4598,344,0,0,1,8,4,1.32,0
user4041,2515,3774,386,0,1,1,8,4,0.67,0
user4042,4097,1813,284,1,0,0,8,4,2.26,0
user4043,2961,3838,362,1,1,0,8,4,0.77,0
user4044,2360,831,468,0,0,1,8,4,2.84,0
user4045,7425,2996,305,0,1,0,8,4,2.48,0
user4046,883,2685,109,0,1,1,8,4,0.33,0
user4047,9858,4574,51,0,1,1,8,4,2.16,0
user4048,2610,101,122,1,1,0,8,4,25.84,0
user4049,5216,1494,426,0,0,0,8,4,3.49,0
user4050,8881,1630,192,0,1,1,8,4,5.45,0
user4051,7678,3489,124,1,0,1,8,4,2.2,0
user4052,5750,1677,227,0,0,1,8,4,3.43,0
user4053,4247,662,378,0,1,0,8,4,6.42,0
user4054,8043,2476,154,1,1,0,8,4,3.25,0
user4055,8183,3575,235,0,0,0,8,4,2.29,0
user4056,293,1005,279,1,1,1,8,4,0.29,0
user4057,5112,385,174,1,1,0,8,4,13.28,0
user4058,9322,4187,438,0,0,0,8,4,2.23,0
user4059,1939,3385,37,0,0,1,8,4,0.57,0
user4060,8394,2596,372,1,0,0,8,4,3.23,0
user4061,81,845,61,0,1,0,8,4,0.1,0
user4062,1538,2925,423,0,1,0,8,4,0.53,0
user4063,421,2894,30,0,0,0,8,4,0.15,0
user4064,41,1634,195,1,0,1,8,4,0.03,0
user4065,3357,4083,138,0,0,0,8,4,0.82,0
user4066,6298,4042,77,1,1,1,8,4,1.56,0
user4067,1589,1149,183,1,0,0,8,4,1.38,0
user4068,7189,47,11,1,0,0,8,4,152.96,0
user4069,8406,1098,384,1,1,0,8,4,7.66,0
user4070,9557,2406,425,1,0,1,8,4,3.97,0
user4071,3080,1639,5,1,0,1,8,4,1.88,0
user4072,8353,1319,286,1,1,0,8,4,6.33,0
user4073,8638,637,149,1,1,0,8,4,13.56,0
user4074,2695,590,212,0,0,1,8,4,4.57,0
user4075,4006,2249,124,1,1,1,8,4,1.78,0
user4076,1825,4296,320,1,0,1,8,4,0.42,0
user4077,2874,3307,212,0,1,1,8,4,0.87,0
user4078,452,3499,357,0,0,0,8,4,0.13,0
user4079,7502,720,354,0,1,0,8,4,10.42,0
user4080,6145,114,474,1,1,1,8,4,53.9,0
user4081,8372,2001,130,1,1,0,8,4,4.18,0
user4082,1075,4403,468,0,1,0,8,4,0.24,0
user4083,8234,1463,122,0,0,0,8,4,5.63,0
user4084,6229,2728,388,0,0,1,8,4,2.28,0
user4085,9297,2346,181,1,1,0,8,4,3.96,0
user4086,6334,677,81,1,1,0,8,4,9.36,0
user4087,6595,906,3,1,0,0,8,4,7.28,0
user4088,5257,4879,41,1,0,0,8,4,1.08,0
user4089,1349,1896,410,0,1,0,8,4,0.71,0
user4090,7756,1414,10,0,1,0,8,4,5.49,0
user4091,3811,2457,103,0,1,1,8,4,1.55,0
user4092,8067,1065,103,1,0,1,8,4,7.57,0
user4093,6991,2789,276,0,1,0,8,4,2.51,0
user4094,6071,4970,246,0,0,0,8,4,1.22,0
user4095,8157,401,114,1,0,0,8,4,20.34,0
user4096,3045,257,16,1,0,1,8,4,11.85,0
user4097,7606,2471,341,1,1,0,8,4,3.08,0
user4098,6315,877,192,1,1,0,8,4,7.2,0
user4099,6068,845,225,1,0,1,8,4,7.18,0
user4100,5857,244,156,1,1,0,8,4,24.0,0
user4101,227,1808,435,0,1,1,8,4,0.13,0
user4102,6681,3171,206,1,1,1,8,4,2.11,0
user4103,1220,2861,47,1,0,0,8,4,0.43,0
user4104,6085,4255,107,0,1,0,8,4,1.43,0
user4105,6868,4248,441,1,0,1,8,4,1.62,0
user4106,1876,3581,306,0,1,0,8,4,0.52,0
user4107,225,2438,103,1,0,1,8,4,0.09,0
user4108,7069,1449,243,1,1,0,8,4,4.88,0
user4109,3620,4871,337,1,0,1,8,4,0.74,0
user4110,4232,2200,310,0,0,1,8,4,1.92,0
user4111,6269,3405,451,0,1,0,8,4,1.84,0
user4112,4949,1746,293,1,0,1,8,4,2.83,0
user4113,6562,1678,384,1,0,0,8,4,3.91,0
user4114,8483,2608,302,0,1,0,8,4,3.25,0
user4115,6323,4088,349,1,0,1,8,4,1.55,0
user4116,4426,1467,330,0,0,0,8,4,3.02,0
user4117,9467,4014,290,1,1,1,8,4,2.36,0
user4118,1576,4471,184,0,0,0,8,4,0.35,0
user4119,1043,2641,191,1,0,0,8,4,0.39,0
user4120,1899,3708,26,0,0,0,8,4,0.51,0
user4121,1698,3360,16,1,0,0,8,4,0.51,0
user4122,2232,160,5,0,0,1,8,4,13.95,0
user4123,2743,3299,104,0,0,0,8,4,0.83,0
user4124,5599,338,8,1,0,0,8,4,16.57,0
user4125,527,2534,352,1,0,0,8,4,0.21,0
user4126,1943,4718,485,0,1,0,8,4,0.41,0
user4127,7691,3460,484,0,0,1,8,4,2.22,0
user4128,3011,3056,49,1,0,0,8,4,0.99,0
user4129,5707,2797,35,0,0,1,8,4,2.04,0
user4130,9056,251,463,0,1,0,8,4,36.08,0
user4131,5563,4974,98,1,1,1,8,4,1.12,0
user4132,4746,2228,391,0,1,0,8,4,2.13,0
user4133,8078,3613,302,1,1,0,8,4,2.24,0
user4134,5808,1878,75,1,1,1,8,4,3.09,0
user4135,7522,4952,382,0,1,1,8,4,1.52,0
user4136,7386,832,374,0,0,0,8,4,8.88,0
user4137,1146,3028,155,0,0,1,8,4,0.38,0
user4138,5958,390,366,0,0,0,8,4,15.28,0
user4139,9448,2851,499,1,1,1,8,4,3.31,0
user4140,6209,3732,105,1,1,1,8,4,1.66,0
user4141,5083,3639,430,0,0,1,8,4,1.4,0
user4142,5567,2693,209,0,1,0,8,4,2.07,0
user4143,8384,2320,106,1,0,0,8,4,3.61,0
user4144,6715,2274,379,0,0,1,8,4,2.95,0
user4145,7777,4855,15,1,1,1,8,4,1.6,0
user4146,2156,3891,293,0,0,1,8,4,0.55,0
user4147,2487,99,341,0,0,1,8,4,25.12,0
user4148,9608,4620,422,0,1,0,8,4,2.08,0
user4149,3257,3012,293,1,0,0,8,4,1.08,0
user4150,3671,1384,178,1,1,0,8,4,2.65,0
user4151,642,3417,224,0,1,1,8,4,0.19,0
user4152,6473,2786,292,1,0,1,8,4,2.32,0
user4153,5161,1761,168,1,1,0,8,4,2.93,0
user4154,3734,1086,413,0,1,1,8,4,3.44,0
user4155,2754,3311,429,0,1,0,8,4,0.83,0
user4156,9120,1363,459,1,1,0,8,4,6.69,0
user4157,6068,379,390,0,1,0,8,4,16.01,0
user4158,7970,247,323,1,1,1,8,4,32.27,0
user4159,2860,1968,292,1,0,0,8,4,1.45,0
user4160,9706,2004,439,1,0,0,8,4,4.84,0
user4161,6407,1775,236,1,1,1,8,4,3.61,0
user4162,1533,3079,341,1,1,0,8,4,0.5,0
user4163,9935,2335,306,0,1,1,8,4,4.25,0
user4164,4302,1724,313,1,1,0,8,4,2.5,0
user4165,6352,4485,258,0,0,1,8,4,1.42,0
user4166,6500,2762,428,1,0,1,8,4,2.35,0
user4167,8803,3679,159,0,1,1,8,4,2.39,0
user4168,6737,934,366,1,1,0,8,4,7.21,0
user4169,919,3115,260,1,0,0,8,4,0.3,0
user4170,375,585,285,1,0,0,8,4,0.64,0
user4171,2000,1331,277,0,1,0,8,4,1.5,0
user4172,432,1314,438,0,1,1,8,4,0.33,0
user4173,9767,3761,474,1,0,1,8,4,2.6,0
user4174,1925,4482,133,1,1,1,8,4,0.43,0
user4175,9925,2164,86,1,0,1,8,4,4.59,0
user4176,3559,2498,170,0,1,0,8,4,1.42,0
user4177,4488,2938,394,0,1,0,8,4,1.53,0
user4178,314,864,423,0,0,1,8,4,0.36,0
user4179,5767,2936,410,1,1,1,8,4,1.96,0
user4180,1025,4525,211,0,1,1,8,4,0.23,0
user4181,6906,3222,440,0,0,1,8,4,2.14,0
user4182,4770,2819,86,1,0,0,8,4,1.69,0
user4183,7221,3303,126,1,1,1,8,4,2.19,0
user4184,4186,2879,155,1,0,1,8,4,1.45,0
user4185,1536,4106,341,1,0,1,8,4,0.37,0
user4186,4791,4255,332,0,1,0,8,4,1.13,0
user4187,9681,4674,215,1,1,0,8,4,2.07,0
user4188,1408,1382,168,0,1,1,8,4,1.02,0
user4189,2843,849,467,1,0,0,8,4,3.35,0
user4190,2454,3600,373,0,1,0,8,4,0.68,0
user4191,4690,2403,338,1,1,1,8,4,1.95,0
user4192,3585,4780,184,1,0,1,8,4,0.75,0
user4193,5406,2657,160,1,0,0,8,4,2.03,0
user4194,4781,4276,351,1,1,1,8,4,1.12,0
user4195,3572,4608,214,1,1,1,8,4,0.78,0
user4196,4596,384,496,1,0,0,8,4,11.97,0
user4197,6237,4891,173,1,1,0,8,4,1.28,0
user4198,7948,2670,192,0,0,1,8,4,2.98,0
user4199,5257,4024,450,1,0,1,8,4,1.31,0
user4200,7739,2911,98,1,1,1,8,4,2.66,0
user4201,5798,3012,283,1,1,0,8,4,1.92,0
user4202,720,1881,97,0,0,1,8,4,0.38,0
user4203,4305,438,454,1,0,1,8,4,9.83,0
user4204,8471,4990,243,1,1,0,8,4,1.7,0
user4205,981,4554,500,1,1,0,8,4,0.22,0
user4206,4293,3701,312,0,1,0,8,4,1.16,0
user4207,6078,2121,40,0,0,0,8,4,2.87,0
user4208,8609,2630,156,0,1,1,8,4,3.27,0
user4209,2660,473,481,1,1,1,8,4,5.62,0
user4210,3366,1887,120,1,1,0,8,4,1.78,0
user4211,6124,3641,88,1,1,0,8,4,1.68,0
user4212,1101,3876,49,1,1,0,8,4,0.28,0
user4213,5076,3414,290,0,0,0,8,4,1.49,0
user4214,4827,3241,312,0,1,0,8,4,1.49,0
user4215,2973,1085,173,1,1,1,8,4,2.74,0
user4216,5104,1847,123,0,1,0,8,4,2.76,0
user4217,4668,4201,406,1,0,1,8,4,1.11,0
user4218,9112,1700,488,0,0,1,8,4,5.36,0
user4219,6285,3194,449,0,0,1,8,4,1.97,0
user4220,5954,3757,69,0,1,1,8,4,1.58,0
user4221,4213,4058,476,1,0,1,8,4,1.04,0
user4222,6852,1416,92,1,0,1,8,4,4.84,0
user4223,4149,2438,353,0,1,0,8,4,1.7,0
user4224,9746,854,460,1,0,0,8,4,11.41,0
user4225,9990,1864,146,0,0,0,8,4,5.36,0
user4226,453,2213,253,1,0,0,8,4,0.2,0
user4227,3692,2812,233,0,1,1,8,4,1.31,0
user4228,8737,1206,116,0,0,0,8,4,7.24,0
user4229,747,4440,371,0,1,1,8,4,0.17,0
user4230,3469,2106,12,1,1,0,8,4,1.65,0
user4231,7449,4232,65,0,0,0,8,4,1.76,0
user4232,7747,4078,203,1,1,1,8,4,1.9,0
user4233,4443,1819,219,0,0,1,8,4,2.44,0
user4234,7325,2105,436,0,0,0,8,4,3.48,0
user4235,1057,2833,30,0,1,1,8,4,0.37,0
user4236,5037,1271,138,1,0,0,8,4,3.96,0
user4237,4155,2688,230,1,0,1,8,4,1.55,0
user4238,411,873,395,0,1,1,8,4,0.47,0
user4239,2777,294,284,1,1,1,8,4,9.45,0
user4240,3063,932,200,1,1,0,8,4,3.29,0
user4241,106,2315,286,0,0,1,8,4,0.05,0
user4242,8958,576,465,0,1,1,8,4,15.55,0
user4243,4715,937,158,1,0,0,8,4,5.03,0
user4244,1730,1146,386,1,1,1,8,4,1.51,0
user4245,4193,1145,12,1,0,0,8,4,3.66,0
user4246,5132,924,211,0,0,1,8,4,5.55,0
user4247,2184,2910,306,1,1,1,8,4,0.75,0
user4248,6849,4561,251,0,1,0,8,4,1.5,0
user4249,3445,628,45,0,1,1,8,4,5.49,0
user4250,7361,4322,197,1,1,0,8,4,1.7,0
user4251,6389,2201,256,0,0,1,8,4,2.9,0
user4252,1334,180,135,1,0,1,8,4,7.41,0
user4253,4842,4838,328,1,0,0,8,4,1.0,0
user4254,4142,1096,116,1,1,1,8,4,3.78,0
user4255,5899,4950,146,0,1,0,8,4,1.19,0
user4256,9650,322,173,0,1,0,8,4,29.97,0
user4257,2539,4302,0,0,1,0,8,4,0.59,0
user4258,672,1508,451,1,1,1,8,4,0.45,0
user4259,9951,1166,255,0,0,1,8,4,8.53,0
user4260,8607,3707,415,1,1,1,8,4,2.32,0
user4261,3296,237,143,0,1,0,8,4,13.91,0
user4262,8259,4147,355,1,1,0,8,4,1.99,0
user4263,7831,1794,401,1,0,1,8,4,4.37,0
user4264,3200,2790,145,0,0,0,8,4,1.15,0
user4265,9640,4003,60,0,1,1,8,4,2.41,0
user4266,6891,2412,39,1,0,1,8,4,2.86,0
user4267,1802,2015,9,0,1,0,8,4,0.89,0
user4268,7848,243,150,1,0,0,8,4,32.3,0
user4269,7329,1045,68,0,1,0,8,4,7.01,0
user4270,6827,3485,242,0,1,1,8,4,1.96,0
user4271,6384,4032,332,0,0,0,8,4,1.58,0
user4272,8513,4251,96,1,1,1,8,4,2.0,0
user4273,8086,516,211,0,1,0,8,4,15.67,0
user4274,3826,1574,155,0,1,0,8,4,2.43,0
user4275,6531,2442,436,0,0,0,8,4,2.67,0
user4276,4613,3158,108,0,0,0,8,4,1.46,0
user4277,7233,1194,496,0,1,0,8,4,6.06,0
user4278,2010,841,305,0,1,0,8,4,2.39,0
user4279,2987,2893,441,1,1,1,8,4,1.03,0
user4280,7783,1086,228,0,0,0,8,4,7.17,0
user4281,2883,662,145,1,0,1,8,4,4.35,0
user4282,2098,3945,469,0,0,1,8,4,0.53,0
user4283,8934,4148,321,1,1,0,8,4,2.15,0
user4284,3429,4108,37,1,1,1,8,4,0.83,0
user4285,1051,4229,359,0,0,1,8,4,0.25,0
user4286,4720,577,190,0,0,1,8,4,8.18,0
user4287,7498,2986,499,1,1,0,8,4,2.51,0
user4288,454,2068,134,0,0,0,8,4,0.22,0
user4289,2103,4900,350,0,0,0,8,4,0.43,0
user4290,1,4088,270,0,1,1,8,4,0.0,0
user4291,6564,2829,133,0,1,0,8,4,2.32,0
user4292,4808,4609,221,0,1,0,8,4,1.04,0
user4293,6566,4059,292,0,1,1,8,4,1.62,0
user4294,7559,1651,179,0,0,1,8,4,4.58,0
user4295,2956,472,198,1,1,1,8,4,6.26,0
user4296,7149,4665,369,1,0,1,8,4,1.53,0
user4297,9280,4037,25,1,1,1,8,4,2.3,0
user4298,4939,1733,491,0,1,1,8,4,2.85,0
user4299,2817,4247,63,0,0,1,8,4,0.66,0
user4300,8803,4562,197,0,0,0,8,4,1.93,0
user4301,6931,260,232,0,0,1,8,4,26.66,0
user4302,4726,2920,120,1,0,1,8,4,1.62,0
user4303,4923,4172,325,1,0,0,8,4,1.18,0
user4304,273,4309,164,0,1,0,8,4,0.06,0
user4305,5986,4743,320,0,0,0,8,4,1.26,0
user4306,6400,622,133,1,0,0,8,4,10.29,0
user4307,106,3814,143,1,1,1,8,4,0.03,0
user4308,1711,4479,293,1,1,1,8,4,0.38,0
user4309,4638,3419,124,1,1,1,8,4,1.36,0
user4310,2856,2700,497,0,0,1,8,4,1.06,0
user4311,1377,2469,322,0,0,1,8,4,0.56,0
user4312,3398,4430,143,1,1,1,8,4,0.77,0
user4313,6805,496,46,0,1,1,8,4,13.72,0
user4314,1438,232,489,0,1,1,8,4,6.2,0
user4315,511,3040,267,1,1,1,8,4,0.17,0
user4316,271,4340,129,0,1,1,8,4,0.06,0
user4317,2513,1426,14,1,0,0,8,4,1.76,0
user4318,2044,1924,82,0,0,1,8,4,1.06,0
user4319,7830,833,208,0,0,1,8,4,9.4,0
user4320,9355,4237,233,1,1,1,8,4,2.21,0
user4321,4302,807,282,0,1,0,8,4,5.33,0
user4322,7964,3806,52,0,0,0,8,4,2.09,0
user4323,6510,4150,137,1,1,0,8,4,1.57,0
user4324,8355,1874,263,0,0,0,8,4,4.46,0
user4325,6454,3420,143,1,0,1,8,4,1.89,0
user4326,2220,353,393,0,1,1,8,4,6.29,0
user4327,9622,1690,367,1,1,0,8,4,5.69,0
user4328,8033,2864,17,1,0,0,8,4,2.8,0
user4329,7926,3809,203,0,0,0,8,4,2.08,0
user4330,2979,1482,71,1,1,1,8,4,2.01,0
user4331,9071,4223,140,1,1,1,8,4,2.15,0
user4332,2496,622,353,0,1,1,8,4,4.01,0
user4333,352,3103,52,1,1,1,8,4,0.11,0
user4334,4992,3875,149,0,1,0,8,4,1.29,0
user4335,8426,804,458,1,0,1,8,4,10.48,0
user4336,4593,1531,180,0,1,1,8,4,3.0,0
user4337,9075,2243,304,1,0,0,8,4,4.05,0
user4338,1662,4079,54,0,0,1,8,4,0.41,0
user4339,5926,4042,23,0,1,1,8,4,1.47,0
user4340,2073,1306,294,1,1,1,8,4,1.59,0
user4341,5658,4036,167,1,1,0,8,4,1.4,0
user4342,4248,1632,47,1,0,1,8,4,2.6,0
user4343,4654,397,268,0,1,1,8,4,11.72,0
user4344,1521,1720,32,1,1,1,8,4,0.88,0
user4345,9574,397,198,1,0,0,8,4,24.12,0
user4346,3502,3787,119,0,0,0,8,4,0.92,0
user4347,7539,694,178,1,0,0,8,4,10.86,0
user4348,6809,4803,372,0,0,0,8,4,1.42,0
user4349,2749,3615,309,1,1,0,8,4,0.76,0
user4350,5086,2852,67,0,1,0,8,4,1.78,0
user4351,4489,4270,316,1,1,0,8,4,1.05,0
user4352,6969,2224,245,0,0,0,8,4,3.13,0
user4353,9720,2283,91,0,1,1,8,4,4.26,0
user4354,4189,3070,217,0,1,1,8,4,1.36,0
user4355,8417,1897,275,0,1,1,8,4,4.44,0
user4356,5136,1458,259,0,1,0,8,4,3.52,0
user4357,9006,2,299,1,0,1,8,4,4503.0,0
user4358,6344,2511,118,0,1,0,8,4,2.53,0
user4359,3876,745,481,0,1,1,8,4,5.2,0
user4360,5324,2344,44,0,0,0,8,4,2.27,0
user4361,8115,2558,0,1,0,0,8,4,3.17,0
user4362,9881,814,193,0,1,1,8,4,12.14,0
user4363,7825,1623,286,1,0,1,8,4,4.82,0
user4364,3696,4127,418,0,0,1,8,4,0.9,0
user4365,8636,2689,115,1,1,1,8,4,3.21,0
user4366,4237,3201,409,0,0,0,8,4,1.32,0
user4367,4231,3653,228,0,1,0,8,4,1.16,0
user4368,2483,4873,344,0,0,1,8,4,0.51,0
user4369,8087,3958,103,0,0,0,8,4,2.04,0
user4370,1302,1363,218,1,1,1,8,4,0.96,0
user4371,6967,3031,107,1,0,0,8,4,2.3,0
user4372,8628,1184,91,0,0,0,8,4,7.29,0
user4373,5103,1696,93,0,0,0,8,4,3.01,0
user4374,610,3863,205,1,0,0,8,4,0.16,0
user4375,3771,2298,414,1,1,0,8,4,1.64,0
user4376,4011,4908,272,1,1,1,8,4,0.82,0
user4377,2734,1839,446,0,0,1,8,4,1.49,0
user4378,6796,3372,401,1,0,0,8,4,2.02,0
user4379,5852,2032,495,0,1,1,8,4,2.88,0
user4380,7333,3297,395,0,1,1,8,4,2.22,0
user4381,3216,161,233,1,1,0,8,4,19.98,0
user4382,7218,201,446,1,1,0,8,4,35.91,0
user4383,7526,1107,271,1,1,0,8,4,6.8,0
user4384,1250,2567,60,0,0,0,8,4,0.49,0
user4385,9540,1927,149,1,0,1,8,4,4.95,0
user4386,172,3522,167,0,1,0,8,4,0.05,0
user4387,7838,2999,83,1,0,1,8,4,2.61,0
user4388,5798,3239,47,0,1,0,8,4,1.79,0
user4389,7122,4279,201,0,1,1,8,4,1.66,0
user4390,8195,1403,313,0,0,1,8,4,5.84,0
user4391,7610,2282,437,0,0,0,8,4,3.33,0
user4392,5236,1895,85,0,1,0,8,4,2.76,0
user4393,9190,4482,26,1,0,1,8,4,2.05,0
user4394,7284,2968,164,1,0,1,8,4,2.45,0
user4395,8525,1270,391,0,0,0,8,4,6.71,0
user4396,4309,216,469,0,1,1,8,4,19.95,0
user4397,7653,2462,355,1,0,0,8,4,3.11,0
user4398,6494,4668,159,0,0,1,8,4,1.39,0
user4399,2269,4585,77,1,0,1,8,4,0.49,0
user4400,1907,2541,252,0,0,0,8,4,0.75,0
user4401,9868,257,305,0,0,0,8,4,38.4,0
user4402,4543,1626,439,1,1,1,8,4,2.79,0
user4403,3531,1369,52,1,1,0,8,4,2.58,0
user4404,8693,4832,68,0,1,1,8,4,1.8,0
user4405,1373,2837,137,0,1,1,8,4,0.48,0
user4406,4757,861,320,1,0,0,8,4,5.52,0
user4407,23,4125,337,1,0,0,8,4,0.01,1
user4408,2017,1573,259,1,1,0,8,4,1.28,0
user4409,2675,37,273,1,0,1,8,4,72.3,0
user4410,3809,2194,426,1,1,1,8,4,1.74,0
user4411,9435,3447,446,1,0,0,8,4,2.74,0
user4412,8214,4539,304,1,1,0,8,4,1.81,0
user4413,190,349,292,1,0,1,8,4,0.54,0
user4414,1648,405,218,1,0,1,8,4,4.07,0
user4415,107,3600,361,1,1,0,8,4,0.03,0
user4416,7118,2061,58,1,1,1,8,4,3.45,0
user4417,1350,2375,32,0,0,1,8,4,0.57,0
user4418,5045,2886,185,1,0,0,8,4,1.75,0
user4419,9016,4107,6,1,0,1,8,4,2.2,0
user4420,1240,1994,65,1,1,0,8,4,0.62,0
user4421,3098,3375,431,0,0,1,8,4,0.92,0
user4422,8459,4170,112,1,1,0,8,4,2.03,0
user4423,1093,3640,466,1,1,0,8,4,0.3,0
user4424,8321,1112,8,0,0,0,8,4,7.48,1
user4425,1392,1521,401,0,1,1,8,4,0.92,0
user4426,8490,1764,108,1,1,0,8,4,4.81,0
user4427,7449,4619,334,1,1,0,8,4,1.61,0
user4428,3020,2014,161,0,0,0,8,4,1.5,0
user4429,8690,4331,143,0,0,1,8,4,2.01,0
user4430,7375,3465,339,1,0,1,8,4,2.13,0
user4431,6297,3292,292,1,0,1,8,4,1.91,0
user4432,368,2363,87,0,1,1,8,4,0.16,0
user4433,7338,380,123,0,1,1,8,4,19.31,0
user4434,1896,4325,334,1,0,1,8,4,0.44,0
user4435,5048,2598,36,1,1,0,8,4,1.94,0
user4436,9441,3836,82,1,1,0,8,4,2.46,0
user4437,633,1583,382,0,0,1,8,4,0.4,0
user4438,2584,859,290,0,1,0,8,4,3.01,0
user4439,6472,2356,270,1,1,1,8,4,2.75,0
user4440,2643,2266,197,1,0,1,8,4,1.17,0
user4441,9885,4767,55,1,1,0,8,4,2.07,0
user4442,939,235,381,0,0,1,8,4,4.0,0
user4443,5572,3407,479,1,1,1,8,4,1.64,0
user4444,9136,3630,221,0,1,1,8,4,2.52,0
user4445,9148,2332,28,0,1,0,8,4,3.92,0
user4446,825,2766,9,0,0,0,8,4,0.3,1
user4447,864,804,18,1,1,0,8,4,1.07,0
user4448,2518,4680,488,1,1,0,8,4,0.54,0
user4449,6607,4648,448,1,1,1,8,4,1.42,0
user4450,3018,1834,361,1,0,1,8,4,1.65,0
user4451,4241,4405,487,0,1,0,8,4,0.96,0
user4452,90,2578,152,0,0,1,8,4,0.03,1
user4453,4178,327,198,1,1,1,8,4,12.78,0
user4454,3688,589,53,0,0,1,8,4,6.26,0
user4455,7388,280,476,1,0,1,8,4,26.39,0
user4456,568,801,43,1,0,1,8,4,0.71,0
user4457,2550,10,387,0,1,0,8,4,255.0,0
user4458,3442,4489,172,0,0,0,8,4,0.77,0
user4459,1185,3619,257,1,0,0,8,4,0.33,0
user4460,9257,3692,44,0,1,0,8,4,2.51,0
user4461,5079,4272,481,1,0,0,8,4,1.19,0
user4462,5115,575,34,1,1,1,8,4,8.9,0
user4463,9122,4826,419,1,1,1,8,4,1.89,0
user4464,3614,2126,116,0,1,0,8,4,1.7,0
user4465,2695,4321,263,0,1,0,8,4,0.62,0
user4466,9740,864,431,0,1,1,8,4,11.27,0
user4467,760,4473,75,0,0,1,8,4,0.17,0
user4468,6818,1348,150,1,0,0,8,4,5.06,0
user4469,3519,308,228,1,1,1,8,4,11.43,0
user4470,4665,1745,237,0,1,1,8,4,2.67,0
user4471,9411,1061,385,0,1,0,8,4,8.87,0
user4472,4098,414,90,0,0,1,8,4,9.9,0
user4473,6625,4975,285,1,0,1,8,4,1.33,0
user4474,8842,750,143,0,0,1,8,4,11.79,0
user4475,2010,745,243,0,1,0,8,4,2.7,0
user4476,4140,3683,435,1,0,0,8,4,1.12,0
user4477,4280,4439,310,0,1,1,8,4,0.96,0
user4478,4415,1590,59,0,0,1,8,4,2.78,0
user4479,1872,2793,400,0,1,0,8,4,0.67,0
user4480,4231,188,474,1,0,1,8,4,22.51,0
user4481,6949,663,113,0,1,0,8,4,10.48,0
user4482,2509,411,211,1,0,1,8,4,6.1,0
user4483,4538,448,418,1,1,0,8,4,10.13,0
user4484,9908,325,20,0,1,0,8,4,30.49,0
user4485,6188,1183,291,0,1,1,8,4,5.23,0
user4486,323,584,261,0,0,1,8,4,0.55,0
user4487,7354,4713,129,0,1,1,8,4,1.56,0
user4488,4103,187,145,0,0,1,8,4,21.94,0
user4489,7863,1805,362,1,0,0,8,4,4.36,0
user4490,2100,4061,252,1,1,0,8,4,0.52,0
user4491,370,4128,382,1,1,1,8,4,0.09,0
user4492,5197,3269,361,0,1,1,8,4,1.59,0
user4493,5277,4249,378,0,1,0,8,4,1.24,0
user4494,17,4549,103,0,1,0,8,4,0.0,1
user4495,4467,451,203,0,1,0,8,4,9.9,0
user4496,3116,3715,309,0,1,0,8,4,0.84,0
user4497,4808,4579,122,0,0,0,8,4,1.05,0
user4498,7565,4041,349,0,0,1,8,4,1.87,0
user4499,6126,2281,90,1,0,1,8,4,2.69,0
user4500,3126,1781,378,1,0,0,8,4,1.76,0
user4501,9100,4125,272,1,0,1,8,4,2.21,0
user4502,2742,970,187,1,1,0,8,4,2.83,0
user4503,414,4250,293,0,0,1,8,4,0.1,0
user4504,8632,3231,355,1,0,1,8,4,2.67,0
user4505,3310,2860,63,0,0,0,8,4,1.16,0
user4506,2899,711,171,0,1,1,8,4,4.08,0
user4507,4195,728,440,1,0,1,8,4,5.76,0
user4508,9628,3981,188,0,1,1,8,4,2.42,0
user4509,1594,3653,499,0,1,1,8,4,0.44,0
user4510,1563,4737,90,1,0,1,8,4,0.33,0
user4511,5964,4926,408,1,1,0,8,4,1.21,0
user4512,9459,4377,315,0,0,1,8,4,2.16,0
user4513,6709,4793,490,0,0,0,8,4,1.4,0
user4514,7394,4598,364,0,1,1,8,4,1.61,0
user4515,6947,1096,176,0,0,1,8,4,6.34,0
user4516,8575,2995,206,0,1,0,8,4,2.86,0
user4517,1604,3360,311,1,0,0,8,4,0.48,0
user4518,9075,918,346,0,0,1,8,4,9.89,0
user4519,7748,4150,362,0,0,0,8,4,1.87,0
user4520,3643,572,134,0,0,0,8,4,6.37,0
user4521,4519,598,209,0,0,0,8,4,7.56,0
user4522,7819,1143,187,0,1,0,8,4,6.84,0
user4523,7832,3057,17,1,1,1,8,4,2.56,0
user4524,9969,2673,474,0,1,1,8,4,3.73,0
user4525,6087,2302,205,1,1,1,8,4,2.64,0
user4526,6141,4088,306,0,1,1,8,4,1.5,0
user4527,7912,2189,148,0,0,0,8,4,3.61,0
user4528,5227,475,127,1,1,0,8,4,11.0,0
user4529,7455,4678,154,0,1,0,8,4,1.59,0
user4530,7722,2558,326,1,0,1,8,4,3.02,0
user4531,3828,2483,416,1,0,1,8,4,1.54,0
user4532,2276,735,128,1,1,0,8,4,3.1,0
user4533,3406,1657,106,0,0,1,8,4,2.06,0
user4534,1576,3384,488,0,0,0,8,4,0.47,0
user4535,7101,2847,141,1,0,0,8,4,2.49,0
user4536,5071,4268,229,1,1,0,8,4,1.19,0
user4537,6875,358,434,0,1,0,8,4,19.2,0
user4538,308,2950,39,1,0,1,8,4,0.1,0
user4539,2566,3350,130,0,0,0,8,4,0.77,0
user4540,411,2692,325,0,1,1,8,4,0.15,0
user4541,7094,17,442,1,1,0,8,4,417.29,0
user4542,4289,3105,469,1,1,0,8,4,1.38,0
user4543,8935,2496,59,1,1,1,8,4,3.58,0
user4544,928,314,338,1,0,1,8,4,2.96,0
user4545,6703,704,364,1,1,1,8,4,9.52,0
user4546,3666,1165,359,1,0,1,8,4,3.15,0
user4547,6076,779,314,0,1,1,8,4,7.8,0
user4548,2933,1282,333,1,1,0,8,4,2.29,0
user4549,3511,4229,391,1,1,0,8,4,0.83,0
user4550,52,1634,492,1,1,1,8,4,0.03,0
user4551,4311,4614,328,0,1,1,8,4,0.93,0
user4552,1104,3593,55,0,0,0,8,4,0.31,0
user4553,1016,3997,361,1,1,0,8,4,0.25,0
user4554,9179,2156,69,1,1,1,8,4,4.26,0
user4555,7761,535,178,0,0,0,8,4,14.51,0
user4556,8923,1171,8,1,0,1,8,4,7.62,0
user4557,8027,2032,242,1,0,0,8,4,3.95,0
user4558,7550,4558,235,1,0,0,8,4,1.66,0
user4559,685,3388,135,1,0,0,8,4,0.2,0
user4560,9553,1749,163,1,1,0,8,4,5.46,0
user4561,7383,3954,282,1,0,1,8,4,1.87,0
user4562,5203,983,245,0,1,1,8,4,5.29,0
user4563,2499,825,115,1,0,1,8,4,3.03,0
user4564,4598,1725,151,1,0,1,8,4,2.67,0
user4565,9081,1067,417,0,1,0,8,4,8.51,0
user4566,1750,2397,99,1,1,0,8,4,0.73,0
user4567,4297,3045,171,0,0,1,8,4,1.41,0
user4568,2958,4323,295,1,0,1,8,4,0.68,0
user4569,5914,3920,87,0,0,1,8,4,1.51,0
user4570,1082,4536,45,1,0,1,8,4,0.24,0
user4571,5846,2952,419,1,1,0,8,4,1.98,0
user4572,7469,1370,387,1,0,1,8,4,5.45,0
user4573,4068,1992,187,1,1,0,8,4,2.04,0
user4574,8590,4794,487,0,0,1,8,4,1.79,0
user4575,2283,2075,474,0,1,1,8,4,1.1,0
user4576,9288,2300,102,0,0,0,8,4,4.04,0
user4577,6525,4907,141,1,0,0,8,4,1.33,0
user4578,401,2702,202,1,1,1,8,4,0.15,0
user4579,4114,3657,216,1,0,1,8,4,1.12,0
user4580,1126,4390,128,1,0,1,8,4,0.26,0
user4581,3030,1898,35,1,0,0,8,4,1.6,0
user4582,574,4301,6,1,1,1,8,4,0.13,0
user4583,103,1268,56,0,0,0,8,4,0.08,1
user4584,1681,4348,49,0,0,1,8,4,0.39,0
user4585,7115,2549,56,0,0,1,8,4,2.79,0
user4586,529,2658,153,0,1,0,8,4,0.2,0
user4587,5646,3422,292,0,0,0,8,4,1.65,0
user4588,6368,75,38,0,0,1,8,4,84.91,0
user4589,6622,4804,338,0,1,1,8,4,1.38,0
user4590,1370,2178,293,1,1,0,8,4,0.63,0
user4591,1742,3216,229,0,1,1,8,4,0.54,0
user4592,3334,732,248,1,0,0,8,4,4.55,0
user4593,2123,249,422,0,1,0,8,4,8.53,0
user4594,1351,3821,71,0,1,0,8,4,0.35,0
user4595,6656,296,280,1,0,0,8,4,22.49,0
user4596,5966,1806,428,0,1,1,8,4,3.3,0
user4597,6359,1083,400,1,0,0,8,4,5.87,0
user4598,9056,2944,407,1,1,0,8,4,3.08,0
user4599,5882,1449,204,1,1,0,8,4,4.06,0
user4600,7437,4386,94,1,0,1,8,4,1.7,0
user4601,7950,14,1,0,0,1,8,4,567.86,0
user4602,6608,175,2,0,0,1,8,4,37.76,0
user4603,7770,174,144,1,1,0,8,4,44.66,0
user4604,7450,3913,398,0,1,1,8,4,1.9,0
user4605,8112,4237,274,1,0,0,8,4,1.91,0
user4606,9904,4780,111,1,0,0,8,4,2.07,0
user4607,7958,1370,149,0,0,1,8,4,5.81,0
user4608,3915,1591,141,0,0,1,8,4,2.46,0
user4609,9797,594,448,1,0,1,8,4,16.49,0
user4610,9109,4833,19,0,0,0,8,4,1.88,0
user4611,7481,3811,116,1,0,0,8,4,1.96,0
user4612,5291,971,14,1,1,1,8,4,5.45,0
user4613,1067,100,149,1,0,1,8,4,10.67,0
user4614,5034,4443,464,0,0,0,8,4,1.13,0
user4615,8167,4625,373,1,1,0,8,4,1.77,0
user4616,3325,518,458,1,0,1,8,4,6.42,0
user4617,4284,1055,290,1,1,0,8,4,4.06,0
user4618,6068,4411,371,1,1,0,8,4,1.38,0
user4619,7760,580,208,0,1,0,8,4,13.38,0
user4620,763,1162,416,1,0,1,8,4,0.66,0
user4621,8915,648,329,1,0,1,8,4,13.76,0
user4622,6300,2618,70,1,1,0,8,4,2.41,0
user4623,2935,684,409,1,0,0,8,4,4.29,0
user4624,8812,2222,372,0,1,1,8,4,3.97,0
user4625,3674,1263,158,1,1,1,8,4,2.91,0
user4626,3585,104,394,0,0,1,8,4,34.47,0
user4627,6985,1697,430,0,1,1,8,4,4.12,0
user4628,8380,2272,372,1,0,0,8,4,3.69,0
user4629,8743,3445,64,0,0,1,8,4,2.54,0
user4630,2564,2778,446,0,0,1,8,4,0.92,0
user4631,2364,2260,363,0,1,0,8,4,1.05,0
user4632,1937,603,24,1,0,0,8,4,3.21,0
user4633,7424,81,111,1,1,1,8,4,91.65,0
user4634,1688,4236,14,1,1,1,8,4,0.4,0
user4635,902,4717,260,1,1,0,8,4,0.19,0
user4636,2165,33,443,1,1,1,8,4,65.61,0
user4637,9598,2110,4,0,1,1,8,4,4.55,0
user4638,4718,1986,290,1,1,0,8,4,2.38,0
user4639,6138,1486,435,1,1,0,8,4,4.13,0
user4640,3681,2191,402,1,0,1,8,4,1.68,0
user4641,4031,4245,242,0,0,0,8,4,0.95,0
user4642,6182,2954,314,1,0,1,8,4,2.09,0
user4643,3558,2968,244,1,0,0,8,4,1.2,0
user4644,349,4372,439,0,0,0,8,4,0.08,1
user4645,3595,3715,339,1,0,1,8,4,0.97,0
user4646,4712,4346,116,0,0,1,8,4,1.08,0
user4647,3983,2935,76,1,1,0,8,4,1.36,0
user4648,1988,3001,42,1,0,1,8,4,0.66,0
user4649,8102,4081,484,0,0,0,8,4,1.99,0
user4650,5027,1914,390,1,1,1,8,4,2.63,0
user4651,4063,3840,239,1,0,1,8,4,1.06,0
user4652,3144,268,71,1,1,1,8,4,11.73,0
user4653,1722,904,227,0,0,0,8,4,1.9,0
user4654,8608,3683,299,1,0,1,8,4,2.34,0
user4655,4967,2972,85,0,1,1,8,4,1.67,0
user4656,5726,474,437,0,1,0,8,4,12.08,0
user4657,1252,4727,63,1,1,1,8,4,0.26,0
user4658,7081,2157,319,1,1,1,8,4,3.28,0
user4659,6070,4981,400,1,0,1,8,4,1.22,0
user4660,6610,2809,293,1,1,0,8,4,2.35,0
user4661,4186,666,6,1,0,0,8,4,6.29,0
user4662,6345,4732,414,0,0,1,8,4,1.34,0
user4663,192,1158,58,1,1,1,8,4,0.17,0
user4664,7083,2450,241,0,0,0,8,4,2.89,0
user4665,8587,2309,251,0,1,1,8,4,3.72,0
user4666,5710,4730,325,0,0,0,8,4,1.21,0
user4667,3975,939,186,1,0,1,8,4,4.23,0
user4668,4028,2772,364,1,1,0,8,4,1.45,0
user4669,546,1607,164,1,0,1,8,4,0.34,0
user4670,7317,906,295,0,0,0,8,4,8.08,0
user4671,5535,650,165,1,0,1,8,4,8.52,0
user4672,3877,2087,441,0,0,0,8,4,1.86,0
user4673,7595,2509,329,0,1,0,8,4,3.03,0
user4674,915,2768,117,0,0,0,8,4,0.33,0
user4675,2785,3567,245,0,0,1,8,4,0.78,0
user4676,3293,4534,93,1,1,0,8,4,0.73,0
user4677,634,1331,194,0,0,1,8,4,0.48,0
user4678,4501,256,307,0,1,0,8,4,17.58,0
user4679,9332,4621,304,1,1,0,8,4,2.02,0
user4680,7113,3651,232,0,1,1,8,4,1.95,0
user4681,3511,523,252,1,1,1,8,4,6.71,0
user4682,4519,4494,3,1,1,0,8,4,1.01,0
user4683,1673,1517,211,1,1,1,8,4,1.1,0
user4684,5317,601,198,1,1,0,8,4,8.85,0
user4685,406,3916,420,1,1,0,8,4,0.1,0
user4686,4661,239,73,0,1,0,8,4,19.5,0
user4687,8308,4209,357,1,0,0,8,4,1.97,0
user4688,4996,265,337,1,0,0,8,4,18.85,0
user4689,7793,3818,201,1,0,0,8,4,2.04,0
user4690,5766,15,232,1,0,0,8,4,384.4,0
user4691,7259,1185,343,0,0,1,8,4,6.13,0
user4692,1386,3380,374,0,1,1,8,4,0.41,0
user4693,6694,3955,73,1,1,1,8,4,1.69,0
user4694,4670,798,16,1,1,1,8,4,5.85,0
user4695,4822,1902,254,1,1,1,8,4,2.54,0
user4696,6853,1694,130,1,1,0,8,4,4.05,0
user4697,3739,4760,33,0,1,0,8,4,0.79,0
user4698,2425,3669,405,0,1,0,8,4,0.66,0
user4699,6982,1279,426,1,1,1,8,4,5.46,0
user4700,4480,4342,138,1,1,1,8,4,1.03,0
user4701,9667,1964,196,1,1,1,8,4,4.92,0
user4702,5831,839,131,1,0,1,8,4,6.95,0
user4703,3431,1967,100,0,1,1,8,4,1.74,0
user4704,2041,662,88,0,0,0,8,4,3.08,0
user4705,9221,2169,30,0,0,1,8,4,4.25,0
user4706,4647,693,125,0,0,0,8,4,6.71,0
user4707,1741,3989,128,1,0,0,8,4,0.44,0
user4708,3383,2117,248,1,0,0,8,4,1.6,0
user4709,875,1244,306,0,1,1,8,4,0.7,0
user4710,9618,785,418,1,1,1,8,4,12.25,0
user4711,3822,2888,250,1,1,0,8,4,1.32,0
user4712,4350,2469,180,0,1,0,8,4,1.76,0
user4713,9235,3827,127,1,1,0,8,4,2.41,0
user4714,3882,233,37,0,1,1,8,4,16.66,0
user4715,5142,1019,53,1,0,1,8,4,5.05,0
user4716,6216,2360,55,1,0,1,8,4,2.63,0
user4717,8449,3985,321,1,1,1,8,4,2.12,0
user4718,9167,546,436,1,1,1,8,4,16.79,0
user4719,3257,2467,148,1,1,0,8,4,1.32,0
user4720,3752,4714,87,1,0,1,8,4,0.8,0
user4721,5710,2587,155,1,0,0,8,4,2.21,0
user4722,5631,2845,24,0,1,1,8,4,1.98,0
user4723,5847,419,458,1,1,1,8,4,13.95,0
user4724,385,2516,344,0,0,1,8,4,0.15,0
user4725,8323,3431,483,1,1,0,8,4,2.43,0
user4726,6088,3001,396,0,1,1,8,4,2.03,0
user4727,6191,1133,303,1,1,0,8,4,5.46,0
user4728,990,272,376,1,1,1,8,4,3.64,0
user4729,6032,4031,225,0,0,1,8,4,1.5,0
user4730,5321,2297,0,1,1,1,8,4,2.32,0
user4731,4226,3571,439,1,1,1,8,4,1.18,0
user4732,8284,2996,252,0,1,1,8,4,2.77,0
user4733,2592,79,414,0,0,0,8,4,32.81,0
user4734,4133,1428,311,1,1,0,8,4,2.89,0
user4735,5391,4929,437,0,1,1,8,4,1.09,0
user4736,8679,1847,193,0,0,0,8,4,4.7,0
user4737,8972,2067,220,1,1,1,8,4,4.34,0
user4738,163,1591,288,1,1,1,8,4,0.1,0
user4739,3478,2755,75,0,1,1,8,4,1.26,0
user4740,1048,3034,147,1,0,1,8,4,0.35,0
user4741,1693,3438,165,0,1,1,8,4,0.49,0
user4742,8065,3387,201,1,1,0,8,4,2.38,0
user4743,8598,904,362,1,1,1,8,4,9.51,0
user4744,3622,1476,204,0,1,1,8,4,2.45,0
user4745,5810,1519,31,0,0,0,8,4,3.82,0
user4746,4079,3877,233,1,1,0,8,4,1.05,0
user4747,4640,228,62,1,0,0,8,4,20.35,0
user4748,662,3233,22,1,1,1,8,4,0.2,0
user4749,3136,2690,226,1,0,1,8,4,1.17,0
user4750,1289,3117,395,0,1,1,8,4,0.41,0
user4751,2329,3475,435,0,0,0,8,4,0.67,0
user4752,3546,4903,17,0,0,0,8,4,0.72,0
user4753,4202,2541,449,1,0,0,8,4,1.65,0
user4754,3661,1191,351,0,0,0,8,4,3.07,0
user4755,4628,4615,143,1,1,0,8,4,1.0,0
user4756,3469,4918,65,1,1,0,8,4,0.71,0
user4757,2318,2561,431,0,1,1,8,4,0.91,0
user4758,7920,2002,335,1,1,1,8,4,3.96,0
user4759,5669,1073,429,1,0,1,8,4,5.28,0
user4760,6660,37,211,1,0,0,8,4,180.0,0
user4761,7298,2436,463,0,0,0,8,4,3.0,0
user4762,6586,2570,455,0,1,0,8,4,2.56,0
user4763,7359,4961,43,1,1,0,8,4,1.48,0
user4764,7358,3211,217,0,1,0,8,4,2.29,0
user4765,1233,4242,200,1,0,1,8,4,0.29,0
user4766,8991,1448,370,1,0,1,8,4,6.21,0
user4767,5706,639,120,1,0,0,8,4,8.93,0
user4768,3997,1922,458,0,1,0,8,4,2.08,0
user4769,9257,1253,442,0,1,1,8,4,7.39,0
user4770,7115,4522,483,1,1,1,8,4,1.57,0
user4771,1897,3321,263,1,1,1,8,4,0.57,0
user4772,8372,1794,300,1,1,0,8,4,4.67,0
user4773,1830,4422,238,0,1,1,8,4,0.41,0
user4774,716,999,12,0,0,0,8,4,0.72,0
user4775,1304,2281,174,1,0,0,8,4,0.57,0
user4776,3652,4246,247,0,1,1,8,4,0.86,0
user4777,6506,2050,331,1,0,0,8,4,3.17,0
user4778,9924,1147,16,0,0,1,8,4,8.65,0
user4779,7538,3865,222,0,0,0,8,4,1.95,0
user4780,5974,2268,6,1,1,1,8,4,2.63,0
user4781,1077,1302,66,1,1,0,8,4,0.83,0
user4782,1632,1296,345,1,1,1,8,4,1.26,0
user4783,4402,1730,412,0,0,1,8,4,2.54,0
user4784,8784,3187,118,1,1,1,8,4,2.76,0
user4785,6521,763,477,1,1,1,8,4,8.55,0
user4786,4859,2161,398,0,0,1,8,4,2.25,0
user4787,1836,1059,66,1,1,0,8,4,1.73,0
user4788,8655,88,371,0,0,0,8,4,98.35,0
user4789,4799,1587,67,1,1,1,8,4,3.02,0
user4790,6730,2714,471,1,0,1,8,4,2.48,0
user4791,5939,1940,69,1,1,1,8,4,3.06,0
user4792,1309,1784,200,1,1,0,8,4,0.73,0
user4793,2741,4807,484,1,0,1,8,4,0.57,0
user4794,7693,2382,460,0,1,0,8,4,3.23,0
user4795,8879,1147,420,1,1,1,8,4,7.74,0
user4796,4054,3755,77,1,0,1,8,4,1.08,0
user4797,1515,902,82,1,1,0,8,4,1.68,0
user4798,3626,1337,286,0,1,0,8,4,2.71,0
user4799,6879,4825,125,0,1,1,8,4,1.43,0
user4800,3073,995,174,0,0,0,8,4,3.09,0
user4801,143,4,83,0,1,1,8,4,35.75,0
user4802,3824,2685,400,1,1,0,8,4,1.42,0
user4803,6434,3976,163,1,1,0,8,4,1.62,0
user4804,4630,1406,403,0,0,1,8,4,3.29,0
user4805,3856,91,254,0,0,1,8,4,42.37,0
user4806,5513,2584,295,1,0,0,8,4,2.13,0
user4807,9894,1084,478,1,0,0,8,4,9.13,0
user4808,1106,4968,237,0,0,0,8,4,0.22,0
user4809,1150,2095,337,0,1,1,8,4,0.55,0
user4810,29,4029,321,1,0,1,8,4,0.01,0
user4811,1764,4255,305,1,0,1,8,4,0.41,0
user4812,534,840,259,0,0,0,8,4,0.64,0
user4813,370,2790,249,1,0,0,8,4,0.13,0
user4814,4622,3685,58,1,0,1,8,4,1.25,0
user4815,1444,4561,337,0,0,1,8,4,0.32,0
user4816,3312,4073,175,0,0,0,8,4,0.81,0
user4817,1099,2497,397,1,0,1,8,4,0.44,0
user4818,8317,699,452,0,0,0,8,4,11.9,0
user4819,7642,1175,240,1,1,0,8,4,6.5,0
user4820,2660,926,38,1,0,0,8,4,2.87,0
user4821,5435,799,209,1,0,1,8,4,6.8,0
user4822,1724,244,498,1,0,1,8,4,7.07,0
user4823,8363,987,180,0,0,0,8,4,8.47,0
user4824,9921,240,142,0,1,1,8,4,41.34,0
user4825,692,2245,496,1,0,1,8,4,0.31,0
user4826,3816,329,377,1,1,0,8,4,11.6,0
user4827,5420,2274,216,0,1,0,8,4,2.38,0
user4828,3889,1612,79,0,1,1,8,4,2.41,0
user4829,8386,3908,122,0,0,0,8,4,2.15,0
user4830,5274,2075,57,0,0,0,8,4,2.54,0
user4831,4588,3028,126,0,1,1,8,4,1.52,0
user4832,9333,2271,193,1,1,0,8,4,4.11,0
user4833,874,2339,194,1,0,0,8,4,0.37,0
user4834,783,3385,285,0,1,0,8,4,0.23,0
user4835,6466,3086,191,1,1,0,8,4,2.1,0
user4836,9228,896,99,1,0,0,8,4,10.3,0
user4837,4141,3992,351,0,1,1,8,4,1.04,0
user4838,2745,4649,61,1,1,1,8,4,0.59,0
user4839,853,2515,375,0,1,0,8,4,0.34,0
user4840,3573,4033,365,0,0,1,8,4,0.89,0
user4841,7365,3977,350,1,0,0,8,4,1.85,0
user4842,5564,2222,338,1,0,1,8,4,2.5,0
user4843,4332,120,33,1,0,1,8,4,36.1,0
user4844,8636,880,372,0,1,1,8,4,9.81,0
user4845,7916,1176,371,0,0,0,8,4,6.73,0
user4846,9609,2658,449,1,0,1,8,4,3.62,0
user4847,8057,4930,186,0,1,0,8,4,1.63,0
user4848,3481,3928,492,0,0,0,8,4,0.89,0
user4849,9419,2865,361,1,0,0,8,4,3.29,0
user4850,869,233,279,0,1,1,8,4,3.73,0
user4851,6493,650,106,0,0,0,8,4,9.99,0
user4852,4393,2885,461,0,1,0,8,4,1.52,0
user4853,3254,4446,130,1,1,0,8,4,0.73,0
user4854,7002,3016,168,1,0,0,8,4,2.32,0
user4855,2547,4558,81,1,0,0,8,4,0.56,0
user4856,5100,4897,41,1,1,0,8,4,1.04,0
user4857,4257,1810,333,1,0,1,8,4,2.35,0
user4858,1040,660,477,1,1,0,8,4,1.58,0
user4859,602,1625,322,1,1,1,8,4,0.37,0
user4860,7222,240,150,0,0,0,8,4,30.09,0
user4861,6072,2774,101,1,1,1,8,4,2.19,0
user4862,2807,2017,462,0,1,1,8,4,1.39,0
user4863,3056,4183,209,0,0,0,8,4,0.73,0
user4864,3059,2006,272,0,0,1,8,4,1.52,0
user4865,8458,2186,151,1,1,0,8,4,3.87,0
user4866,2855,3158,52,0,1,0,8,4,0.9,0
user4867,879,4857,275,0,0,0,8,4,0.18,0
user4868,7932,1940,169,0,0,0,8,4,4.09,0
user4869,2139,2522,95,0,1,0,8,4,0.85,0
user4870,7679,1652,225,1,1,1,8,4,4.65,0
user4871,126,4529,370,1,1,1,8,4,0.03,0
user4872,1614,2980,241,0,0,1,8,4,0.54,0
user4873,7915,2735,140,0,1,1,8,4,2.89,0
user4874,6866,635,68,0,0,1,8,4,10.81,0
user4875,3805,746,380,0,0,1,8,4,5.1,0
user4876,9965,1936,384,0,0,1,8,4,5.15,0
user4877,8560,2285,24,0,1,0,8,4,3.75,0
user4878,326,4239,9,1,1,1,8,4,0.08,0
user4879,1397,4371,29,0,0,0,8,4,0.32,0
user4880,2081,4667,222,0,0,1,8,4,0.45,0
user4881,5803,1773,25,1,0,0,8,4,3.27,0
user4882,4968,4165,23,1,1,0,8,4,1.19,0
user4883,2763,597,421,1,1,1,8,4,4.63,0
user4884,7904,4331,129,1,0,1,8,4,1.82,0
user4885,6192,2303,390,0,1,1,8,4,2.69,0
user4886,4597,1479,289,0,1,1,8,4,3.11,0
user4887,2992,1455,279,1,0,1,8,4,2.06,0
user4888,5094,1172,80,0,0,0,8,4,4.35,0
user4889,4534,2292,46,1,0,0,8,4,1.98,0
user4890,8088,3533,473,1,0,0,8,4,2.29,0
user4891,3584,4049,446,1,1,0,8,4,0.89,0
user4892,5916,3616,430,1,0,0,8,4,1.64,0
user4893,1383,50,437,1,0,1,8,4,27.66,0
user4894,294,1570,109,0,1,0,8,4,0.19,0
user4895,3343,1490,379,1,0,0,8,4,2.24,0
user4896,5786,3509,110,0,0,1,8,4,1.65,0
user4897,258,573,4,1,0,0,8,4,0.45,0
user4898,9386,3405,372,0,0,1,8,4,2.76,0
user4899,7543,2724,55,0,0,0,8,4,2.77,0
user4900,1117,2195,268,1,0,1,8,4,0.51,0
user4901,2977,3883,214,0,0,0,8,4,0.77,0
user4902,1857,4334,178,1,1,1,8,4,0.43,0
user4903,3484,3917,102,0,1,1,8,4,0.89,0
user4904,9976,4893,4,1,1,0,8,4,2.04,0
user4905,1923,4835,343,1,0,1,8,4,0.4,0
user4906,8671,4623,309,1,0,1,8,4,1.88,0
user4907,7042,3708,405,0,1,0,8,4,1.9,0
user4908,3088,2755,46,0,0,1,8,4,1.12,0
user4909,9793,1417,211,1,1,0,8,4,6.91,0
user4910,8613,3810,358,1,1,1,8,4,2.26,0
user4911,4825,3600,301,1,0,0,8,4,1.34,0
user4912,2145,2394,194,1,0,1,8,4,0.9,0
user4913,4824,1207,468,1,0,0,8,4,4.0,0
user4914,3645,4543,306,0,1,0,8,4,0.8,0
user4915,1361,3626,134,0,1,1,8,4,0.38,0
user4916,7150,1761,235,0,1,1,8,4,4.06,0
user4917,4598,151,341,0,0,0,8,4,30.45,0
user4918,2487,3006,421,0,0,0,8,4,0.83,0
user4919,6367,831,385,0,0,1,8,4,7.66,0
user4920,9736,1483,364,0,1,0,8,4,6.57,0
user4921,8740,4300,189,1,1,1,8,4,2.03,0
user4922,5010,2047,311,0,1,1,8,4,2.45,0
user4923,5070,3848,97,1,1,0,8,4,1.32,0
user4924,8416,4575,491,1,0,0,8,4,1.84,0
user4925,8357,783,142,0,0,0,8,4,10.67,0
user4926,4048,3146,10,1,1,0,8,4,1.29,0
user4927,5707,4033,155,1,1,1,8,4,1.42,0
user4928,1651,1941,206,1,0,0,8,4,0.85,0
user4929,5058,3932,232,0,0,0,8,4,1.29,0
user4930,6938,1338,53,0,0,1,8,4,5.19,0
user4931,8217,696,5,0,0,0,8,4,11.81,0
user4932,8799,3597,41,1,1,0,8,4,2.45,0
user4933,9720,1615,166,0,0,1,8,4,6.02,0
user4934,139,952,225,0,1,0,8,4,0.15,0
user4935,5620,3404,459,1,0,1,8,4,1.65,0
user4936,1491,2069,417,1,0,1,8,4,0.72,0
user4937,6845,3671,12,0,0,1,8,4,1.86,0
user4938,9684,3025,90,1,0,0,8,4,3.2,0
user4939,4385,1729,197,1,0,0,8,4,2.54,0
user4940,4,325,372,0,0,0,8,4,0.01,1
user4941,8815,1073,354,1,0,1,8,4,8.22,0
user4942,9350,510,267,1,1,1,8,4,18.33,0
user4943,7121,3444,271,1,0,1,8,4,2.07,0
user4944,6999,4102,82,0,1,0,8,4,1.71,0
user4945,9005,2879,341,1,1,1,8,4,3.13,0
user4946,8834,4048,499,0,0,0,8,4,2.18,0
user4947,3194,3598,172,1,1,0,8,4,0.89,0
user4948,5997,3304,428,0,1,0,8,4,1.82,0
user4949,4353,2252,29,0,1,0,8,4,1.93,0
user4950,4295,1426,75,1,0,1,8,4,3.01,0
user4951,5050,3412,270,1,0,0,8,4,1.48,0
user4952,2469,657,452,1,1,0,8,4,3.76,0
user4953,6585,263,54,1,1,1,8,4,25.04,0
user4954,5238,1938,169,0,0,1,8,4,2.7,0
user4955,2439,3401,24,1,1,0,8,4,0.72,0
user4956,1511,4439,372,0,1,1,8,4,0.34,0
user4957,1260,3399,14,0,0,1,8,4,0.37,0
user4958,4831,2034,262,1,0,1,8,4,2.38,0
user4959,1929,3878,109,1,0,0,8,4,0.5,0
user4960,8386,1561,447,1,0,1,8,4,5.37,0
user4961,7602,3477,314,1,0,0,8,4,2.19,0
user4962,5903,3713,0,1,0,1,8,4,1.59,0
user4963,6403,2131,290,0,1,0,8,4,3.0,0
user4964,5645,451,290,1,0,1,8,4,12.52,0
user4965,2704,178,192,0,1,1,8,4,15.19,0
user4966,1385,4603,435,1,1,1,8,4,0.3,0
user4967,1203,1169,270,1,1,0,8,4,1.03,0
user4968,2276,3233,391,1,0,1,8,4,0.7,0
user4969,3485,2097,222,1,0,0,8,4,1.66,0
user4970,4820,1699,329,1,0,0,8,4,2.84,0
user4971,6921,2567,416,1,1,1,8,4,2.7,0
user4972,9172,3910,324,0,0,1,8,4,2.35,0
user4973,5367,3252,259,1,0,1,8,4,1.65,0
user4974,3313,1674,269,0,0,0,8,4,1.98,0
user4975,942,3336,201,0,1,0,8,4,0.28,0
user4976,5800,4166,388,0,0,0,8,4,1.39,0
user4977,5257,2117,166,1,1,1,8,4,2.48,0
user4978,9003,4445,18,1,0,1,8,4,2.03,0
user4979,6243,2589,292,1,0,1,8,4,2.41,0
user4980,9244,4395,381,0,0,0,8,4,2.1,0
user4981,8187,4035,476,0,1,0,8,4,2.03,0
user4982,5660,4727,13,0,0,1,8,4,1.2,0
user4983,140,4914,254,1,0,1,8,4,0.03,0
user4984,1619,2102,240,1,1,0,8,4,0.77,0
user4985,6526,749,162,1,1,1,8,4,8.71,0
user4986,5366,455,218,1,0,0,8,4,11.79,0
user4987,5993,527,440,1,1,0,8,4,11.37,0
user4988,844,2162,488,0,0,1,8,4,0.39,0
user4989,7448,1080,285,1,1,0,8,4,6.9,0
user4990,3517,4931,431,1,0,1,8,4,0.71,0
user4991,186,4404,290,0,0,1,8,4,0.04,0
user4992,1386,3913,5,1,0,0,8,4,0.35,0
user4993,8921,1282,492,0,1,0,8,4,6.96,0
user4994,363,1237,450,0,1,0,8,4,0.29,0
user4995,5814,4277,190,0,1,0,8,4,1.36,0
user4996,8564,4238,372,0,1,1,8,4,2.02,0
user4997,388,4539,350,1,0,1,8,4,0.09,0
user4998,3834,222,9,0,1,0,8,4,17.27,0
user4999,2949,1330,466,1,0,1,8,4,2.22,0
